engine_id,sensor,age_window,variance
1,setting_1,1,5.491868421052632e-06
1,setting_1,2,3.610058479532163e-06
1,setting_1,3,3.2424561403508783e-06
1,setting_1,4,2.2283040935672514e-06
1,setting_1,5,4.0439766081871346e-06
1,setting_1,6,1.9802339181286547e-06
1,setting_1,7,4.24485380116959e-06
1,setting_1,8,3.752631578947368e-06
1,setting_1,9,2.2595321637426904e-06
1,setting_1,10,5.444315789473685e-06
1,setting_2,1,6.765789473684211e-08
1,setting_2,2,7.912280701754387e-08
1,setting_2,3,8.444444444444444e-08
1,setting_2,4,9.45029239766082e-08
1,setting_2,5,8.783625730994152e-08
1,setting_2,6,7.245614035087718e-08
1,setting_2,7,8.251461988304094e-08
1,setting_2,8,8.35672514619883e-08
1,setting_2,9,8.116959064327486e-08
1,setting_2,10,6.555263157894737e-08
1,setting_3,1,0.0
1,setting_3,2,0.0
1,setting_3,3,0.0
1,setting_3,4,0.0
1,setting_3,5,0.0
1,setting_3,6,0.0
1,setting_3,7,0.0
1,setting_3,8,0.0
1,setting_3,9,0.0
1,setting_3,10,0.0
1,sensor_1,1,0.0
1,sensor_1,2,0.0
1,sensor_1,3,0.0
1,sensor_1,4,0.0
1,sensor_1,5,0.0
1,sensor_1,6,0.0
1,sensor_1,7,0.0
1,sensor_1,8,0.0
1,sensor_1,9,0.0
1,sensor_1,10,0.0
1,sensor_2,1,0.12971157894738852
1,sensor_2,2,0.07650350877192959
1,sensor_2,3,0.0801228070175473
1,sensor_2,4,0.047849707602344346
1,sensor_2,5,0.12652748538012876
1,sensor_2,6,0.12402573099416804
1,sensor_2,7,0.10294853801169318
1,sensor_2,8,0.06998304093567682
1,sensor_2,9,0.08365847953215727
1,sensor_2,10,0.18670815789472678
1,sensor_3,1,16.577699736841918
1,sensor_3,2,19.952900000000405
1,sensor_3,3,14.187769005847862
1,sensor_3,4,22.054898245614314
1,sensor_3,5,16.75190409356727
1,sensor_3,6,15.029765497075886
1,sensor_3,7,23.387894152046456
1,sensor_3,8,12.587061988303935
1,sensor_3,9,14.78586900584803
1,sensor_3,10,21.20962736842099
1,sensor_4,1,8.408969473684332
1,sensor_4,2,6.912565497075729
1,sensor_4,3,5.721792982456057
1,sensor_4,4,9.988980116958878
1,sensor_4,5,25.9096146198836
1,sensor_4,6,8.902676608187054
1,sensor_4,7,23.855869005847783
1,sensor_4,8,17.887776608187025
1,sensor_4,9,16.224054385964727
1,sensor_4,10,12.629883157894643
1,sensor_5,1,0.0
1,sensor_5,2,0.0
1,sensor_5,3,0.0
1,sensor_5,4,0.0
1,sensor_5,5,0.0
1,sensor_5,6,0.0
1,sensor_5,7,0.0
1,sensor_5,8,0.0
1,sensor_5,9,0.0
1,sensor_5,10,0.0
1,sensor_6,1,0.0
1,sensor_6,2,0.0
1,sensor_6,3,0.0
1,sensor_6,4,0.0
1,sensor_6,5,0.0
1,sensor_6,6,0.0
1,sensor_6,7,0.0
1,sensor_6,8,0.0
1,sensor_6,9,0.0
1,sensor_6,10,0.0
1,sensor_7,1,0.15821552631578617
1,sensor_7,2,0.14079532163740865
1,sensor_7,3,0.1310210526315705
1,sensor_7,4,0.11452865497074376
1,sensor_7,5,0.14018771929822926
1,sensor_7,6,0.21376666666665947
1,sensor_7,7,0.48933976608186164
1,sensor_7,8,0.26525847953213416
1,sensor_7,9,0.1968210526315771
1,sensor_7,10,0.32693131578949497
1,sensor_8,1,0.0010000000000024512
1,sensor_8,2,0.001145029239760694
1,sensor_8,3,0.00045789473684236477
1,sensor_8,4,0.0008052631579028003
1,sensor_8,5,0.001542690058479297
1,sensor_8,6,0.0007397660818756049
1,sensor_8,7,0.0007877192982446972
1,sensor_8,8,0.0011064327485311289
1,sensor_8,9,0.001481871345036038
1,sensor_8,10,0.0012092105263362706
1,sensor_9,1,18.279468157894776
1,sensor_9,2,24.32893567251524
1,sensor_9,3,25.481306432743466
1,sensor_9,4,20.201094152045872
1,sensor_9,5,11.515924561401421
1,sensor_9,6,8.418892982459475
1,sensor_9,7,15.007698830411815
1,sensor_9,8,22.89943625731011
1,sensor_9,9,23.979243274857804
1,sensor_9,10,18.970883157898324
1,sensor_10,1,0.0
1,sensor_10,2,0.0
1,sensor_10,3,0.0
1,sensor_10,4,0.0
1,sensor_10,5,0.0
1,sensor_10,6,0.0
1,sensor_10,7,0.0
1,sensor_10,8,0.0
1,sensor_10,9,0.0
1,sensor_10,10,0.0
1,sensor_11,1,0.01568000000000011
1,sensor_11,2,0.009091228070175325
1,sensor_11,3,0.016294152046783594
1,sensor_11,4,0.013247368421052567
1,sensor_11,5,0.008556140350877251
1,sensor_11,6,0.015047953216374088
1,sensor_11,7,0.008080701754386075
1,sensor_11,8,0.02204502923976609
1,sensor_11,9,0.015717543859649734
1,sensor_11,10,0.017699736842105303
1,sensor_12,1,0.14662000000002084
1,sensor_12,2,0.08791520467835998
1,sensor_12,3,0.10561345029239545
1,sensor_12,4,0.12769883040936192
1,sensor_12,5,0.07813625730994979
1,sensor_12,6,0.08503976608186949
1,sensor_12,7,0.06369883040935091
1,sensor_12,8,0.12152865497077367
1,sensor_12,9,0.10319122807018276
1,sensor_12,10,0.08582394736843273
1,sensor_13,1,0.0006326315789467236
1,sensor_13,2,0.0009812865497084435
1,sensor_13,3,0.0006321637426917779
1,sensor_13,4,0.0017988304093599073
1,sensor_13,5,0.0011842105263130164
1,sensor_13,6,0.001167251461974315
1,sensor_13,7,0.0012497076023500581
1,sensor_13,8,0.0016432748537864098
1,sensor_13,9,0.0011918128655029221
1,sensor_13,10,0.0021607894737048113
1,sensor_14,1,14.282198684209373
1,sensor_14,2,15.758280701754703
1,sensor_14,3,11.19530994151714
1,sensor_14,4,5.8062152046778035
1,sensor_14,5,4.225392397660606
1,sensor_14,6,7.3774982456141585
1,sensor_14,7,12.575106432748818
1,sensor_14,8,11.102191228071389
1,sensor_14,9,7.968116374267428
1,sensor_14,10,15.840230263156963
1,sensor_15,1,0.00045090576315790426
1,sensor_15,2,0.0002749120467836395
1,sensor_15,3,0.0003855898245614424
1,sensor_15,4,0.0004893591812865412
1,sensor_15,5,0.0005456536842105361
1,sensor_15,6,0.0005566533918128585
1,sensor_15,7,0.0004054426315789432
1,sensor_15,8,0.00027138426900585037
1,sensor_15,9,0.0006001376608186868
1,sensor_15,10,0.00046376378947365557
1,sensor_16,1,0.0
1,sensor_16,2,0.0
1,sensor_16,3,0.0
1,sensor_16,4,0.0
1,sensor_16,5,0.0
1,sensor_16,6,0.0
1,sensor_16,7,0.0
1,sensor_16,8,0.0
1,sensor_16,9,0.0
1,sensor_16,10,0.0
1,sensor_17,1,0.6605263157894651
1,sensor_17,2,0.8888888888888812
1,sensor_17,3,0.4970760233918041
1,sensor_17,4,0.9532163742689987
1,sensor_17,5,1.0233918128654926
1,sensor_17,6,1.3976608187134607
1,sensor_17,7,0.888888888888888
1,sensor_17,8,0.9824561403508958
1,sensor_17,9,0.8888888888888793
1,sensor_17,10,1.5236842105262876
1,sensor_18,1,0.0
1,sensor_18,2,0.0
1,sensor_18,3,0.0
1,sensor_18,4,0.0
1,sensor_18,5,0.0
1,sensor_18,6,0.0
1,sensor_18,7,0.0
1,sensor_18,8,0.0
1,sensor_18,9,0.0
1,sensor_18,10,0.0
1,sensor_19,1,0.0
1,sensor_19,2,0.0
1,sensor_19,3,0.0
1,sensor_19,4,0.0
1,sensor_19,5,0.0
1,sensor_19,6,0.0
1,sensor_19,7,0.0
1,sensor_19,8,0.0
1,sensor_19,9,0.0
1,sensor_19,10,0.0
1,sensor_20,1,0.008722105263157975
1,sensor_20,2,0.011247368421052515
1,sensor_20,3,0.011769590643275197
1,sensor_20,4,0.006342690058479552
1,sensor_20,5,0.008600584795321699
1,sensor_20,6,0.012802923976608099
1,sensor_20,7,0.016949707602339055
1,sensor_20,8,0.011970760233918553
1,sensor_20,9,0.006491228070175578
1,sensor_20,10,0.016601052631579145
1,sensor_21,1,0.002705503684210509
1,sensor_21,2,0.0035816203508771674
1,sensor_21,3,0.003816934678362492
1,sensor_21,4,0.0029712759649122952
1,sensor_21,5,0.0027428656140351206
1,sensor_21,6,0.004194034853801188
1,sensor_21,7,0.002885448947368461
1,sensor_21,8,0.0038745169005847966
1,sensor_21,9,0.003250500526315812
1,sensor_21,10,0.006552112526315847
2,setting_1,1,6.1817733990147795e-06
2,setting_1,2,4.15551724137931e-06
2,setting_1,3,4.1512698412698415e-06
2,setting_1,4,7.266182266009851e-06
2,setting_1,5,2.603226600985221e-06
2,setting_1,6,9.489206349206346e-06
2,setting_1,7,3.7746551724137934e-06
2,setting_1,8,5.773492063492061e-06
2,setting_1,9,5.793522167487684e-06
2,setting_1,10,5.821724137931035e-06
2,setting_2,1,1.263793103448276e-07
2,setting_2,2,1.0327586206896552e-07
2,setting_2,3,4.914021164021164e-08
2,setting_2,4,8.805418719211818e-08
2,setting_2,5,1.0598522167487686e-07
2,setting_2,6,8.99867724867725e-08
2,setting_2,7,7.52463054187192e-08
2,setting_2,8,7.23809523809524e-08
2,setting_2,9,1.0238916256157638e-07
2,setting_2,10,8.564039408866993e-08
2,setting_3,1,0.0
2,setting_3,2,0.0
2,setting_3,3,0.0
2,setting_3,4,0.0
2,setting_3,5,0.0
2,setting_3,6,0.0
2,setting_3,7,0.0
2,setting_3,8,0.0
2,setting_3,9,0.0
2,setting_3,10,0.0
2,sensor_1,1,0.0
2,sensor_1,2,0.0
2,sensor_1,3,0.0
2,sensor_1,4,0.0
2,sensor_1,5,0.0
2,sensor_1,6,0.0
2,sensor_1,7,0.0
2,sensor_1,8,0.0
2,sensor_1,9,0.0
2,sensor_1,10,0.0
2,sensor_2,1,0.07918571428572728
2,sensor_2,2,0.11787487684731972
2,sensor_2,3,0.12876984126986085
2,sensor_2,4,0.044340394088670576
2,sensor_2,5,0.10006477832511415
2,sensor_2,6,0.09132857142857419
2,sensor_2,7,0.08830344827587254
2,sensor_2,8,0.09926917989420599
2,sensor_2,9,0.09952660098521796
2,sensor_2,10,0.1241465517241838
2,sensor_3,1,15.058424384236304
2,sensor_3,2,12.575955172413924
2,sensor_3,3,17.107432142857142
2,sensor_3,4,16.18009704433492
2,sensor_3,5,14.010324384236512
2,sensor_3,6,18.085284126984387
2,sensor_3,7,15.000299507390253
2,sensor_3,8,19.79606666666641
2,sensor_3,9,12.30412413793111
2,sensor_3,10,28.72484630541909
2,sensor_4,1,16.572547044334954
2,sensor_4,2,17.311727832512183
2,sensor_4,3,11.929286772486613
2,sensor_4,4,15.177640147782915
2,sensor_4,5,17.66000369458099
2,sensor_4,6,26.3185291005295
2,sensor_4,7,10.285619458128334
2,sensor_4,8,12.99478134920682
2,sensor_4,9,29.455438669950038
2,sensor_4,10,17.677597290640072
2,sensor_5,1,0.0
2,sensor_5,2,0.0
2,sensor_5,3,0.0
2,sensor_5,4,0.0
2,sensor_5,5,0.0
2,sensor_5,6,0.0
2,sensor_5,7,0.0
2,sensor_5,8,0.0
2,sensor_5,9,0.0
2,sensor_5,10,0.0
2,sensor_6,1,1.4778325123150993e-05
2,sensor_6,2,6.650246305416204e-06
2,sensor_6,3,1.2698412698408414e-05
2,sensor_6,4,9.605911330038587e-06
2,sensor_6,5,9.605911330047087e-06
2,sensor_6,6,3.5714285714269976e-06
2,sensor_6,7,3.4482758620677376e-06
2,sensor_6,8,0.0
2,sensor_6,9,0.0
2,sensor_6,10,0.0
2,sensor_7,1,0.17106182266010106
2,sensor_7,2,0.1402529556650311
2,sensor_7,3,0.17761058201060173
2,sensor_7,4,0.12158054187192122
2,sensor_7,5,0.09895369458127783
2,sensor_7,6,0.13958134920634097
2,sensor_7,7,0.226182758620701
2,sensor_7,8,0.18062380952381807
2,sensor_7,9,0.24078325123158204
2,sensor_7,10,0.2893241379310038
2,sensor_8,1,0.0007293103448306962
2,sensor_8,2,0.0005221674876808997
2,sensor_8,3,0.0011802910052968452
2,sensor_8,4,0.001513793103453258
2,sensor_8,5,0.001483004926109035
2,sensor_8,6,0.000849074074075473
2,sensor_8,7,0.000947044334974858
2,sensor_8,8,0.00118677248678421
2,sensor_8,9,0.0006544334975299446
2,sensor_8,10,0.0015285714285581838
2,sensor_9,1,8.511257142858879
2,sensor_9,2,22.206564778323376
2,sensor_9,3,15.322686772487847
2,sensor_9,4,17.505599261087173
2,sensor_9,5,10.366582758622075
2,sensor_9,6,11.11657394179413
2,sensor_9,7,18.761493349753692
2,sensor_9,8,13.998529100530174
2,sensor_9,9,28.7621751231568
2,sensor_9,10,51.24332561576599
2,sensor_10,1,0.0
2,sensor_10,2,0.0
2,sensor_10,3,0.0
2,sensor_10,4,0.0
2,sensor_10,5,0.0
2,sensor_10,6,0.0
2,sensor_10,7,0.0
2,sensor_10,8,0.0
2,sensor_10,9,0.0
2,sensor_10,10,0.0
2,sensor_11,1,0.006477832512315319
2,sensor_11,2,0.006270689655172337
2,sensor_11,3,0.009936507936507655
2,sensor_11,4,0.007975862068965495
2,sensor_11,5,0.009744827586207011
2,sensor_11,6,0.007023809523809721
2,sensor_11,7,0.015624876847290536
2,sensor_11,8,0.011180291005290973
2,sensor_11,9,0.014376108374384475
2,sensor_11,10,0.021067980295566224
2,sensor_12,1,0.10167339901478172
2,sensor_12,2,0.08005911330049584
2,sensor_12,3,0.12937936507939496
2,sensor_12,4,0.06656625615763512
2,sensor_12,5,0.07428497536945174
2,sensor_12,6,0.06277288359788463
2,sensor_12,7,0.12731502463053976
2,sensor_12,8,0.12303968253968256
2,sensor_12,9,0.1692761083743894
2,sensor_12,10,0.16547512315270999
2,sensor_13,1,0.001779310344822552
2,sensor_13,2,0.0006980295566533797
2,sensor_13,3,0.0016003968253970407
2,sensor_13,4,0.0009837438423694852
2,sensor_13,5,0.0009876847290720572
2,sensor_13,6,0.000873015873019475
2,sensor_13,7,0.0008150246305340125
2,sensor_13,8,0.0011358465608434386
2,sensor_13,9,0.0006470443349581628
2,sensor_13,10,0.0020852216748730623
2,sensor_14,1,9.495555172413889
2,sensor_14,2,7.798819458128049
2,sensor_14,3,5.181955026455405
2,sensor_14,4,8.887670689655542
2,sensor_14,5,11.523252709359095
2,sensor_14,6,15.322054497354088
2,sensor_14,7,10.986512315270787
2,sensor_14,8,12.193792989418435
2,sensor_14,9,15.88291231526812
2,sensor_14,10,33.11149926108277
2,sensor_15,1,0.00024224221674877636
2,sensor_15,2,0.0004283993349753458
2,sensor_15,3,0.00033462052910052386
2,sensor_15,4,0.0002857231280788156
2,sensor_15,5,0.0004107295566502603
2,sensor_15,6,0.0002861648148148213
2,sensor_15,7,0.0003179238177340037
2,sensor_15,8,0.0004531121693121794
2,sensor_15,9,0.0004347883251231629
2,sensor_15,10,0.0004976763793103593
2,sensor_16,1,0.0
2,sensor_16,2,0.0
2,sensor_16,3,0.0
2,sensor_16,4,0.0
2,sensor_16,5,0.0
2,sensor_16,6,0.0
2,sensor_16,7,0.0
2,sensor_16,8,0.0
2,sensor_16,9,0.0
2,sensor_16,10,0.0
2,sensor_17,1,0.6182266009852359
2,sensor_17,2,0.8325123152709414
2,sensor_17,3,0.6243386243386199
2,sensor_17,4,0.9014778325123073
2,sensor_17,5,0.7586206896551599
2,sensor_17,6,1.0370370370370192
2,sensor_17,7,0.8866995073891637
2,sensor_17,8,1.305555555555515
2,sensor_17,9,0.923645320197041
2,sensor_17,10,1.7561576354679684
2,sensor_18,1,0.0
2,sensor_18,2,0.0
2,sensor_18,3,0.0
2,sensor_18,4,0.0
2,sensor_18,5,0.0
2,sensor_18,6,0.0
2,sensor_18,7,0.0
2,sensor_18,8,0.0
2,sensor_18,9,0.0
2,sensor_18,10,0.0
2,sensor_19,1,0.0
2,sensor_19,2,0.0
2,sensor_19,3,0.0
2,sensor_19,4,0.0
2,sensor_19,5,0.0
2,sensor_19,6,0.0
2,sensor_19,7,0.0
2,sensor_19,8,0.0
2,sensor_19,9,0.0
2,sensor_19,10,0.0
2,sensor_20,1,0.00976625615763522
2,sensor_20,2,0.01143054187192148
2,sensor_20,3,0.008017989417989271
2,sensor_20,4,0.012860837438423423
2,sensor_20,5,0.01076798029556643
2,sensor_20,6,0.008543253968253903
2,sensor_20,7,0.010811330049261034
2,sensor_20,8,0.00996243386243412
2,sensor_20,9,0.011367980295566427
2,sensor_20,10,0.017164778325123718
2,sensor_21,1,0.0029944592118227157
2,sensor_21,2,0.0033573882266010016
2,sensor_21,3,0.0036948492460317068
2,sensor_21,4,0.004377137339901512
2,sensor_21,5,0.002906477389162615
2,sensor_21,6,0.0034445225396825727
2,sensor_21,7,0.002279549211822669
2,sensor_21,8,0.0051499143915343555
2,sensor_21,9,0.0031364249507391286
2,sensor_21,10,0.004321829088670147
3,setting_1,1,3.7852614379084972e-06
3,setting_1,2,5.96235294117647e-06
3,setting_1,3,6.345000000000001e-06
3,setting_1,4,4.816470588235295e-06
3,setting_1,5,4.053986928104575e-06
3,setting_1,6,3.7300735294117657e-06
3,setting_1,7,3.6579411764705882e-06
3,setting_1,8,3.911633986928104e-06
3,setting_1,9,4.4124183006535945e-06
3,setting_1,10,4.882516339869281e-06
3,setting_2,1,1.0447712418300651e-07
3,setting_2,2,9.176470588235293e-08
3,setting_2,3,8.5e-08
3,setting_2,4,9.124183006535948e-08
3,setting_2,5,7.986928104575164e-08
3,setting_2,6,8.933823529411765e-08
3,setting_2,7,7.320261437908496e-08
3,setting_2,8,8.69281045751634e-08
3,setting_2,9,7.633986928104575e-08
3,setting_2,10,7.07516339869281e-08
3,setting_3,1,0.0
3,setting_3,2,0.0
3,setting_3,3,0.0
3,setting_3,4,0.0
3,setting_3,5,0.0
3,setting_3,6,0.0
3,setting_3,7,0.0
3,setting_3,8,0.0
3,setting_3,9,0.0
3,setting_3,10,0.0
3,sensor_1,1,0.0
3,sensor_1,2,0.0
3,sensor_1,3,0.0
3,sensor_1,4,0.0
3,sensor_1,5,0.0
3,sensor_1,6,0.0
3,sensor_1,7,0.0
3,sensor_1,8,0.0
3,sensor_1,9,0.0
3,sensor_1,10,0.0
3,sensor_2,1,0.09979084967318841
3,sensor_2,2,0.09788790849673311
3,sensor_2,3,0.09263006535945036
3,sensor_2,4,0.11918300653594187
3,sensor_2,5,0.07928496732027962
3,sensor_2,6,0.0832970588235338
3,sensor_2,7,0.08385882352942614
3,sensor_2,8,0.07644869281045191
3,sensor_2,9,0.13433496732025396
3,sensor_2,10,0.08335588235293373
3,sensor_3,1,12.903988235294896
3,sensor_3,2,9.902312418300678
3,sensor_3,3,13.703858823529528
3,sensor_3,4,18.791176470587892
3,sensor_3,5,23.806611764705046
3,sensor_3,6,14.510700000000188
3,sensor_3,7,12.453057516340134
3,sensor_3,8,20.452715359477132
3,sensor_3,9,12.606193790849813
3,sensor_3,10,16.08914117647087
3,sensor_4,1,13.499053594771336
3,sensor_4,2,14.018838235294039
3,sensor_4,3,15.83082647058851
3,sensor_4,4,18.61581830065411
3,sensor_4,5,13.676716339869142
3,sensor_4,6,19.474536764705896
3,sensor_4,7,14.934520261437605
3,sensor_4,8,20.106477124183403
3,sensor_4,9,20.326629084967493
3,sensor_4,10,33.877300653594965
3,sensor_5,1,0.0
3,sensor_5,2,0.0
3,sensor_5,3,0.0
3,sensor_5,4,0.0
3,sensor_5,5,0.0
3,sensor_5,6,0.0
3,sensor_5,7,0.0
3,sensor_5,8,0.0
3,sensor_5,9,0.0
3,sensor_5,10,0.0
3,sensor_6,1,0.0
3,sensor_6,2,0.0
3,sensor_6,3,5.555555555554684e-06
3,sensor_6,4,0.0
3,sensor_6,5,5.555555555558374e-06
3,sensor_6,6,5.882352941175441e-06
3,sensor_6,7,5.555555555558374e-06
3,sensor_6,8,0.0
3,sensor_6,9,0.0
3,sensor_6,10,0.0
3,sensor_7,1,0.18403398692810966
3,sensor_7,2,0.20014411764705614
3,sensor_7,3,0.12529967320261023
3,sensor_7,4,0.21012026143790952
3,sensor_7,5,0.1751467320261318
3,sensor_7,6,0.20719852941174227
3,sensor_7,7,0.16970882352938355
3,sensor_7,8,0.21727320261435298
3,sensor_7,9,0.14088888888888176
3,sensor_7,10,0.36278823529406246
3,sensor_8,1,0.0007977124183024669
3,sensor_8,2,0.00039771241829967966
3,sensor_8,3,0.0012264705882449967
3,sensor_8,4,0.0007911764705879213
3,sensor_8,5,0.0008016339869312714
3,sensor_8,6,0.0009566176470631367
3,sensor_8,7,0.00028104575163475964
3,sensor_8,8,0.0012183006535938785
3,sensor_8,9,0.000606535947708132
3,sensor_8,10,0.0015977124182993583
3,sensor_9,1,15.416508823530464
3,sensor_9,2,17.15255457516735
3,sensor_9,3,16.89988529411687
3,sensor_9,4,17.03973888888874
3,sensor_9,5,15.045320261439244
3,sensor_9,6,19.10077500000559
3,sensor_9,7,33.2666928104695
3,sensor_9,8,40.42444477124719
3,sensor_9,9,134.497294117648
3,sensor_9,10,357.6778212418272
3,sensor_10,1,0.0
3,sensor_10,2,0.0
3,sensor_10,3,0.0
3,sensor_10,4,0.0
3,sensor_10,5,0.0
3,sensor_10,6,0.0
3,sensor_10,7,0.0
3,sensor_10,8,0.0
3,sensor_10,9,0.0
3,sensor_10,10,0.0
3,sensor_11,1,0.015429084967320225
3,sensor_11,2,0.004564705882352692
3,sensor_11,3,0.0143437908496729
3,sensor_11,4,0.008752941176470443
3,sensor_11,5,0.011597712418300302
3,sensor_11,6,0.0035132352941174907
3,sensor_11,7,0.009894117647058678
3,sensor_11,8,0.010894117647059103
3,sensor_11,9,0.012045751633985706
3,sensor_11,10,0.037390849673202935
3,sensor_12,1,0.05609673202613981
3,sensor_12,2,0.08449673202613356
3,sensor_12,3,0.08883823529410781
3,sensor_12,4,0.076327124183002
3,sensor_12,5,0.17306928104575045
3,sensor_12,6,0.09958455882353427
3,sensor_12,7,0.10299477124181027
3,sensor_12,8,0.1047035947712292
3,sensor_12,9,0.06437516339867547
3,sensor_12,10,0.2463035947712554
3,sensor_13,1,0.001210457516347489
3,sensor_13,2,0.0010967320261530483
3,sensor_13,3,0.0008526143790881066
3,sensor_13,4,0.001014705882359103
3,sensor_13,5,0.0012722222222271648
3,sensor_13,6,0.0008066176470669625
3,sensor_13,7,0.0007584967320259679
3,sensor_13,8,0.001002614379089307
3,sensor_13,9,0.0017232026143828637
3,sensor_13,10,0.0015673202614294608
3,sensor_14,1,7.565447058823514
3,sensor_14,2,16.21880163398679
3,sensor_14,3,10.889884967319414
3,sensor_14,4,14.076670588234792
3,sensor_14,5,6.936473529408821
3,sensor_14,6,20.041751470588572
3,sensor_14,7,30.789638235295328
3,sensor_14,8,34.14161732026755
3,sensor_14,9,72.45013235295376
3,sensor_14,10,247.1474143791013
3,sensor_15,1,0.00036625232026143853
3,sensor_15,2,0.00032016470588234515
3,sensor_15,3,0.00041211411764706466
3,sensor_15,4,0.00030109398692811177
3,sensor_15,5,0.00023700094771241399
3,sensor_15,6,0.0003644149264705991
3,sensor_15,7,0.00033778470588233126
3,sensor_15,8,0.00032543114379085655
3,sensor_15,9,0.0004998791176470437
3,sensor_15,10,0.0004605935947712533
3,sensor_16,1,0.0
3,sensor_16,2,0.0
3,sensor_16,3,0.0
3,sensor_16,4,0.0
3,sensor_16,5,0.0
3,sensor_16,6,0.0
3,sensor_16,7,0.0
3,sensor_16,8,0.0
3,sensor_16,9,0.0
3,sensor_16,10,0.0
3,sensor_17,1,1.2026143790849824
3,sensor_17,2,0.5359477124182979
3,sensor_17,3,0.8104575163398615
3,sensor_17,4,0.941176470588261
3,sensor_17,5,1.0065359477124147
3,sensor_17,6,0.6249999999999991
3,sensor_17,7,0.9411764705882488
3,sensor_17,8,0.6143790849673237
3,sensor_17,9,1.529411764705833
3,sensor_17,10,2.0163398692809853
3,sensor_18,1,0.0
3,sensor_18,2,0.0
3,sensor_18,3,0.0
3,sensor_18,4,0.0
3,sensor_18,5,0.0
3,sensor_18,6,0.0
3,sensor_18,7,0.0
3,sensor_18,8,0.0
3,sensor_18,9,0.0
3,sensor_18,10,0.0
3,sensor_19,1,0.0
3,sensor_19,2,0.0
3,sensor_19,3,0.0
3,sensor_19,4,0.0
3,sensor_19,5,0.0
3,sensor_19,6,0.0
3,sensor_19,7,0.0
3,sensor_19,8,0.0
3,sensor_19,9,0.0
3,sensor_19,10,0.0
3,sensor_20,1,0.008687908496732328
3,sensor_20,2,0.009555555555555597
3,sensor_20,3,0.015979084967320558
3,sensor_20,4,0.011105882352941146
3,sensor_20,5,0.00829281045751647
3,sensor_20,6,0.009472058823529654
3,sensor_20,7,0.009955555555555507
3,sensor_20,8,0.005413398692810444
3,sensor_20,9,0.010727124183006089
3,sensor_20,10,0.015979084967320367
3,sensor_21,1,0.003424865359477201
3,sensor_21,2,0.001994930588235292
3,sensor_21,3,0.0022992860457515573
3,sensor_21,4,0.0028520844771241253
3,sensor_21,5,0.0044315343790849535
3,sensor_21,6,0.003490931911764676
3,sensor_21,7,0.0046427456535947445
3,sensor_21,8,0.002469949411764681
3,sensor_21,9,0.004171835588235502
3,sensor_21,10,0.005451191241830315
4,setting_1,1,5.379181286549708e-06
4,setting_1,2,2.700233918128655e-06
4,setting_1,3,5.128947368421051e-06
4,setting_1,4,5.713391812865497e-06
4,setting_1,5,3.6671929824561408e-06
4,setting_1,6,1.7339869281045747e-06
4,setting_1,7,3.759298245614035e-06
4,setting_1,8,2.622748538011696e-06
4,setting_1,9,6.918713450292398e-06
4,setting_1,10,4.212105263157894e-06
4,setting_2,1,1.2385964912280704e-07
4,setting_2,2,4.8304093567251467e-08
4,setting_2,3,7.760233918128653e-08
4,setting_2,4,6.701754385964911e-08
4,setting_2,5,6.374269005847953e-08
4,setting_2,6,1.0264705882352943e-07
4,setting_2,7,5.6198830409356734e-08
4,setting_2,8,7.941520467836257e-08
4,setting_2,9,7.251461988304093e-08
4,setting_2,10,7.152046783625732e-08
4,setting_3,1,0.0
4,setting_3,2,0.0
4,setting_3,3,0.0
4,setting_3,4,0.0
4,setting_3,5,0.0
4,setting_3,6,0.0
4,setting_3,7,0.0
4,setting_3,8,0.0
4,setting_3,9,0.0
4,setting_3,10,0.0
4,sensor_1,1,0.0
4,sensor_1,2,0.0
4,sensor_1,3,0.0
4,sensor_1,4,0.0
4,sensor_1,5,0.0
4,sensor_1,6,0.0
4,sensor_1,7,0.0
4,sensor_1,8,0.0
4,sensor_1,9,0.0
4,sensor_1,10,0.0
4,sensor_2,1,0.07775964912280682
4,sensor_2,2,0.05262514619882376
4,sensor_2,3,0.10774736842107242
4,sensor_2,4,0.05939532163741738
4,sensor_2,5,0.11899181286549378
4,sensor_2,6,0.09082222222222605
4,sensor_2,7,0.09990526315789847
4,sensor_2,8,0.07503391812866472
4,sensor_2,9,0.0680099415204664
4,sensor_2,10,0.17318771929824836
4,sensor_3,1,6.759165497076135
4,sensor_3,2,16.258687134502857
4,sensor_3,3,14.792080116959081
4,sensor_3,4,21.288732163742413
4,sensor_3,5,14.181189473684139
4,sensor_3,6,24.568743790849847
4,sensor_3,7,18.99030292397621
4,sensor_3,8,14.44465906432691
4,sensor_3,9,11.733505263157737
4,sensor_3,10,23.072071929824293
4,sensor_4,1,19.03727192982431
4,sensor_4,2,13.14356549707556
4,sensor_4,3,10.62984853801192
4,sensor_4,4,17.343748538012104
4,sensor_4,5,18.24638713450331
4,sensor_4,6,22.142119281045794
4,sensor_4,7,21.69708128654993
4,sensor_4,8,14.704832163742525
4,sensor_4,9,15.853464912280478
4,sensor_4,10,29.14834795321569
4,sensor_5,1,0.0
4,sensor_5,2,0.0
4,sensor_5,3,0.0
4,sensor_5,4,0.0
4,sensor_5,5,0.0
4,sensor_5,6,0.0
4,sensor_5,7,0.0
4,sensor_5,8,0.0
4,sensor_5,9,0.0
4,sensor_5,10,0.0
4,sensor_6,1,0.0
4,sensor_6,2,0.0
4,sensor_6,3,5.263157894736237e-06
4,sensor_6,4,0.0
4,sensor_6,5,0.0
4,sensor_6,6,0.0
4,sensor_6,7,0.0
4,sensor_6,8,0.0
4,sensor_6,9,0.0
4,sensor_6,10,0.0
4,sensor_7,1,0.273216374269034
4,sensor_7,2,0.18187076023390775
4,sensor_7,3,0.2030672514619644
4,sensor_7,4,0.14055847953215544
4,sensor_7,5,0.1616561403508808
4,sensor_7,6,0.2055624183006829
4,sensor_7,7,0.24297017543858063
4,sensor_7,8,0.11742748538011322
4,sensor_7,9,0.2868450292397491
4,sensor_7,10,0.13826900584794335
4,sensor_8,1,0.0004929824561384766
4,sensor_8,2,0.0008023391812833475
4,sensor_8,3,0.001083040935672966
4,sensor_8,4,0.0008912280701761414
4,sensor_8,5,0.0008590643274889743
4,sensor_8,6,0.0004614379084963237
4,sensor_8,7,0.0007093567251451812
4,sensor_8,8,0.0006830409356731317
4,sensor_8,9,0.0008473684210500677
4,sensor_8,10,0.0006111111111128099
4,sensor_9,1,5.252060818714145
4,sensor_9,2,9.875370175438825
4,sensor_9,3,9.328300000001118
4,sensor_9,4,24.570387134501964
4,sensor_9,5,18.70588011695512
4,sensor_9,6,21.10575294117861
4,sensor_9,7,34.50065555555719
4,sensor_9,8,44.39049298245458
4,sensor_9,9,158.20226959064183
4,sensor_9,10,457.72553742691093
4,sensor_10,1,0.0
4,sensor_10,2,0.0
4,sensor_10,3,0.0
4,sensor_10,4,0.0
4,sensor_10,5,0.0
4,sensor_10,6,0.0
4,sensor_10,7,0.0
4,sensor_10,8,0.0
4,sensor_10,9,0.0
4,sensor_10,10,0.0
4,sensor_11,1,0.00875789473684228
4,sensor_11,2,0.016076608187134377
4,sensor_11,3,0.01279883040935663
4,sensor_11,4,0.007143274853801089
4,sensor_11,5,0.013138596491228286
4,sensor_11,6,0.0067633986928104335
4,sensor_11,7,0.012660818713450133
4,sensor_11,8,0.009833918128655026
4,sensor_11,9,0.015424561403508674
4,sensor_11,10,0.024395321637426064
4,sensor_12,1,0.07777017543859333
4,sensor_12,2,0.06699239766083062
4,sensor_12,3,0.06932046783626156
4,sensor_12,4,0.06302105263159005
4,sensor_12,5,0.08399415204678307
4,sensor_12,6,0.11159477124181644
4,sensor_12,7,0.04380643274854727
4,sensor_12,8,0.08342222222221866
4,sensor_12,9,0.07353742690058238
4,sensor_12,10,0.10684502923972052
4,sensor_13,1,0.0007596491228080171
4,sensor_13,2,0.000802923976609352
4,sensor_13,3,0.0004818713450299998
4,sensor_13,4,0.0011339181286492295
4,sensor_13,5,0.0011543859649097011
4,sensor_13,6,0.0007882352941193426
4,sensor_13,7,0.0006672514619887836
4,sensor_13,8,0.001002923976615139
4,sensor_13,9,0.0015590643274795103
4,sensor_13,10,0.0008274853801061249
4,sensor_14,1,9.896278362573952
4,sensor_14,2,10.374664912281467
4,sensor_14,3,7.613131578946981
4,sensor_14,4,8.873767251458366
4,sensor_14,5,10.287622807017286
4,sensor_14,6,14.730480065356472
4,sensor_14,7,13.435976023390197
4,sensor_14,8,44.597673099419104
4,sensor_14,9,92.37297660819256
4,sensor_14,10,270.9588894736476
4,sensor_15,1,0.00015220953216374134
4,sensor_15,2,0.0003578550877192841
4,sensor_15,3,0.0005949836842105234
4,sensor_15,4,0.0003772080701754477
4,sensor_15,5,0.00028111608187134985
4,sensor_15,6,0.0001499786928104763
4,sensor_15,7,0.00032857842105262327
4,sensor_15,8,0.00046905654970762065
4,sensor_15,9,0.0004175965497076471
4,sensor_15,10,0.0003570909941520297
4,sensor_16,1,0.0
4,sensor_16,2,0.0
4,sensor_16,3,0.0
4,sensor_16,4,0.0
4,sensor_16,5,0.0
4,sensor_16,6,0.0
4,sensor_16,7,0.0
4,sensor_16,8,0.0
4,sensor_16,9,0.0
4,sensor_16,10,0.0
4,sensor_17,1,0.7076023391812922
4,sensor_17,2,1.5438596491227894
4,sensor_17,3,1.251461988304097
4,sensor_17,4,1.3742690058479583
4,sensor_17,5,0.6198830409356479
4,sensor_17,6,0.5751633986928322
4,sensor_17,7,0.8011695906432578
4,sensor_17,8,0.8187134502923938
4,sensor_17,9,2.1345029239765325
4,sensor_17,10,1.6959064327485445
4,sensor_18,1,0.0
4,sensor_18,2,0.0
4,sensor_18,3,0.0
4,sensor_18,4,0.0
4,sensor_18,5,0.0
4,sensor_18,6,0.0
4,sensor_18,7,0.0
4,sensor_18,8,0.0
4,sensor_18,9,0.0
4,sensor_18,10,0.0
4,sensor_19,1,0.0
4,sensor_19,2,0.0
4,sensor_19,3,0.0
4,sensor_19,4,0.0
4,sensor_19,5,0.0
4,sensor_19,6,0.0
4,sensor_19,7,0.0
4,sensor_19,8,0.0
4,sensor_19,9,0.0
4,sensor_19,10,0.0
4,sensor_20,1,0.007917543859649287
4,sensor_20,2,0.013299999999999642
4,sensor_20,3,0.014815204678362524
4,sensor_20,4,0.009515204678362728
4,sensor_20,5,0.009916374269005874
4,sensor_20,6,0.0052957516339869025
4,sensor_20,7,0.013121052631579172
4,sensor_20,8,0.0072555555555558005
4,sensor_20,9,0.00613157894736839
4,sensor_20,10,0.017776608187134904
4,sensor_21,1,0.003486722865497009
4,sensor_21,2,0.0034909142690058856
4,sensor_21,3,0.005983745964912381
4,sensor_21,4,0.0034927448538011707
4,sensor_21,5,0.0031877715204678015
4,sensor_21,6,0.004269659477124157
4,sensor_21,7,0.0039139314035087315
4,sensor_21,8,0.003788012456140343
4,sensor_21,9,0.003294778187134431
4,sensor_21,10,0.004045249999999904
5,setting_1,1,5.040455840455839e-06
5,setting_1,2,4.749259259259258e-06
5,setting_1,3,4.51011396011396e-06
5,setting_1,4,4.8510256410256405e-06
5,setting_1,5,6.1336182336182345e-06
5,setting_1,6,2.412615384615385e-06
5,setting_1,7,4.153333333333333e-06
5,setting_1,8,5.134871794871793e-06
5,setting_1,9,3.4323076923076924e-06
5,setting_1,10,4.887549857549857e-06
5,setting_2,1,7.626780626780626e-08
5,setting_2,2,5.9002849002849006e-08
5,setting_2,3,1.1490028490028493e-07
5,setting_2,4,5.190883190883192e-08
5,setting_2,5,6.652421652421652e-08
5,setting_2,6,7.540000000000003e-08
5,setting_2,7,9.871794871794871e-08
5,setting_2,8,8.410256410256411e-08
5,setting_2,9,7.871794871794874e-08
5,setting_2,10,8.999999999999999e-08
5,setting_3,1,0.0
5,setting_3,2,0.0
5,setting_3,3,0.0
5,setting_3,4,0.0
5,setting_3,5,0.0
5,setting_3,6,0.0
5,setting_3,7,0.0
5,setting_3,8,0.0
5,setting_3,9,0.0
5,setting_3,10,0.0
5,sensor_1,1,0.0
5,sensor_1,2,0.0
5,sensor_1,3,0.0
5,sensor_1,4,0.0
5,sensor_1,5,0.0
5,sensor_1,6,0.0
5,sensor_1,7,0.0
5,sensor_1,8,0.0
5,sensor_1,9,0.0
5,sensor_1,10,0.0
5,sensor_2,1,0.08497464387464035
5,sensor_2,2,0.13851025641027062
5,sensor_2,3,0.07443789173789164
5,sensor_2,4,0.10886951566951711
5,sensor_2,5,0.17510769230768247
5,sensor_2,6,0.10308261538462272
5,sensor_2,7,0.09421794871793589
5,sensor_2,8,0.1376071225071514
5,sensor_2,9,0.13958717948717322
5,sensor_2,10,0.06761396011392548
5,sensor_3,1,12.296734472934729
5,sensor_3,2,18.813678917378933
5,sensor_3,3,18.951598575498657
5,sensor_3,4,13.968485754985945
5,sensor_3,5,15.766923076923218
5,sensor_3,6,15.218231538461357
5,sensor_3,7,12.792493447293166
5,sensor_3,8,23.852336182337144
5,sensor_3,9,19.450790028489834
5,sensor_3,10,29.547720797720885
5,sensor_4,1,11.188961823362433
5,sensor_4,2,12.570672934472942
5,sensor_4,3,22.012515384615295
5,sensor_4,4,16.49884871794894
5,sensor_4,5,24.769897720797367
5,sensor_4,6,18.15957661538512
5,sensor_4,7,15.002030199430187
5,sensor_4,8,30.04196410256454
5,sensor_4,9,21.47074216524225
5,sensor_4,10,20.88950199430193
5,sensor_5,1,0.0
5,sensor_5,2,0.0
5,sensor_5,3,0.0
5,sensor_5,4,0.0
5,sensor_5,5,0.0
5,sensor_5,6,0.0
5,sensor_5,7,0.0
5,sensor_5,8,0.0
5,sensor_5,9,0.0
5,sensor_5,10,0.0
5,sensor_6,1,1.7948717948710026e-05
5,sensor_6,2,1.5669515669509753e-05
5,sensor_6,3,1.0256410256405875e-05
5,sensor_6,4,1.0256410256401577e-05
5,sensor_6,5,0.0
5,sensor_6,6,0.0
5,sensor_6,7,3.7037037037024993e-06
5,sensor_6,8,0.0
5,sensor_6,9,0.0
5,sensor_6,10,0.0
5,sensor_7,1,0.11518917378919
5,sensor_7,2,0.15081025641023124
5,sensor_7,3,0.13972250712248913
5,sensor_7,4,0.1811908831908973
5,sensor_7,5,0.11948319088319993
5,sensor_7,6,0.23574461538459185
5,sensor_7,7,0.1500319088318985
5,sensor_7,8,0.10577692307692275
5,sensor_7,9,0.1048139601139292
5,sensor_7,10,0.3257353276353496
5,sensor_8,1,0.0011472934472969423
5,sensor_8,2,0.0007148148148237431
5,sensor_8,3,0.000742165242159389
5,sensor_8,4,0.0009410256410289691
5,sensor_8,5,0.0006695156695191469
5,sensor_8,6,0.0008173846153856649
5,sensor_8,7,0.0009584045584050154
5,sensor_8,8,0.0010256410256407257
5,sensor_8,9,0.0013831908832000572
5,sensor_8,10,0.0013384615384544778
5,sensor_9,1,16.22183076922932
5,sensor_9,2,16.87467692307286
5,sensor_9,3,17.644502564104776
5,sensor_9,4,24.53945242164527
5,sensor_9,5,19.92335413105196
5,sensor_9,6,19.330422153845305
5,sensor_9,7,25.418509686618606
5,sensor_9,8,36.141994871786046
5,sensor_9,9,66.72071054130201
5,sensor_9,10,109.04768319089432
5,sensor_10,1,0.0
5,sensor_10,2,0.0
5,sensor_10,3,0.0
5,sensor_10,4,0.0
5,sensor_10,5,0.0
5,sensor_10,6,0.0
5,sensor_10,7,0.0
5,sensor_10,8,0.0
5,sensor_10,9,0.0
5,sensor_10,10,0.0
5,sensor_11,1,0.009764102564102666
5,sensor_11,2,0.014356410256410294
5,sensor_11,3,0.01690256410256418
5,sensor_11,4,0.007117948717948824
5,sensor_11,5,0.006072934472934388
5,sensor_11,6,0.010861538461538171
5,sensor_11,7,0.010739601139601226
5,sensor_11,8,0.013411396011396364
5,sensor_11,9,0.014317378917379713
5,sensor_11,10,0.02831310541310402
5,sensor_12,1,0.07398404558404313
5,sensor_12,2,0.08400199430199543
5,sensor_12,3,0.09547179487179105
5,sensor_12,4,0.11716353276351786
5,sensor_12,5,0.11943276353277142
5,sensor_12,6,0.052119538461552796
5,sensor_12,7,0.05549430199429993
5,sensor_12,8,0.09176153846155276
5,sensor_12,9,0.1316948717948649
5,sensor_12,10,0.12428917378914554
5,sensor_13,1,0.0006310541310570578
5,sensor_13,2,0.0010378917378928243
5,sensor_13,3,0.0010242165242203356
5,sensor_13,4,0.0006541310541303072
5,sensor_13,5,0.0005669515669474834
5,sensor_13,6,0.0009115384615443747
5,sensor_13,7,0.0007256410256402141
5,sensor_13,8,0.0008891737891823427
5,sensor_13,9,0.0009301994301959631
5,sensor_13,10,0.0011230769230708708
5,sensor_14,1,12.551178062677716
5,sensor_14,2,12.48068746438732
5,sensor_14,3,9.45688062677906
5,sensor_14,4,11.026337037037974
5,sensor_14,5,10.101956695156314
5,sensor_14,6,8.868184615384928
5,sensor_14,7,15.482211396011795
5,sensor_14,8,21.60420883190365
5,sensor_14,9,23.116782336182162
5,sensor_14,10,54.83736410258427
5,sensor_15,1,0.00037986102564101725
5,sensor_15,2,0.0003400390028490119
5,sensor_15,3,0.00043639045584045017
5,sensor_15,4,0.00033806396011396207
5,sensor_15,5,0.0003698251566951569
5,sensor_15,6,0.0004254624615384612
5,sensor_15,7,0.0004144278062678091
5,sensor_15,8,0.0004182113960113871
5,sensor_15,9,0.0005198310541310243
5,sensor_15,10,0.0006272840455840589
5,sensor_16,1,0.0
5,sensor_16,2,0.0
5,sensor_16,3,0.0
5,sensor_16,4,0.0
5,sensor_16,5,0.0
5,sensor_16,6,0.0
5,sensor_16,7,0.0
5,sensor_16,8,0.0
5,sensor_16,9,0.0
5,sensor_16,10,0.0
5,sensor_17,1,1.0256410256410324
5,sensor_17,2,0.7977207977207803
5,sensor_17,3,1.0113960113960105
5,sensor_17,4,1.0541310541310607
5,sensor_17,5,1.0769230769230858
5,sensor_17,6,1.464615384615373
5,sensor_17,7,0.8717948717948695
5,sensor_17,8,0.635327635327635
5,sensor_17,9,1.0769230769230722
5,sensor_17,10,0.9943019943020133
5,sensor_18,1,0.0
5,sensor_18,2,0.0
5,sensor_18,3,0.0
5,sensor_18,4,0.0
5,sensor_18,5,0.0
5,sensor_18,6,0.0
5,sensor_18,7,0.0
5,sensor_18,8,0.0
5,sensor_18,9,0.0
5,sensor_18,10,0.0
5,sensor_19,1,0.0
5,sensor_19,2,0.0
5,sensor_19,3,0.0
5,sensor_19,4,0.0
5,sensor_19,5,0.0
5,sensor_19,6,0.0
5,sensor_19,7,0.0
5,sensor_19,8,0.0
5,sensor_19,9,0.0
5,sensor_19,10,0.0
5,sensor_20,1,0.009644729344729446
5,sensor_20,2,0.009055840455840635
5,sensor_20,3,0.010715669515669626
5,sensor_20,4,0.010323361823361833
5,sensor_20,5,0.007702849002849173
5,sensor_20,6,0.014544615384615307
5,sensor_20,7,0.009487179487179141
5,sensor_20,8,0.009279487179487294
5,sensor_20,9,0.011853276353276447
5,sensor_20,10,0.015538461538461452
5,sensor_21,1,0.0028187025641026138
5,sensor_21,2,0.003868989487179547
5,sensor_21,3,0.002484236866096836
5,sensor_21,4,0.002775501396011334
5,sensor_21,5,0.005100037692307534
5,sensor_21,6,0.0036135378615385124
5,sensor_21,7,0.003851287037037047
5,sensor_21,8,0.00595619250712246
5,sensor_21,9,0.0031385943874643173
5,sensor_21,10,0.005154640370370351
6,setting_1,1,5.534736842105263e-06
6,setting_1,2,4.36812865497076e-06
6,setting_1,3,5.844970760233919e-06
6,setting_1,4,5.103823529411764e-06
6,setting_1,5,3.056549707602339e-06
6,setting_1,6,4.897836257309942e-06
6,setting_1,7,5.288235294117648e-06
6,setting_1,8,5.652748538011696e-06
6,setting_1,9,6.342105263157895e-06
6,setting_1,10,6.5458479532163736e-06
6,setting_2,1,1.204093567251462e-07
6,setting_2,2,1.1029239766081874e-07
6,setting_2,3,7.619883040935674e-08
6,setting_2,4,1.1558823529411764e-07
6,setting_2,5,7.538011695906433e-08
6,setting_2,6,1.3263157894736842e-07
6,setting_2,7,1.3205882352941176e-07
6,setting_2,8,9.690058479532164e-08
6,setting_2,9,1.1953216374269003e-07
6,setting_2,10,9.912280701754387e-08
6,setting_3,1,0.0
6,setting_3,2,0.0
6,setting_3,3,0.0
6,setting_3,4,0.0
6,setting_3,5,0.0
6,setting_3,6,0.0
6,setting_3,7,0.0
6,setting_3,8,0.0
6,setting_3,9,0.0
6,setting_3,10,0.0
6,sensor_1,1,0.0
6,sensor_1,2,0.0
6,sensor_1,3,0.0
6,sensor_1,4,0.0
6,sensor_1,5,0.0
6,sensor_1,6,0.0
6,sensor_1,7,0.0
6,sensor_1,8,0.0
6,sensor_1,9,0.0
6,sensor_1,10,0.0
6,sensor_2,1,0.1304163742690237
6,sensor_2,2,0.0851941520467829
6,sensor_2,3,0.12132573099415225
6,sensor_2,4,0.054864379084969564
6,sensor_2,5,0.08973684210527169
6,sensor_2,6,0.09751169590641952
6,sensor_2,7,0.061391176470580726
6,sensor_2,8,0.07230058479531902
6,sensor_2,9,0.21831520467837914
6,sensor_2,10,0.0635333333333234
6,sensor_3,1,9.093980116958917
6,sensor_3,2,9.181592982456264
6,sensor_3,3,10.796916374268855
6,sensor_3,4,17.244507516340025
6,sensor_3,5,18.678233918128416
6,sensor_3,6,12.95067660818751
6,sensor_3,7,18.488354575163154
6,sensor_3,8,18.631314619882108
6,sensor_3,9,29.150854385964937
6,sensor_3,10,16.259545029239675
6,sensor_4,1,15.849264912280887
6,sensor_4,2,10.848500584795534
6,sensor_4,3,13.047780701753823
6,sensor_4,4,9.264317647058675
6,sensor_4,5,14.618394152046967
6,sensor_4,6,13.16095380116974
6,sensor_4,7,14.737520261438148
6,sensor_4,8,12.615502339180953
6,sensor_4,9,7.421022222222269
6,sensor_4,10,16.85775380116992
6,sensor_5,1,0.0
6,sensor_5,2,0.0
6,sensor_5,3,0.0
6,sensor_5,4,0.0
6,sensor_5,5,0.0
6,sensor_5,6,0.0
6,sensor_5,7,0.0
6,sensor_5,8,0.0
6,sensor_5,9,0.0
6,sensor_5,10,0.0
6,sensor_6,1,0.0
6,sensor_6,2,0.0
6,sensor_6,3,0.0
6,sensor_6,4,0.0
6,sensor_6,5,0.0
6,sensor_6,6,0.0
6,sensor_6,7,0.0
6,sensor_6,8,0.0
6,sensor_6,9,0.0
6,sensor_6,10,0.0
6,sensor_7,1,0.24275614035090362
6,sensor_7,2,0.09185438596490474
6,sensor_7,3,0.11854269005848732
6,sensor_7,4,0.08336470588236942
6,sensor_7,5,0.28531520467835236
6,sensor_7,6,0.12398070175438401
6,sensor_7,7,0.18368398692810248
6,sensor_7,8,0.1223654970760092
6,sensor_7,9,0.14833157894735396
6,sensor_7,10,0.09694853801170117
6,sensor_8,1,0.0007871345029267639
6,sensor_8,2,0.0007052631578922628
6,sensor_8,3,0.0006333333333285543
6,sensor_8,4,0.0011764705882291878
6,sensor_8,5,0.000759064327484567
6,sensor_8,6,0.0005315789473666259
6,sensor_8,7,0.001143790849672943
6,sensor_8,8,0.0016251461988263981
6,sensor_8,9,0.0011315789473785134
6,sensor_8,10,0.0010701754386047047
6,sensor_9,1,17.328653801169278
6,sensor_9,2,15.881224561403545
6,sensor_9,3,16.235067251459487
6,sensor_9,4,2.766950653594729
6,sensor_9,5,23.26246081871371
6,sensor_9,6,11.007238596495188
6,sensor_9,7,17.81330751633371
6,sensor_9,8,18.49968304093673
6,sensor_9,9,22.92037309941704
6,sensor_9,10,12.038280116959788
6,sensor_10,1,0.0
6,sensor_10,2,0.0
6,sensor_10,3,0.0
6,sensor_10,4,0.0
6,sensor_10,5,0.0
6,sensor_10,6,0.0
6,sensor_10,7,0.0
6,sensor_10,8,0.0
6,sensor_10,9,0.0
6,sensor_10,10,0.0
6,sensor_11,1,0.009621052631578815
6,sensor_11,2,0.004157894736842225
6,sensor_11,3,0.00611345029239769
6,sensor_11,4,0.015282352941176258
6,sensor_11,5,0.011944444444444681
6,sensor_11,6,0.00853976608187159
6,sensor_11,7,0.010261764705881847
6,sensor_11,8,0.013731578947368303
6,sensor_11,9,0.011115204678362852
6,sensor_11,10,0.009714619883040959
6,sensor_12,1,0.1299812865497202
6,sensor_12,2,0.07530935672514724
6,sensor_12,3,0.06392631578948539
6,sensor_12,4,0.09274117647057967
6,sensor_12,5,0.11734736842106239
6,sensor_12,6,0.10501345029240004
6,sensor_12,7,0.09911764705882173
6,sensor_12,8,0.0983450292397286
6,sensor_12,9,0.03935964912281123
6,sensor_12,10,0.18138070175439294
6,sensor_13,1,0.0012146198830377325
6,sensor_13,2,0.000716374269010087
6,sensor_13,3,0.00130058479531605
6,sensor_13,4,0.0012604575163378685
6,sensor_13,5,0.0009929824561305742
6,sensor_13,6,0.000720467836257327
6,sensor_13,7,0.0013594771241804335
6,sensor_13,8,0.0019099415204773124
6,sensor_13,9,0.0007473684210528588
6,sensor_13,10,0.0015228070175482666
6,sensor_14,1,8.927502339181668
6,sensor_14,2,7.430847953217095
6,sensor_14,3,5.64975438596424
6,sensor_14,4,7.608265359477487
6,sensor_14,5,7.508987719298647
6,sensor_14,6,6.017647368419798
6,sensor_14,7,9.4556147058818
6,sensor_14,8,11.844125730992465
6,sensor_14,9,18.406515204674875
6,sensor_14,10,10.076704093566647
6,sensor_15,1,0.0005990346783625841
6,sensor_15,2,0.0005100556140350864
6,sensor_15,3,0.0005149378362573226
6,sensor_15,4,0.00025518722222223127
6,sensor_15,5,0.0005249125730994099
6,sensor_15,6,0.0005416247953216578
6,sensor_15,7,0.000360226143790842
6,sensor_15,8,0.0005444838596491172
6,sensor_15,9,0.00018266479532165838
6,sensor_15,10,0.0004178392397660731
6,sensor_16,1,0.0
6,sensor_16,2,0.0
6,sensor_16,3,0.0
6,sensor_16,4,0.0
6,sensor_16,5,0.0
6,sensor_16,6,0.0
6,sensor_16,7,0.0
6,sensor_16,8,0.0
6,sensor_16,9,0.0
6,sensor_16,10,0.0
6,sensor_17,1,1.0058479532163855
6,sensor_17,2,0.7017543859649078
6,sensor_17,3,0.6959064327485359
6,sensor_17,4,1.0457516339869297
6,sensor_17,5,1.3976608187134476
6,sensor_17,6,0.5906432748538027
6,sensor_17,7,2.147058823529375
6,sensor_17,8,1.0526315789473637
6,sensor_17,9,0.6549707602339202
6,sensor_17,10,0.6081871345029141
6,sensor_18,1,0.0
6,sensor_18,2,0.0
6,sensor_18,3,0.0
6,sensor_18,4,0.0
6,sensor_18,5,0.0
6,sensor_18,6,0.0
6,sensor_18,7,0.0
6,sensor_18,8,0.0
6,sensor_18,9,0.0
6,sensor_18,10,0.0
6,sensor_19,1,0.0
6,sensor_19,2,0.0
6,sensor_19,3,0.0
6,sensor_19,4,0.0
6,sensor_19,5,0.0
6,sensor_19,6,0.0
6,sensor_19,7,0.0
6,sensor_19,8,0.0
6,sensor_19,9,0.0
6,sensor_19,10,0.0
6,sensor_20,1,0.006514619883040994
6,sensor_20,2,0.009121052631578742
6,sensor_20,3,0.01554795321637447
6,sensor_20,4,0.010058823529411634
6,sensor_20,5,0.012620467836257188
6,sensor_20,6,0.008921052631578942
6,sensor_20,7,0.008299673202614533
6,sensor_20,8,0.01024736842105258
6,sensor_20,9,0.007733918128654375
6,sensor_20,10,0.015846783625731053
6,sensor_21,1,0.003487968947368427
6,sensor_21,2,0.004585919239766007
6,sensor_21,3,0.0030649903508772293
6,sensor_21,4,0.0034610038235293452
6,sensor_21,5,0.004404685964912291
6,sensor_21,6,0.0033107376608186214
6,sensor_21,7,0.0022654402941175845
6,sensor_21,8,0.002030856959064308
6,sensor_21,9,0.0037576814035087482
6,sensor_21,10,0.005083565087719162
7,setting_1,1,6.794846153846153e-06
7,setting_1,2,6.752384615384615e-06
7,setting_1,3,5.162784615384615e-06
7,setting_1,4,5.137553846153848e-06
7,setting_1,5,7.93306153846154e-06
7,setting_1,6,3.3430666666666664e-06
7,setting_1,7,5.310846153846154e-06
7,setting_1,8,5.383646153846155e-06
7,setting_1,9,6.4408e-06
7,setting_1,10,4.9367384615384616e-06
7,setting_2,1,7.913846153846155e-08
7,setting_2,2,8.06153846153846e-08
7,setting_2,3,7.52e-08
7,setting_2,4,1.043846153846154e-07
7,setting_2,5,8.953846153846155e-08
7,setting_2,6,1.0166666666666668e-07
7,setting_2,7,7.981538461538461e-08
7,setting_2,8,7.926153846153848e-08
7,setting_2,9,8.615384615384617e-08
7,setting_2,10,7.041538461538462e-08
7,setting_3,1,0.0
7,setting_3,2,0.0
7,setting_3,3,0.0
7,setting_3,4,0.0
7,setting_3,5,0.0
7,setting_3,6,0.0
7,setting_3,7,0.0
7,setting_3,8,0.0
7,setting_3,9,0.0
7,setting_3,10,0.0
7,sensor_1,1,0.0
7,sensor_1,2,0.0
7,sensor_1,3,0.0
7,sensor_1,4,0.0
7,sensor_1,5,0.0
7,sensor_1,6,0.0
7,sensor_1,7,0.0
7,sensor_1,8,0.0
7,sensor_1,9,0.0
7,sensor_1,10,0.0
7,sensor_2,1,0.0972184615384396
7,sensor_2,2,0.0654701538461522
7,sensor_2,3,0.0920326153846245
7,sensor_2,4,0.14296938461539363
7,sensor_2,5,0.051329999999997454
7,sensor_2,6,0.08825233333334559
7,sensor_2,7,0.0796424615384684
7,sensor_2,8,0.07048246153845882
7,sensor_2,9,0.1260241538461592
7,sensor_2,10,0.11630046153844348
7,sensor_3,1,12.025600153845835
7,sensor_3,2,9.814002615384902
7,sensor_3,3,12.18856000000007
7,sensor_3,4,17.09733738461542
7,sensor_3,5,22.799777846153674
7,sensor_3,6,7.255095666666737
7,sensor_3,7,16.069012461538335
7,sensor_3,8,11.665974153845907
7,sensor_3,9,17.90324553846136
7,sensor_3,10,16.48545553846198
7,sensor_4,1,15.358916461538486
7,sensor_4,2,16.22799153846137
7,sensor_4,3,15.349748461539201
7,sensor_4,4,13.96516138461519
7,sensor_4,5,20.58747153846123
7,sensor_4,6,21.09927066666658
7,sensor_4,7,22.409509538461137
7,sensor_4,8,15.698679999999985
7,sensor_4,9,18.403031538461654
7,sensor_4,10,31.43927646153811
7,sensor_5,1,0.0
7,sensor_5,2,0.0
7,sensor_5,3,0.0
7,sensor_5,4,0.0
7,sensor_5,5,0.0
7,sensor_5,6,0.0
7,sensor_5,7,0.0
7,sensor_5,8,0.0
7,sensor_5,9,0.0
7,sensor_5,10,0.0
7,sensor_6,1,3.846153846152534e-06
7,sensor_6,2,7.384615384613738e-06
7,sensor_6,3,1.061538461538062e-05
7,sensor_6,4,3.846153846153206e-06
7,sensor_6,5,0.0
7,sensor_6,6,0.0
7,sensor_6,7,0.0
7,sensor_6,8,0.0
7,sensor_6,9,0.0
7,sensor_6,10,0.0
7,sensor_7,1,0.15613738461538795
7,sensor_7,2,0.24114046153846508
7,sensor_7,3,0.1615433846153762
7,sensor_7,4,0.23240384615383963
7,sensor_7,5,0.16410153846155645
7,sensor_7,6,0.12268266666668048
7,sensor_7,7,0.13472446153850592
7,sensor_7,8,0.13568384615383253
7,sensor_7,9,0.27447215384615925
7,sensor_7,10,0.2972961538461927
7,sensor_8,1,0.0015606153846150384
7,sensor_8,2,0.0005858461538487817
7,sensor_8,3,0.0009544615384670077
7,sensor_8,4,0.0005613846153906315
7,sensor_8,5,0.0012861538461593758
7,sensor_8,6,0.0011676666666737363
7,sensor_8,7,0.0006135384615380843
7,sensor_8,8,0.0009778461538417582
7,sensor_8,9,0.0011193846153814337
7,sensor_8,10,0.0010301538461294742
7,sensor_9,1,12.299977846153556
7,sensor_9,2,32.72900015384462
7,sensor_9,3,13.948746615386735
7,sensor_9,4,11.0040104615392
7,sensor_9,5,11.059833384620307
7,sensor_9,6,28.537825999999953
7,sensor_9,7,18.62695138461368
7,sensor_9,8,17.059839538462953
7,sensor_9,9,17.284847384613375
7,sensor_9,10,17.071724461539795
7,sensor_10,1,0.0
7,sensor_10,2,0.0
7,sensor_10,3,0.0
7,sensor_10,4,0.0
7,sensor_10,5,0.0
7,sensor_10,6,0.0
7,sensor_10,7,0.0
7,sensor_10,8,0.0
7,sensor_10,9,0.0
7,sensor_10,10,0.0
7,sensor_11,1,0.007896000000000084
7,sensor_11,2,0.008643846153846039
7,sensor_11,3,0.010468461538461385
7,sensor_11,4,0.007474615384615306
7,sensor_11,5,0.01129846153846083
7,sensor_11,6,0.008775
7,sensor_11,7,0.016693538461538465
7,sensor_11,8,0.014066000000000163
7,sensor_11,9,0.011761384615384545
7,sensor_11,10,0.019585846153844982
7,sensor_12,1,0.07327953846153362
7,sensor_12,2,0.07903446153847048
7,sensor_12,3,0.11747753846154298
7,sensor_12,4,0.06564184615384538
7,sensor_12,5,0.12310846153846294
7,sensor_12,6,0.061507666666669174
7,sensor_12,7,0.1173058461538416
7,sensor_12,8,0.08454646153846233
7,sensor_12,9,0.18746153846161007
7,sensor_12,10,0.2277139999999807
7,sensor_13,1,0.0006553846153913584
7,sensor_13,2,0.000947846153856229
7,sensor_13,3,0.001214153846162424
7,sensor_13,4,0.0008935384615394675
7,sensor_13,5,0.0010715384615316017
7,sensor_13,6,0.0007593333333331389
7,sensor_13,7,0.001144153846150959
7,sensor_13,8,0.000823384615381523
7,sensor_13,9,0.0011766153845977783
7,sensor_13,10,0.0012493846153771098
7,sensor_14,1,9.372594615384793
7,sensor_14,2,8.41159646153835
7,sensor_14,3,10.80127753846295
7,sensor_14,4,10.782000153846933
7,sensor_14,5,5.124585384614575
7,sensor_14,6,9.728892333333697
7,sensor_14,7,13.51709861538627
7,sensor_14,8,16.873976615384237
7,sensor_14,9,7.4659101538474975
7,sensor_14,10,15.651237538461338
7,sensor_15,1,0.0003349991538461544
7,sensor_15,2,0.00025580326153845835
7,sensor_15,3,0.0003976743384615395
7,sensor_15,4,0.00044557041538463517
7,sensor_15,5,0.0006557842000000075
7,sensor_15,6,0.00048182339999998576
7,sensor_15,7,0.0003981775538461449
7,sensor_15,8,0.0006885642615384709
7,sensor_15,9,0.00028205341538460973
7,sensor_15,10,0.0005951712153845997
7,sensor_16,1,0.0
7,sensor_16,2,0.0
7,sensor_16,3,0.0
7,sensor_16,4,0.0
7,sensor_16,5,0.0
7,sensor_16,6,0.0
7,sensor_16,7,0.0
7,sensor_16,8,0.0
7,sensor_16,9,0.0
7,sensor_16,10,0.0
7,sensor_17,1,0.7446153846154053
7,sensor_17,2,0.9600000000000066
7,sensor_17,3,0.9784615384615356
7,sensor_17,4,0.26615384615384047
7,sensor_17,5,1.0953846153846367
7,sensor_17,6,0.41666666666666186
7,sensor_17,7,1.1584615384615347
7,sensor_17,8,0.7753846153846484
7,sensor_17,9,0.6400000000000107
7,sensor_17,10,1.3246153846153854
7,sensor_18,1,0.0
7,sensor_18,2,0.0
7,sensor_18,3,0.0
7,sensor_18,4,0.0
7,sensor_18,5,0.0
7,sensor_18,6,0.0
7,sensor_18,7,0.0
7,sensor_18,8,0.0
7,sensor_18,9,0.0
7,sensor_18,10,0.0
7,sensor_19,1,0.0
7,sensor_19,2,0.0
7,sensor_19,3,0.0
7,sensor_19,4,0.0
7,sensor_19,5,0.0
7,sensor_19,6,0.0
7,sensor_19,7,0.0
7,sensor_19,8,0.0
7,sensor_19,9,0.0
7,sensor_19,10,0.0
7,sensor_20,1,0.007671538461538376
7,sensor_20,2,0.014374153846153809
7,sensor_20,3,0.007013538461538422
7,sensor_20,4,0.010722615384615377
7,sensor_20,5,0.009718153846154005
7,sensor_20,6,0.009383999999999877
7,sensor_20,7,0.018255538461539367
7,sensor_20,8,0.009400615384615774
7,sensor_20,9,0.013169846153846063
7,sensor_20,10,0.007452461538461425
7,sensor_21,1,0.002948243338461633
7,sensor_21,2,0.0034706113846154313
7,sensor_21,3,0.0049862545384615035
7,sensor_21,4,0.0039650319384615575
7,sensor_21,5,0.004718603584615387
7,sensor_21,6,0.00288044393333332
7,sensor_21,7,0.004367365738461501
7,sensor_21,8,0.0031549657999999543
7,sensor_21,9,0.003917338784615417
7,sensor_21,10,0.004473000984615362
8,setting_1,1,4.8825714285714285e-06
8,setting_1,2,5.924095238095236e-06
8,setting_1,3,4.598857142857144e-06
8,setting_1,4,3.8038095238095245e-06
8,setting_1,5,6.516380952380952e-06
8,setting_1,6,2.5612380952380946e-06
8,setting_1,7,6.250666666666664e-06
8,setting_1,8,5.847809523809524e-06
8,setting_1,9,4.3998095238095235e-06
8,setting_1,10,2.0606666666666666e-06
8,setting_2,1,1.2571428571428572e-07
8,setting_2,2,8.838095238095238e-08
8,setting_2,3,7.352380952380953e-08
8,setting_2,4,6.885714285714286e-08
8,setting_2,5,8.209523809523808e-08
8,setting_2,6,6.495238095238096e-08
8,setting_2,7,8.028571428571429e-08
8,setting_2,8,7.409523809523809e-08
8,setting_2,9,8.40952380952381e-08
8,setting_2,10,8.638095238095239e-08
8,setting_3,1,0.0
8,setting_3,2,0.0
8,setting_3,3,0.0
8,setting_3,4,0.0
8,setting_3,5,0.0
8,setting_3,6,0.0
8,setting_3,7,0.0
8,setting_3,8,0.0
8,setting_3,9,0.0
8,setting_3,10,0.0
8,sensor_1,1,0.0
8,sensor_1,2,0.0
8,sensor_1,3,0.0
8,sensor_1,4,0.0
8,sensor_1,5,0.0
8,sensor_1,6,0.0
8,sensor_1,7,0.0
8,sensor_1,8,0.0
8,sensor_1,9,0.0
8,sensor_1,10,0.0
8,sensor_2,1,0.07039523809525491
8,sensor_2,2,0.1773171428571314
8,sensor_2,3,0.1514352380952285
8,sensor_2,4,0.06958095238095628
8,sensor_2,5,0.10729999999999697
8,sensor_2,6,0.08420666666666478
8,sensor_2,7,0.10442095238095336
8,sensor_2,8,0.06132666666664088
8,sensor_2,9,0.1290857142856948
8,sensor_2,10,0.08356952380951867
8,sensor_3,1,17.38146380952341
8,sensor_3,2,9.636863809524211
8,sensor_3,3,13.722483809524022
8,sensor_3,4,22.042749523809906
8,sensor_3,5,19.342280952381447
8,sensor_3,6,20.738254285714152
8,sensor_3,7,20.75708857142856
8,sensor_3,8,26.762926666666647
8,sensor_3,9,5.186392380952571
8,sensor_3,10,19.688735238095052
8,sensor_4,1,23.301226666666455
8,sensor_4,2,21.964885714285753
8,sensor_4,3,14.928949523809417
8,sensor_4,4,13.69229238095245
8,sensor_4,5,9.525066666666742
8,sensor_4,6,22.882052380952274
8,sensor_4,7,14.455283809523834
8,sensor_4,8,12.374952380952495
8,sensor_4,9,14.64022571428602
8,sensor_4,10,15.977626666666632
8,sensor_5,1,0.0
8,sensor_5,2,0.0
8,sensor_5,3,0.0
8,sensor_5,4,0.0
8,sensor_5,5,0.0
8,sensor_5,6,0.0
8,sensor_5,7,0.0
8,sensor_5,8,0.0
8,sensor_5,9,0.0
8,sensor_5,10,0.0
8,sensor_6,1,0.0
8,sensor_6,2,0.0
8,sensor_6,3,0.0
8,sensor_6,4,0.0
8,sensor_6,5,0.0
8,sensor_6,6,0.0
8,sensor_6,7,0.0
8,sensor_6,8,0.0
8,sensor_6,9,0.0
8,sensor_6,10,0.0
8,sensor_7,1,0.32408095238096507
8,sensor_7,2,0.1253685714285544
8,sensor_7,3,0.13353523809523135
8,sensor_7,4,0.2031066666666775
8,sensor_7,5,0.20345523809524085
8,sensor_7,6,0.11764095238094562
8,sensor_7,7,0.18446666666669195
8,sensor_7,8,0.16356857142856215
8,sensor_7,9,0.10209714285712869
8,sensor_7,10,0.13719523809523998
8,sensor_8,1,0.0007980952380964629
8,sensor_8,2,0.0016780952380968685
8,sensor_8,3,0.0005980952380946156
8,sensor_8,4,0.0008142857142876966
8,sensor_8,5,0.0006314285714289251
8,sensor_8,6,0.00042095238095341285
8,sensor_8,7,0.0008285714285785246
8,sensor_8,8,0.0011542857142822222
8,sensor_8,9,0.0009885714285783112
8,sensor_8,10,0.0014828571428559454
8,sensor_9,1,12.386683809523992
8,sensor_9,2,17.011878095240274
8,sensor_9,3,25.754955238099292
8,sensor_9,4,11.607163809517568
8,sensor_9,5,19.43921142857412
8,sensor_9,6,14.833268571426677
8,sensor_9,7,18.891040000001453
8,sensor_9,8,14.747226666666625
8,sensor_9,9,18.22145523809597
8,sensor_9,10,17.626452380954486
8,sensor_10,1,0.0
8,sensor_10,2,0.0
8,sensor_10,3,0.0
8,sensor_10,4,0.0
8,sensor_10,5,0.0
8,sensor_10,6,0.0
8,sensor_10,7,0.0
8,sensor_10,8,0.0
8,sensor_10,9,0.0
8,sensor_10,10,0.0
8,sensor_11,1,0.018006666666666327
8,sensor_11,2,0.009702857142857024
8,sensor_11,3,0.011269523809523644
8,sensor_11,4,0.009809523809523674
8,sensor_11,5,0.013325714285714368
8,sensor_11,6,0.005674285714285772
8,sensor_11,7,0.00871238095238048
8,sensor_11,8,0.010620952380952819
8,sensor_11,9,0.006740952380952381
8,sensor_11,10,0.012526666666667161
8,sensor_12,1,0.07394095238095591
8,sensor_12,2,0.1647314285714184
8,sensor_12,3,0.11086952380952882
8,sensor_12,4,0.14567809523809255
8,sensor_12,5,0.10254095238095735
8,sensor_12,6,0.09612571428572307
8,sensor_12,7,0.05182095238095334
8,sensor_12,8,0.06821428571428599
8,sensor_12,9,0.07236666666666255
8,sensor_12,10,0.08936380952380008
8,sensor_13,1,0.0006552380952393958
8,sensor_13,2,0.00129523809524051
8,sensor_13,3,0.0008600000000004402
8,sensor_13,4,0.0016923809523746375
8,sensor_13,5,0.0005552380952358322
8,sensor_13,6,0.0011409523809481608
8,sensor_13,7,0.0006457142857165723
8,sensor_13,8,0.0006285714285734522
8,sensor_13,9,0.0011666666666777625
8,sensor_13,10,0.001463809523824397
8,sensor_14,1,14.046478095238518
8,sensor_14,2,12.437378095239156
8,sensor_14,3,4.561802857142568
8,sensor_14,4,14.163583809523491
8,sensor_14,5,8.301935238095957
8,sensor_14,6,17.12563523809406
8,sensor_14,7,6.654197142857758
8,sensor_14,8,8.41449714285798
8,sensor_14,9,12.01602380952438
8,sensor_14,10,5.908638095237961
8,sensor_15,1,0.000557786952380935
8,sensor_15,2,0.00025591409523809485
8,sensor_15,3,0.0008290538095238195
8,sensor_15,4,0.0006998485714285646
8,sensor_15,5,0.00020230542857143388
8,sensor_15,6,0.0005811817142857251
8,sensor_15,7,0.0004022123809523818
8,sensor_15,8,0.00027816809523809456
8,sensor_15,9,0.0003681423809523647
8,sensor_15,10,0.0005947835238095108
8,sensor_16,1,0.0
8,sensor_16,2,0.0
8,sensor_16,3,0.0
8,sensor_16,4,0.0
8,sensor_16,5,0.0
8,sensor_16,6,0.0
8,sensor_16,7,0.0
8,sensor_16,8,0.0
8,sensor_16,9,0.0
8,sensor_16,10,0.0
8,sensor_17,1,1.8571428571428379
8,sensor_17,2,1.0666666666666706
8,sensor_17,3,0.9238095238095393
8,sensor_17,4,0.8285714285714462
8,sensor_17,5,0.952380952380982
8,sensor_17,6,0.7142857142857136
8,sensor_17,7,0.9714285714285783
8,sensor_17,8,0.8380952380952357
8,sensor_17,9,1.0952380952380942
8,sensor_17,10,0.6857142857142894
8,sensor_18,1,0.0
8,sensor_18,2,0.0
8,sensor_18,3,0.0
8,sensor_18,4,0.0
8,sensor_18,5,0.0
8,sensor_18,6,0.0
8,sensor_18,7,0.0
8,sensor_18,8,0.0
8,sensor_18,9,0.0
8,sensor_18,10,0.0
8,sensor_19,1,0.0
8,sensor_19,2,0.0
8,sensor_19,3,0.0
8,sensor_19,4,0.0
8,sensor_19,5,0.0
8,sensor_19,6,0.0
8,sensor_19,7,0.0
8,sensor_19,8,0.0
8,sensor_19,9,0.0
8,sensor_19,10,0.0
8,sensor_20,1,0.013192380952380633
8,sensor_20,2,0.005235238095238112
8,sensor_20,3,0.004442857142857034
8,sensor_20,4,0.007326666666666726
8,sensor_20,5,0.0030400000000000544
8,sensor_20,6,0.009814285714285493
8,sensor_20,7,0.00603523809523832
8,sensor_20,8,0.012412380952380656
8,sensor_20,9,0.013769523809523843
8,sensor_20,10,0.015302857142857248
8,sensor_21,1,0.0028371299999998753
8,sensor_21,2,0.001743865523809508
8,sensor_21,3,0.0007405640952380888
8,sensor_21,4,0.001986013523809569
8,sensor_21,5,0.003666779238095229
8,sensor_21,6,0.004256226380952369
8,sensor_21,7,0.0033815952380952647
8,sensor_21,8,0.005592393142857124
8,sensor_21,9,0.002773441238095207
8,sensor_21,10,0.002070669809523807
9,setting_1,1,3.7064761904761907e-06
9,setting_1,2,4.09221052631579e-06
9,setting_1,3,3.3613421052631584e-06
9,setting_1,4,4.149578947368422e-06
9,setting_1,5,3.1394736842105262e-06
9,setting_1,6,6.234605263157896e-06
9,setting_1,7,7.035236842105265e-06
9,setting_1,8,3.3343157894736833e-06
9,setting_1,9,5.551157894736843e-06
9,setting_1,10,4.234184210526316e-06
9,setting_2,1,8.39047619047619e-08
9,setting_2,2,8.997368421052632e-08
9,setting_2,3,1.0239473684210527e-07
9,setting_2,4,9.94736842105263e-08
9,setting_2,5,8.450000000000001e-08
9,setting_2,6,5.2078947368421056e-08
9,setting_2,7,9.989473684210526e-08
9,setting_2,8,9.357894736842106e-08
9,setting_2,9,6.555263157894738e-08
9,setting_2,10,8.726315789473684e-08
9,setting_3,1,0.0
9,setting_3,2,0.0
9,setting_3,3,0.0
9,setting_3,4,0.0
9,setting_3,5,0.0
9,setting_3,6,0.0
9,setting_3,7,0.0
9,setting_3,8,0.0
9,setting_3,9,0.0
9,setting_3,10,0.0
9,sensor_1,1,0.0
9,sensor_1,2,0.0
9,sensor_1,3,0.0
9,sensor_1,4,0.0
9,sensor_1,5,0.0
9,sensor_1,6,0.0
9,sensor_1,7,0.0
9,sensor_1,8,0.0
9,sensor_1,9,0.0
9,sensor_1,10,0.0
9,sensor_2,1,0.07680619047617979
9,sensor_2,2,0.09381552631579351
9,sensor_2,3,0.05653578947370086
9,sensor_2,4,0.08614631578947278
9,sensor_2,5,0.07804210526312723
9,sensor_2,6,0.10326736842106495
9,sensor_2,7,0.03620921052632058
9,sensor_2,8,0.10476078947369775
9,sensor_2,9,0.06475236842105342
9,sensor_2,10,0.10856710526314603
9,sensor_3,1,16.009884761904793
9,sensor_3,2,16.89658421052628
9,sensor_3,3,16.133303947368383
9,sensor_3,4,13.252294736842147
9,sensor_3,5,13.448274736842176
9,sensor_3,6,12.236560789473648
9,sensor_3,7,14.501030263158405
9,sensor_3,8,15.182109473684399
9,sensor_3,9,15.453383157894656
9,sensor_3,10,16.48703578947377
9,sensor_4,1,16.29900476190467
9,sensor_4,2,13.327131315789364
9,sensor_4,3,16.44803052631538
9,sensor_4,4,21.58337763157896
9,sensor_4,5,12.38271868421106
9,sensor_4,6,28.546735789473832
9,sensor_4,7,15.14074605263144
9,sensor_4,8,24.417468421052536
9,sensor_4,9,21.528440789473475
9,sensor_4,10,41.597764210527814
9,sensor_5,1,0.0
9,sensor_5,2,0.0
9,sensor_5,3,0.0
9,sensor_5,4,0.0
9,sensor_5,5,0.0
9,sensor_5,6,0.0
9,sensor_5,7,0.0
9,sensor_5,8,0.0
9,sensor_5,9,0.0
9,sensor_5,10,0.0
9,sensor_6,1,4.761904761903444e-06
9,sensor_6,2,4.999999999996707e-06
9,sensor_6,3,9.473684210528433e-06
9,sensor_6,4,1.342105263157205e-05
9,sensor_6,5,1.6842105263159296e-05
9,sensor_6,6,1.3421052631569924e-05
9,sensor_6,7,4.999999999998876e-06
9,sensor_6,8,4.999999999997992e-06
9,sensor_6,9,0.0
9,sensor_6,10,0.0
9,sensor_7,1,0.2866014285714241
9,sensor_7,2,0.1804450000000091
9,sensor_7,3,0.11255263157891851
9,sensor_7,4,0.0833094736842085
9,sensor_7,5,0.1539252631578869
9,sensor_7,6,0.10184105263157262
9,sensor_7,7,0.1250092105263109
9,sensor_7,8,0.12430947368420897
9,sensor_7,9,0.19453973684211043
9,sensor_7,10,0.2535944736841839
9,sensor_8,1,0.0012347619047685318
9,sensor_8,2,0.0005210526315841319
9,sensor_8,3,0.0007944736842176405
9,sensor_8,4,0.0009355263157929526
9,sensor_8,5,0.0009607894736829255
9,sensor_8,6,0.0005894736842167885
9,sensor_8,7,0.0010155263157932478
9,sensor_8,8,0.0010765789473734355
9,sensor_8,9,0.001215526315796105
9,sensor_8,10,0.01368526315789058
9,sensor_9,1,8.806842857147837
9,sensor_9,2,27.81380921052609
9,sensor_9,3,16.216927368420272
9,sensor_9,4,6.974623947370449
9,sensor_9,5,24.54260526316465
9,sensor_9,6,30.603646315791
9,sensor_9,7,30.571342105262662
9,sensor_9,8,62.390856842104874
9,sensor_9,9,142.07230421049798
9,sensor_9,10,544.1055250000696
9,sensor_10,1,0.0
9,sensor_10,2,0.0
9,sensor_10,3,0.0
9,sensor_10,4,0.0
9,sensor_10,5,0.0
9,sensor_10,6,0.0
9,sensor_10,7,0.0
9,sensor_10,8,0.0
9,sensor_10,9,0.0
9,sensor_10,10,0.0
9,sensor_11,1,0.009226190476190443
9,sensor_11,2,0.011194736842105155
9,sensor_11,3,0.013710263157894706
9,sensor_11,4,0.006693421052631453
9,sensor_11,5,0.00722605263157895
9,sensor_11,6,0.016722105263157844
9,sensor_11,7,0.008739736842105215
9,sensor_11,8,0.011242105263158253
9,sensor_11,9,0.0139144736842103
9,sensor_11,10,0.01973131578947263
9,sensor_12,1,0.06366571428571209
9,sensor_12,2,0.06726815789474098
9,sensor_12,3,0.14771447368420573
9,sensor_12,4,0.10861157894736308
9,sensor_12,5,0.07571026315790479
9,sensor_12,6,0.06089578947369726
9,sensor_12,7,0.08194210526315047
9,sensor_12,8,0.1641292105263455
9,sensor_12,9,0.15679578947368714
9,sensor_12,10,0.19359578947366698
9,sensor_13,1,0.001270000000007132
9,sensor_13,2,0.0009397368421098897
9,sensor_13,3,0.0007168421052734394
9,sensor_13,4,0.0018260526315693327
9,sensor_13,5,0.0009418421052736796
9,sensor_13,6,0.00046736842105816556
9,sensor_13,7,0.0016736842105322797
9,sensor_13,8,0.0005628947368456717
9,sensor_13,9,0.0015081578947305702
9,sensor_13,10,0.01665789473683545
9,sensor_14,1,7.881129047618754
9,sensor_14,2,10.735430263158309
9,sensor_14,3,8.075316842105853
9,sensor_14,4,8.69123447368359
9,sensor_14,5,6.99609763157906
9,sensor_14,6,8.988683157893085
9,sensor_14,7,21.134215526318734
9,sensor_14,8,32.639358947373296
9,sensor_14,9,133.0927747368788
9,sensor_14,10,349.1725818420584
9,sensor_15,1,0.0004471251428571372
9,sensor_15,2,0.00036896684210526673
9,sensor_15,3,0.0003965367105263271
9,sensor_15,4,0.0002711041052631549
9,sensor_15,5,0.0006416226052631608
9,sensor_15,6,0.0007607951578947336
9,sensor_15,7,0.0003095548421052824
9,sensor_15,8,0.00028170273684210794
9,sensor_15,9,0.0003773331315789453
9,sensor_15,10,0.0005854434473684141
9,sensor_16,1,0.0
9,sensor_16,2,0.0
9,sensor_16,3,0.0
9,sensor_16,4,0.0
9,sensor_16,5,0.0
9,sensor_16,6,0.0
9,sensor_16,7,0.0
9,sensor_16,8,0.0
9,sensor_16,9,0.0
9,sensor_16,10,0.0
9,sensor_17,1,0.6571428571428565
9,sensor_17,2,0.7368421052631627
9,sensor_17,3,0.6605263157894691
9,sensor_17,4,0.47368421052631465
9,sensor_17,5,1.0526315789473935
9,sensor_17,6,1.4842105263157404
9,sensor_17,7,1.0815789473684396
9,sensor_17,8,1.042105263157949
9,sensor_17,9,0.9763157894736914
9,sensor_17,10,1.4842105263157712
9,sensor_18,1,0.0
9,sensor_18,2,0.0
9,sensor_18,3,0.0
9,sensor_18,4,0.0
9,sensor_18,5,0.0
9,sensor_18,6,0.0
9,sensor_18,7,0.0
9,sensor_18,8,0.0
9,sensor_18,9,0.0
9,sensor_18,10,0.0
9,sensor_19,1,0.0
9,sensor_19,2,0.0
9,sensor_19,3,0.0
9,sensor_19,4,0.0
9,sensor_19,5,0.0
9,sensor_19,6,0.0
9,sensor_19,7,0.0
9,sensor_19,8,0.0
9,sensor_19,9,0.0
9,sensor_19,10,0.0
9,sensor_20,1,0.010140000000000125
9,sensor_20,2,0.009514473684210644
9,sensor_20,3,0.0063397368421054465
9,sensor_20,4,0.008623947368420716
9,sensor_20,5,0.010061842105263423
9,sensor_20,6,0.006026052631578814
9,sensor_20,7,0.009605000000000197
9,sensor_20,8,0.01020499999999984
9,sensor_20,9,0.01534631578947386
9,sensor_20,10,0.012844999999998944
9,sensor_21,1,0.0028227324761905094
9,sensor_21,2,0.0018642258947368865
9,sensor_21,3,0.003852668526315803
9,sensor_21,4,0.00287151526315787
9,sensor_21,5,0.0026437589473684068
9,sensor_21,6,0.0036824795789473486
9,sensor_21,7,0.004649513552631586
9,sensor_21,8,0.0034765204999999398
9,sensor_21,9,0.0048639120000000535
9,sensor_21,10,0.004844969473684412
10,setting_1,1,6.684505928853754e-06
10,setting_1,2,5.9304112554112555e-06
10,setting_1,3,2.5397619047619054e-06
10,setting_1,4,6.430844155844157e-06
10,setting_1,5,6.826168831168833e-06
10,setting_1,6,4.642532467532467e-06
10,setting_1,7,6.905627705627706e-06
10,setting_1,8,3.851709956709957e-06
10,setting_1,9,3.8606060606060626e-06
10,setting_1,10,5.143636363636364e-06
10,setting_2,1,7.766798418972332e-08
10,setting_2,2,5.636363636363636e-08
10,setting_2,3,8.181818181818182e-08
10,setting_2,4,1.024242424242424e-07
10,setting_2,5,8.207792207792208e-08
10,setting_2,6,8.72943722943723e-08
10,setting_2,7,8.337662337662338e-08
10,setting_2,8,8.694805194805194e-08
10,setting_2,9,8.279220779220779e-08
10,setting_2,10,5.588932806324111e-08
10,setting_3,1,0.0
10,setting_3,2,0.0
10,setting_3,3,0.0
10,setting_3,4,0.0
10,setting_3,5,0.0
10,setting_3,6,0.0
10,setting_3,7,0.0
10,setting_3,8,0.0
10,setting_3,9,0.0
10,setting_3,10,0.0
10,sensor_1,1,0.0
10,sensor_1,2,0.0
10,sensor_1,3,0.0
10,sensor_1,4,0.0
10,sensor_1,5,0.0
10,sensor_1,6,0.0
10,sensor_1,7,0.0
10,sensor_1,8,0.0
10,sensor_1,9,0.0
10,sensor_1,10,0.0
10,sensor_2,1,0.05106956521739654
10,sensor_2,2,0.1644909090908946
10,sensor_2,3,0.05649025974026276
10,sensor_2,4,0.06987792207792698
10,sensor_2,5,0.06776363636363511
10,sensor_2,6,0.07090043290044422
10,sensor_2,7,0.1721569264069292
10,sensor_2,8,0.06378982683983365
10,sensor_2,9,0.159027922077941
10,sensor_2,10,0.1215355731225748
10,sensor_3,1,14.46713122529656
10,sensor_3,2,21.19218268398333
10,sensor_3,3,14.697161038961488
10,sensor_3,4,11.094330086580404
10,sensor_3,5,17.64650216450205
10,sensor_3,6,12.604635497835725
10,sensor_3,7,16.058861688311822
10,sensor_3,8,26.52531363636344
10,sensor_3,9,26.91865714285722
10,sensor_3,10,25.997540316206997
10,sensor_4,1,10.417865612648235
10,sensor_4,2,14.49185995670987
10,sensor_4,3,9.703472727272915
10,sensor_4,4,20.623238095238225
10,sensor_4,5,18.94485216450235
10,sensor_4,6,17.032091991341595
10,sensor_4,7,13.292063419913632
10,sensor_4,8,18.624944588744714
10,sensor_4,9,19.257425324675207
10,sensor_4,10,29.06285138339865
10,sensor_5,1,0.0
10,sensor_5,2,0.0
10,sensor_5,3,0.0
10,sensor_5,4,0.0
10,sensor_5,5,0.0
10,sensor_5,6,0.0
10,sensor_5,7,0.0
10,sensor_5,8,0.0
10,sensor_5,9,0.0
10,sensor_5,10,0.0
10,sensor_6,1,1.5019762845841884e-05
10,sensor_6,2,1.2337662337658199e-05
10,sensor_6,3,1.5584415584406828e-05
10,sensor_6,4,4.545454545453826e-06
10,sensor_6,5,4.545454545456532e-06
10,sensor_6,6,0.0
10,sensor_6,7,0.0
10,sensor_6,8,0.0
10,sensor_6,9,0.0
10,sensor_6,10,0.0
10,sensor_7,1,0.1175482213438645
10,sensor_7,2,0.18132380952379026
10,sensor_7,3,0.1751714285714272
10,sensor_7,4,0.08635757575757663
10,sensor_7,5,0.19598376623376276
10,sensor_7,6,0.11645367965366878
10,sensor_7,7,0.19488506493507593
10,sensor_7,8,0.2218712121211818
10,sensor_7,9,0.30377142857145256
10,sensor_7,10,0.14456956521738593
10,sensor_8,1,0.0005573122529669276
10,sensor_8,2,0.0007679653679671632
10,sensor_8,3,0.0010727272727293652
10,sensor_8,4,0.001128354978361493
10,sensor_8,5,0.001140259740263039
10,sensor_8,6,0.000929870129871432
10,sensor_8,7,0.0012443722943777347
10,sensor_8,8,0.0008417748917763342
10,sensor_8,9,0.0011714285714273778
10,sensor_8,10,0.0015545454545449289
10,sensor_9,1,16.281567984186466
10,sensor_9,2,23.51708333332985
10,sensor_9,3,8.732659956712988
10,sensor_9,4,17.30358008658227
10,sensor_9,5,18.994837445888134
10,sensor_9,6,11.936102380953079
10,sensor_9,7,18.211549134197952
10,sensor_9,8,28.187637445894353
10,sensor_9,9,58.2825800865662
10,sensor_9,10,68.56629683794743
10,sensor_10,1,0.0
10,sensor_10,2,0.0
10,sensor_10,3,0.0
10,sensor_10,4,0.0
10,sensor_10,5,0.0
10,sensor_10,6,0.0
10,sensor_10,7,0.0
10,sensor_10,8,0.0
10,sensor_10,9,0.0
10,sensor_10,10,0.0
10,sensor_11,1,0.006753754940711503
10,sensor_11,2,0.007989826839826799
10,sensor_11,3,0.011042640692640963
10,sensor_11,4,0.011806060606060325
10,sensor_11,5,0.005961038961039053
10,sensor_11,6,0.00917835497835524
10,sensor_11,7,0.01126406926406943
10,sensor_11,8,0.010802813852814008
10,sensor_11,9,0.015230303030303195
10,sensor_11,10,0.014061264822134288
10,sensor_12,1,0.07188023715414796
10,sensor_12,2,0.10984935064935582
10,sensor_12,3,0.10239740259739702
10,sensor_12,4,0.07670757575758422
10,sensor_12,5,0.06547272727272996
10,sensor_12,6,0.09034458874458971
10,sensor_12,7,0.08995411255410714
10,sensor_12,8,0.06527272727273736
10,sensor_12,9,0.13387359307360072
10,sensor_12,10,0.16401462450588716
10,sensor_13,1,0.000492885375497173
10,sensor_13,2,0.0007593073593162097
10,sensor_13,3,0.0012158008658033942
10,sensor_13,4,0.0014354978355053916
10,sensor_13,5,0.0009751082251103311
10,sensor_13,6,0.0003170995670995517
10,sensor_13,7,0.0007283549783456513
10,sensor_13,8,0.00104264069263301
10,sensor_13,9,0.000872943722938105
10,sensor_13,10,0.001317391304347614
10,sensor_14,1,3.5962885375495914
10,sensor_14,2,13.13558030303012
10,sensor_14,3,11.019606926406501
10,sensor_14,4,8.203721212120232
10,sensor_14,5,9.62079761904811
10,sensor_14,6,12.449599350649603
10,sensor_14,7,11.878031385281862
10,sensor_14,8,11.681883116883998
10,sensor_14,9,31.019369047612216
10,sensor_14,10,44.22064189722619
10,sensor_15,1,0.000392134308300413
10,sensor_15,2,0.00036912902597401623
10,sensor_15,3,0.0005910859956710018
10,sensor_15,4,0.0003147756060605996
10,sensor_15,5,0.0003950103896103983
10,sensor_15,6,0.0003265475324675253
10,sensor_15,7,0.0002924930735930721
10,sensor_15,8,0.0007057106493506551
10,sensor_15,9,0.0003084758658008638
10,sensor_15,10,0.0004231678656126735
10,sensor_16,1,0.0
10,sensor_16,2,0.0
10,sensor_16,3,0.0
10,sensor_16,4,0.0
10,sensor_16,5,0.0
10,sensor_16,6,0.0
10,sensor_16,7,0.0
10,sensor_16,8,0.0
10,sensor_16,9,0.0
10,sensor_16,10,0.0
10,sensor_17,1,0.7035573122529775
10,sensor_17,2,0.5995670995670934
10,sensor_17,3,1.1601731601731928
10,sensor_17,4,0.885281385281384
10,sensor_17,5,1.1168831168831337
10,sensor_17,6,1.110389610389593
10,sensor_17,7,1.015151515151526
10,sensor_17,8,1.3073593073592942
10,sensor_17,9,0.8484848484848536
10,sensor_17,10,1.339920948616588
10,sensor_18,1,0.0
10,sensor_18,2,0.0
10,sensor_18,3,0.0
10,sensor_18,4,0.0
10,sensor_18,5,0.0
10,sensor_18,6,0.0
10,sensor_18,7,0.0
10,sensor_18,8,0.0
10,sensor_18,9,0.0
10,sensor_18,10,0.0
10,sensor_19,1,0.0
10,sensor_19,2,0.0
10,sensor_19,3,0.0
10,sensor_19,4,0.0
10,sensor_19,5,0.0
10,sensor_19,6,0.0
10,sensor_19,7,0.0
10,sensor_19,8,0.0
10,sensor_19,9,0.0
10,sensor_19,10,0.0
10,sensor_20,1,0.009095256916996098
10,sensor_20,2,0.018380303030303257
10,sensor_20,3,0.006235497835497915
10,sensor_20,4,0.007559307359307312
10,sensor_20,5,0.014195670995671246
10,sensor_20,6,0.009521212121212349
10,sensor_20,7,0.011928354978355149
10,sensor_20,8,0.009298051948051935
10,sensor_20,9,0.011811255411255703
10,sensor_20,10,0.017216996047430325
10,sensor_21,1,0.003732006047430786
10,sensor_21,2,0.003067454978354979
10,sensor_21,3,0.005041580627705623
10,sensor_21,4,0.0015965879004329192
10,sensor_21,5,0.0020643890259741055
10,sensor_21,6,0.004043087554112592
10,sensor_21,7,0.0027046600000000497
10,sensor_21,8,0.0034005540476191917
10,sensor_21,9,0.0038879298051949585
10,sensor_21,10,0.005265872371541514
11,setting_1,1,1.7099818840579708e-06
11,setting_1,2,3.529547101449275e-06
11,setting_1,3,5.2265036231884055e-06
11,setting_1,4,3.7671739130434784e-06
11,setting_1,5,4.3567391304347824e-06
11,setting_1,6,3.2155797101449282e-06
11,setting_1,7,3.8086231884057975e-06
11,setting_1,8,5.501739130434781e-06
11,setting_1,9,4.077101449275362e-06
11,setting_1,10,3.291884057971014e-06
11,setting_2,1,7.896739130434783e-08
11,setting_2,2,8.405797101449275e-08
11,setting_2,3,1.1215579710144929e-07
11,setting_2,4,6.911231884057971e-08
11,setting_2,5,6.954710144927537e-08
11,setting_2,6,9.954710144927539e-08
11,setting_2,7,8.867753623188405e-08
11,setting_2,8,7.326086956521738e-08
11,setting_2,9,6.369565217391304e-08
11,setting_2,10,9.983695652173914e-08
11,setting_3,1,0.0
11,setting_3,2,0.0
11,setting_3,3,0.0
11,setting_3,4,0.0
11,setting_3,5,0.0
11,setting_3,6,0.0
11,setting_3,7,0.0
11,setting_3,8,0.0
11,setting_3,9,0.0
11,setting_3,10,0.0
11,sensor_1,1,0.0
11,sensor_1,2,0.0
11,sensor_1,3,0.0
11,sensor_1,4,0.0
11,sensor_1,5,0.0
11,sensor_1,6,0.0
11,sensor_1,7,0.0
11,sensor_1,8,0.0
11,sensor_1,9,0.0
11,sensor_1,10,0.0
11,sensor_2,1,0.09553894927536606
11,sensor_2,2,0.11356938405796582
11,sensor_2,3,0.05856231884057533
11,sensor_2,4,0.06443894927535622
11,sensor_2,5,0.04562155797102401
11,sensor_2,6,0.1235259057971012
11,sensor_2,7,0.09675199275362525
11,sensor_2,8,0.08405434782606776
11,sensor_2,9,0.11124619565217629
11,sensor_2,10,0.050891123188415446
11,sensor_3,1,16.54672155797063
11,sensor_3,2,16.979355797101697
11,sensor_3,3,22.841026086956475
11,sensor_3,4,13.196379710145134
11,sensor_3,5,17.317320108695345
11,sensor_3,6,15.611028804348129
11,sensor_3,7,14.126247644927572
11,sensor_3,8,21.850382427535752
11,sensor_3,9,11.278736231884325
11,sensor_3,10,25.756691123188133
11,sensor_4,1,17.628692753623238
11,sensor_4,2,14.111121557971012
11,sensor_4,3,15.432513043478062
11,sensor_4,4,15.584939130434881
11,sensor_4,5,21.9169905797103
11,sensor_4,6,11.148318840579513
11,sensor_4,7,15.970449275362887
11,sensor_4,8,29.86434492753575
11,sensor_4,9,18.622354891304212
11,sensor_4,10,27.70459927536222
11,sensor_5,1,0.0
11,sensor_5,2,0.0
11,sensor_5,3,0.0
11,sensor_5,4,0.0
11,sensor_5,5,0.0
11,sensor_5,6,0.0
11,sensor_5,7,0.0
11,sensor_5,8,0.0
11,sensor_5,9,0.0
11,sensor_5,10,0.0
11,sensor_6,1,1.9565217391290475e-05
11,sensor_6,2,1.1413043478257567e-05
11,sensor_6,3,0.0
11,sensor_6,4,0.0
11,sensor_6,5,4.166666666664906e-06
11,sensor_6,6,0.0
11,sensor_6,7,4.166666666664302e-06
11,sensor_6,8,0.0
11,sensor_6,9,0.0
11,sensor_6,10,0.0
11,sensor_7,1,0.11703188405792264
11,sensor_7,2,0.21173894927532771
11,sensor_7,3,0.24113043478260257
11,sensor_7,4,0.10788405797100709
11,sensor_7,5,0.1876231884057924
11,sensor_7,6,0.19949836956522937
11,sensor_7,7,0.11787807971014817
11,sensor_7,8,0.1530753623188119
11,sensor_7,9,0.23139347826082912
11,sensor_7,10,0.3133998188405783
11,sensor_8,1,0.0007818840579705462
11,sensor_8,2,0.0010070652173951107
11,sensor_8,3,0.0010862318840554185
11,sensor_8,4,0.0010282608695576254
11,sensor_8,5,0.0012173913043502683
11,sensor_8,6,0.0012998188405809476
11,sensor_8,7,0.0012173913043465737
11,sensor_8,8,0.0012601449275362127
11,sensor_8,9,0.000936231884062879
11,sensor_8,10,0.0028079710144686214
11,sensor_9,1,15.926979710141769
11,sensor_9,2,23.32884057970664
11,sensor_9,3,16.635431884060335
11,sensor_9,4,16.13021286231987
11,sensor_9,5,21.459504347820154
11,sensor_9,6,37.7369130434882
11,sensor_9,7,12.996969384055337
11,sensor_9,8,19.274773731894424
11,sensor_9,9,53.9031085145012
11,sensor_9,10,182.86409547098182
11,sensor_10,1,0.0
11,sensor_10,2,0.0
11,sensor_10,3,0.0
11,sensor_10,4,0.0
11,sensor_10,5,0.0
11,sensor_10,6,0.0
11,sensor_10,7,0.0
11,sensor_10,8,0.0
11,sensor_10,9,0.0
11,sensor_10,10,0.0
11,sensor_11,1,0.007408695652173768
11,sensor_11,2,0.006138949275362138
11,sensor_11,3,0.006721014492753435
11,sensor_11,4,0.01110434782608683
11,sensor_11,5,0.010677536231883908
11,sensor_11,6,0.006437499999999815
11,sensor_11,7,0.011480978260869487
11,sensor_11,8,0.016257971014492386
11,sensor_11,9,0.009347644927536158
11,sensor_11,10,0.014781884057972206
11,sensor_12,1,0.08271231884057641
11,sensor_12,2,0.07325797101449104
11,sensor_12,3,0.06739057971014616
11,sensor_12,4,0.10639547101449968
11,sensor_12,5,0.0867623188405911
11,sensor_12,6,0.1038998188405809
11,sensor_12,7,0.10476739130436527
11,sensor_12,8,0.04373623188405445
11,sensor_12,9,0.13691014492752973
11,sensor_12,10,0.14684764492751082
11,sensor_13,1,0.0010630434782681797
11,sensor_13,2,0.0011172101449367707
11,sensor_13,3,0.0008057971014491331
11,sensor_13,4,0.0016318840579687443
11,sensor_13,5,0.001078260869573035
11,sensor_13,6,0.0011623188405836655
11,sensor_13,7,0.0006869565217387025
11,sensor_13,8,0.0011971014492713607
11,sensor_13,9,0.0016108695652129023
11,sensor_13,10,0.0008666666666725684
11,sensor_14,1,8.807503623188907
11,sensor_14,2,8.318817391305014
11,sensor_14,3,8.512353623188575
11,sensor_14,4,6.6199896739134
11,sensor_14,5,13.010643478261025
11,sensor_14,6,14.70516503623148
11,sensor_14,7,17.48566358695516
11,sensor_14,8,24.227059239132103
11,sensor_14,9,46.53047807971387
11,sensor_14,10,105.40224927537682
11,sensor_15,1,0.0005388482427536065
11,sensor_15,2,0.0003191772282608682
11,sensor_15,3,0.00027178505434784494
11,sensor_15,4,0.00020762519927536305
11,sensor_15,5,0.0006064414492753734
11,sensor_15,6,0.0003474993478261035
11,sensor_15,7,0.00027018418478261654
11,sensor_15,8,0.0002791838949275488
11,sensor_15,9,0.00028077432971014663
11,sensor_15,10,0.000697338677536228
11,sensor_16,1,0.0
11,sensor_16,2,0.0
11,sensor_16,3,0.0
11,sensor_16,4,0.0
11,sensor_16,5,0.0
11,sensor_16,6,0.0
11,sensor_16,7,0.0
11,sensor_16,8,0.0
11,sensor_16,9,0.0
11,sensor_16,10,0.0
11,sensor_17,1,0.7753623188405656
11,sensor_17,2,1.1231884057971109
11,sensor_17,3,0.7536231884058037
11,sensor_17,4,1.389492753623206
11,sensor_17,5,0.7228260869565196
11,sensor_17,6,0.6956521739130319
11,sensor_17,7,0.514492753623177
11,sensor_17,8,0.8242753623188426
11,sensor_17,9,1.0416666666666763
11,sensor_17,10,1.0144927536231905
11,sensor_18,1,0.0
11,sensor_18,2,0.0
11,sensor_18,3,0.0
11,sensor_18,4,0.0
11,sensor_18,5,0.0
11,sensor_18,6,0.0
11,sensor_18,7,0.0
11,sensor_18,8,0.0
11,sensor_18,9,0.0
11,sensor_18,10,0.0
11,sensor_19,1,0.0
11,sensor_19,2,0.0
11,sensor_19,3,0.0
11,sensor_19,4,0.0
11,sensor_19,5,0.0
11,sensor_19,6,0.0
11,sensor_19,7,0.0
11,sensor_19,8,0.0
11,sensor_19,9,0.0
11,sensor_19,10,0.0
11,sensor_20,1,0.01018260869565193
11,sensor_20,2,0.014823188405797
11,sensor_20,3,0.010304166666666491
11,sensor_20,4,0.007434057971014834
11,sensor_20,5,0.014008514492753723
11,sensor_20,6,0.013475362318840372
11,sensor_20,7,0.018460688405797128
11,sensor_20,8,0.009799818840579658
11,sensor_20,9,0.013894021739130019
11,sensor_20,10,0.01573913043478329
11,sensor_21,1,0.0033256267934782687
11,sensor_21,2,0.0036459550543477513
11,sensor_21,3,0.005838055634057901
11,sensor_21,4,0.004323237807970983
11,sensor_21,5,0.002145160579710168
11,sensor_21,6,0.006785639057970968
11,sensor_21,7,0.0017422962318840477
11,sensor_21,8,0.00449613780797104
11,sensor_21,9,0.003277696739130406
11,sensor_21,10,0.004624890271739026
12,setting_1,1,5.07360294117647e-06
12,setting_1,2,3.3876470588235293e-06
12,setting_1,3,3.6506617647058824e-06
12,setting_1,4,6.8705882352941175e-06
12,setting_1,5,4.270661764705883e-06
12,setting_1,6,7.507426470588237e-06
12,setting_1,7,2.729338235294118e-06
12,setting_1,8,2.5649264705882355e-06
12,setting_1,9,4.726911764705881e-06
12,setting_1,10,3.4388970588235286e-06
12,setting_2,1,8e-08
12,setting_2,2,1.1154411764705882e-07
12,setting_2,3,9.000000000000003e-08
12,setting_2,4,8.257352941176469e-08
12,setting_2,5,6.24264705882353e-08
12,setting_2,6,1.001470588235294e-07
12,setting_2,7,9.558823529411765e-08
12,setting_2,8,7.529411764705884e-08
12,setting_2,9,6.889705882352941e-08
12,setting_2,10,5.470588235294118e-08
12,setting_3,1,0.0
12,setting_3,2,0.0
12,setting_3,3,0.0
12,setting_3,4,0.0
12,setting_3,5,0.0
12,setting_3,6,0.0
12,setting_3,7,0.0
12,setting_3,8,0.0
12,setting_3,9,0.0
12,setting_3,10,0.0
12,sensor_1,1,0.0
12,sensor_1,2,0.0
12,sensor_1,3,0.0
12,sensor_1,4,0.0
12,sensor_1,5,0.0
12,sensor_1,6,0.0
12,sensor_1,7,0.0
12,sensor_1,8,0.0
12,sensor_1,9,0.0
12,sensor_1,10,0.0
12,sensor_2,1,0.10344044117647588
12,sensor_2,2,0.0528470588235374
12,sensor_2,3,0.09298161764705379
12,sensor_2,4,0.09774338235293016
12,sensor_2,5,0.12947426470587567
12,sensor_2,6,0.12027205882352776
12,sensor_2,7,0.06145588235293695
12,sensor_2,8,0.0783470588235375
12,sensor_2,9,0.09818823529411014
12,sensor_2,10,0.08823088235293568
12,sensor_3,1,14.403636029411874
12,sensor_3,2,22.36913897058792
12,sensor_3,3,11.140665441176518
12,sensor_3,4,13.791152941176112
12,sensor_3,5,9.194990441177017
12,sensor_3,6,9.167134558823617
12,sensor_3,7,13.798769117647032
12,sensor_3,8,39.381661029412264
12,sensor_3,9,20.887136764705918
12,sensor_3,10,15.165540441176612
12,sensor_4,1,14.173450735294304
12,sensor_4,2,8.902244117646791
12,sensor_4,3,15.556481617647073
12,sensor_4,4,12.25017647058837
12,sensor_4,5,20.752084558823068
12,sensor_4,6,13.515509558823522
12,sensor_4,7,12.624013235294065
12,sensor_4,8,26.832684558823324
12,sensor_4,9,10.485269117647187
12,sensor_4,10,26.501165441176408
12,sensor_5,1,0.0
12,sensor_5,2,0.0
12,sensor_5,3,0.0
12,sensor_5,4,0.0
12,sensor_5,5,0.0
12,sensor_5,6,0.0
12,sensor_5,7,0.0
12,sensor_5,8,0.0
12,sensor_5,9,0.0
12,sensor_5,10,0.0
12,sensor_6,1,0.0
12,sensor_6,2,0.0
12,sensor_6,3,0.0
12,sensor_6,4,0.0
12,sensor_6,5,0.0
12,sensor_6,6,0.0
12,sensor_6,7,0.0
12,sensor_6,8,0.0
12,sensor_6,9,0.0
12,sensor_6,10,0.0
12,sensor_7,1,0.24884044117649032
12,sensor_7,2,0.150034558823527
12,sensor_7,3,0.11717352941176401
12,sensor_7,4,0.23537647058824762
12,sensor_7,5,0.1916139705882503
12,sensor_7,6,0.23400661764705463
12,sensor_7,7,0.08191176470590218
12,sensor_7,8,0.199477941176447
12,sensor_7,9,0.3401132352941168
12,sensor_7,10,0.19531544117650296
12,sensor_8,1,0.001431617647052981
12,sensor_8,2,0.0009235294117648283
12,sensor_8,3,0.0005860294117620578
12,sensor_8,4,0.0009904411764593535
12,sensor_8,5,0.0007529411764683587
12,sensor_8,6,0.0007433823529359054
12,sensor_8,7,0.0006742647058714473
12,sensor_8,8,0.0007691176470590712
12,sensor_8,9,0.0007691176470605157
12,sensor_8,10,0.0009117647058803225
12,sensor_9,1,18.378469117649907
12,sensor_9,2,24.261277941176232
12,sensor_9,3,8.185605882352878
12,sensor_9,4,18.787125735294794
12,sensor_9,5,25.728065441175065
12,sensor_9,6,11.422718382353146
12,sensor_9,7,25.171713970581987
12,sensor_9,8,11.273927941176472
12,sensor_9,9,10.744449264705915
12,sensor_9,10,18.116559558826474
12,sensor_10,1,0.0
12,sensor_10,2,0.0
12,sensor_10,3,0.0
12,sensor_10,4,0.0
12,sensor_10,5,0.0
12,sensor_10,6,0.0
12,sensor_10,7,0.0
12,sensor_10,8,0.0
12,sensor_10,9,0.0
12,sensor_10,10,0.0
12,sensor_11,1,0.010168382352940973
12,sensor_11,2,0.013755882352941121
12,sensor_11,3,0.008498529411764768
12,sensor_11,4,0.011238235294117563
12,sensor_11,5,0.015084558823529432
12,sensor_11,6,0.015002941176470618
12,sensor_11,7,0.007944117647058591
12,sensor_11,8,0.01228455882352949
12,sensor_11,9,0.01602794117647051
12,sensor_11,10,0.008709558823529546
12,sensor_12,1,0.07828602941176419
12,sensor_12,2,0.035251470588241796
12,sensor_12,3,0.07527352941175994
12,sensor_12,4,0.08006544117646501
12,sensor_12,5,0.1480882352941133
12,sensor_12,6,0.09787352941176379
12,sensor_12,7,0.1479470588235316
12,sensor_12,8,0.0942433823529302
12,sensor_12,9,0.06454338235294368
12,sensor_12,10,0.17096838235297093
12,sensor_13,1,0.0008389705882305772
12,sensor_13,2,0.0007345588235267027
12,sensor_13,3,0.0010110294117632857
12,sensor_13,4,0.0008058823529355908
12,sensor_13,5,0.0010220588235226428
12,sensor_13,6,0.0007970588235250041
12,sensor_13,7,0.0007139705882328565
12,sensor_13,8,0.0011595588235328972
12,sensor_13,9,0.0015735294117686796
12,sensor_13,10,0.0010389705882392461
12,sensor_14,1,6.860265441176476
12,sensor_14,2,12.117352941177444
12,sensor_14,3,12.666201470587854
12,sensor_14,4,15.249287499999909
12,sensor_14,5,5.933136764706625
12,sensor_14,6,10.663386029410816
12,sensor_14,7,9.919481617647788
12,sensor_14,8,14.122522058822511
12,sensor_14,9,11.324274264705815
12,sensor_14,10,12.226798529410146
12,sensor_15,1,0.0002559005882352905
12,sensor_15,2,0.0002403236764705981
12,sensor_15,3,0.0002459227941176425
12,sensor_15,4,0.000328250147058822
12,sensor_15,5,0.00047701132352943307
12,sensor_15,6,0.0004288602941176574
12,sensor_15,7,0.0003665138970588095
12,sensor_15,8,0.0004927823529411733
12,sensor_15,9,0.00047748867647058596
12,sensor_15,10,0.0005293863235294363
12,sensor_16,1,0.0
12,sensor_16,2,0.0
12,sensor_16,3,0.0
12,sensor_16,4,0.0
12,sensor_16,5,0.0
12,sensor_16,6,0.0
12,sensor_16,7,0.0
12,sensor_16,8,0.0
12,sensor_16,9,0.0
12,sensor_16,10,0.0
12,sensor_17,1,0.68382352941175
12,sensor_17,2,1.007352941176486
12,sensor_17,3,1.1102941176470553
12,sensor_17,4,0.808823529411768
12,sensor_17,5,1.3602941176470331
12,sensor_17,6,0.9852941176470601
12,sensor_17,7,1.1176470588235428
12,sensor_17,8,0.9044117647059134
12,sensor_17,9,1.4338235294117374
12,sensor_17,10,0.8161764705882281
12,sensor_18,1,0.0
12,sensor_18,2,0.0
12,sensor_18,3,0.0
12,sensor_18,4,0.0
12,sensor_18,5,0.0
12,sensor_18,6,0.0
12,sensor_18,7,0.0
12,sensor_18,8,0.0
12,sensor_18,9,0.0
12,sensor_18,10,0.0
12,sensor_19,1,0.0
12,sensor_19,2,0.0
12,sensor_19,3,0.0
12,sensor_19,4,0.0
12,sensor_19,5,0.0
12,sensor_19,6,0.0
12,sensor_19,7,0.0
12,sensor_19,8,0.0
12,sensor_19,9,0.0
12,sensor_19,10,0.0
12,sensor_20,1,0.008234558823529319
12,sensor_20,2,0.019140441176470006
12,sensor_20,3,0.006809558823529212
12,sensor_20,4,0.009731617647059002
12,sensor_20,5,0.005068382352941262
12,sensor_20,6,0.011248529411764603
12,sensor_20,7,0.013123529411764409
12,sensor_20,8,0.01687205882352975
12,sensor_20,9,0.01398455882352964
12,sensor_20,10,0.013348529411764834
12,sensor_21,1,0.006184665661764728
12,sensor_21,2,0.0033075275735294503
12,sensor_21,3,0.003395869705882349
12,sensor_21,4,0.0021520884558822607
12,sensor_21,5,0.0036817338235293753
12,sensor_21,6,0.0026966300000000154
12,sensor_21,7,0.0027422781617647256
12,sensor_21,8,0.003131339926470802
12,sensor_21,9,0.006149770661764681
12,sensor_21,10,0.0038445440441176445
13,setting_1,1,5.268897058823528e-06
13,setting_1,2,2.0118333333333334e-06
13,setting_1,3,5.343833333333334e-06
13,setting_1,4,5.9265e-06
13,setting_1,5,4.1309558823529414e-06
13,setting_1,6,3.512291666666667e-06
13,setting_1,7,4.024e-06
13,setting_1,8,4.399333333333333e-06
13,setting_1,9,3.9198333333333336e-06
13,setting_1,10,3.869926470588235e-06
13,setting_2,1,9.00735294117647e-08
13,setting_2,2,6.733333333333333e-08
13,setting_2,3,9.316666666666666e-08
13,setting_2,4,1.2649999999999997e-07
13,setting_2,5,6.720588235294118e-08
13,setting_2,6,1.0895833333333333e-07
13,setting_2,7,7.05e-08
13,setting_2,8,7.05e-08
13,setting_2,9,5.0000000000000004e-08
13,setting_2,10,6.941176470588236e-08
13,setting_3,1,0.0
13,setting_3,2,0.0
13,setting_3,3,0.0
13,setting_3,4,0.0
13,setting_3,5,0.0
13,setting_3,6,0.0
13,setting_3,7,0.0
13,setting_3,8,0.0
13,setting_3,9,0.0
13,setting_3,10,0.0
13,sensor_1,1,0.0
13,sensor_1,2,0.0
13,sensor_1,3,0.0
13,sensor_1,4,0.0
13,sensor_1,5,0.0
13,sensor_1,6,0.0
13,sensor_1,7,0.0
13,sensor_1,8,0.0
13,sensor_1,9,0.0
13,sensor_1,10,0.0
13,sensor_2,1,0.13094926470586007
13,sensor_2,2,0.10213333333331891
13,sensor_2,3,0.07603833333334144
13,sensor_2,4,0.0680295833333224
13,sensor_2,5,0.08269338235294528
13,sensor_2,6,0.05269999999999777
13,sensor_2,7,0.10336666666666786
13,sensor_2,8,0.14160666666665836
13,sensor_2,9,0.06551833333333854
13,sensor_2,10,0.08925661764706881
13,sensor_3,1,10.188869117647176
13,sensor_3,2,11.64808666666688
13,sensor_3,3,16.453912916666486
13,sensor_3,4,16.585420000000237
13,sensor_3,5,6.739611764705632
13,sensor_3,6,20.151739999999975
13,sensor_3,7,15.905051666667115
13,sensor_3,8,16.387679583333277
13,sensor_3,9,9.986813333333233
13,sensor_3,10,26.726647058824014
13,sensor_4,1,14.803134558823102
13,sensor_4,2,2.5548562499998897
13,sensor_4,3,13.525679583333389
13,sensor_4,4,17.573851666666744
13,sensor_4,5,12.694430882352929
13,sensor_4,6,13.442082916667077
13,sensor_4,7,9.087119583333317
13,sensor_4,8,11.758800000000063
13,sensor_4,9,10.497262916666918
13,sensor_4,10,28.004918382352873
13,sensor_5,1,0.0
13,sensor_5,2,0.0
13,sensor_5,3,0.0
13,sensor_5,4,0.0
13,sensor_5,5,0.0
13,sensor_5,6,0.0
13,sensor_5,7,0.0
13,sensor_5,8,0.0
13,sensor_5,9,0.0
13,sensor_5,10,0.0
13,sensor_6,1,0.0
13,sensor_6,2,0.0
13,sensor_6,3,0.0
13,sensor_6,4,0.0
13,sensor_6,5,0.0
13,sensor_6,6,0.0
13,sensor_6,7,0.0
13,sensor_6,8,0.0
13,sensor_6,9,0.0
13,sensor_6,10,0.0
13,sensor_7,1,0.127075000000009
13,sensor_7,2,0.1531895833333514
13,sensor_7,3,0.0919429166666708
13,sensor_7,4,0.09954291666666466
13,sensor_7,5,0.13186544117647986
13,sensor_7,6,0.19940958333332992
13,sensor_7,7,0.2055333333333382
13,sensor_7,8,0.07034500000000979
13,sensor_7,9,0.15923291666666345
13,sensor_7,10,0.16753897058823325
13,sensor_8,1,0.0005691176470615187
13,sensor_8,2,0.0008516666666600998
13,sensor_8,3,0.0006249999999985663
13,sensor_8,4,0.000639583333336302
13,sensor_8,5,0.0006382352941115715
13,sensor_8,6,0.0009599999999954194
13,sensor_8,7,0.0010595833333306725
13,sensor_8,8,0.0011129166666718
13,sensor_8,9,0.001771666666664724
13,sensor_8,10,0.0004735294117668736
13,sensor_9,1,12.076436029409786
13,sensor_9,2,16.219326249998836
13,sensor_9,3,31.595919583336013
13,sensor_9,4,16.60377333332877
13,sensor_9,5,15.769011029411052
13,sensor_9,6,19.059126249992453
13,sensor_9,7,23.836611666665096
13,sensor_9,8,24.524531666668008
13,sensor_9,9,57.1430199999886
13,sensor_9,10,111.61026323528344
13,sensor_10,1,0.0
13,sensor_10,2,0.0
13,sensor_10,3,0.0
13,sensor_10,4,0.0
13,sensor_10,5,0.0
13,sensor_10,6,0.0
13,sensor_10,7,0.0
13,sensor_10,8,0.0
13,sensor_10,9,0.0
13,sensor_10,10,0.0
13,sensor_11,1,0.007611029411764559
13,sensor_11,2,0.0063695833333333165
13,sensor_11,3,0.009829583333333407
13,sensor_11,4,0.005973333333333182
13,sensor_11,5,0.00939852941176465
13,sensor_11,6,0.01777166666666691
13,sensor_11,7,0.01826499999999991
13,sensor_11,8,0.010411666666666625
13,sensor_11,9,0.004216249999999957
13,sensor_11,10,0.028150000000001243
13,sensor_12,1,0.1350139705882093
13,sensor_12,2,0.11097166666665734
13,sensor_12,3,0.062729583333328
13,sensor_12,4,0.11582291666666993
13,sensor_12,5,0.10203823529413009
13,sensor_12,6,0.13549166666665885
13,sensor_12,7,0.10445625000000613
13,sensor_12,8,0.07219291666668327
13,sensor_12,9,0.09185166666664127
13,sensor_12,10,0.1418154411764656
13,sensor_13,1,0.0008985294117577954
13,sensor_13,2,0.0008095833333318434
13,sensor_13,3,0.0009533333333304137
13,sensor_13,4,0.0006329166666684679
13,sensor_13,5,0.001152941176468252
13,sensor_13,6,0.0008795833333241151
13,sensor_13,7,0.000986249999989622
13,sensor_13,8,0.0006762500000003362
13,sensor_13,9,0.0004762499999926632
13,sensor_13,10,0.0006235294117709672
13,sensor_14,1,9.401213235294463
13,sensor_14,2,11.513345000000028
13,sensor_14,3,8.27366666666808
13,sensor_14,4,17.221571666665323
13,sensor_14,5,15.618737500000128
13,sensor_14,6,12.00065291666874
13,sensor_14,7,7.72110666666393
13,sensor_14,8,19.601716249999434
13,sensor_14,9,43.03413166666756
13,sensor_14,10,132.9649007353044
13,sensor_15,1,0.0004353998529411746
13,sensor_15,2,0.000293933333333297
13,sensor_15,3,0.0004561739583333473
13,sensor_15,4,0.00027910262500000985
13,sensor_15,5,0.000639406323529416
13,sensor_15,6,0.0004940902916666665
13,sensor_15,7,0.00043886795833333626
13,sensor_15,8,0.0003661466666666737
13,sensor_15,9,0.0008400905000000256
13,sensor_15,10,0.0005096097058823331
13,sensor_16,1,0.0
13,sensor_16,2,0.0
13,sensor_16,3,0.0
13,sensor_16,4,0.0
13,sensor_16,5,0.0
13,sensor_16,6,0.0
13,sensor_16,7,0.0
13,sensor_16,8,0.0
13,sensor_16,9,0.0
13,sensor_16,10,0.0
13,sensor_17,1,1.117647058823533
13,sensor_17,2,0.695833333333318
13,sensor_17,3,0.8625000000000235
13,sensor_17,4,0.6958333333333283
13,sensor_17,5,2.110294117647076
13,sensor_17,6,0.5291666666666662
13,sensor_17,7,0.42916666666665176
13,sensor_17,8,1.2958333333333274
13,sensor_17,9,1.6000000000000052
13,sensor_17,10,1.1911764705883034
13,sensor_18,1,0.0
13,sensor_18,2,0.0
13,sensor_18,3,0.0
13,sensor_18,4,0.0
13,sensor_18,5,0.0
13,sensor_18,6,0.0
13,sensor_18,7,0.0
13,sensor_18,8,0.0
13,sensor_18,9,0.0
13,sensor_18,10,0.0
13,sensor_19,1,0.0
13,sensor_19,2,0.0
13,sensor_19,3,0.0
13,sensor_19,4,0.0
13,sensor_19,5,0.0
13,sensor_19,6,0.0
13,sensor_19,7,0.0
13,sensor_19,8,0.0
13,sensor_19,9,0.0
13,sensor_19,10,0.0
13,sensor_20,1,0.01370294117647059
13,sensor_20,2,0.008092916666666415
13,sensor_20,3,0.01815333333333346
13,sensor_20,4,0.014966249999999983
13,sensor_20,5,0.011186764705882599
13,sensor_20,6,0.010531666666666713
13,sensor_20,7,0.01474625000000001
13,sensor_20,8,0.0046729166666667635
13,sensor_20,9,0.00872625000000009
13,sensor_20,10,0.01926397058823511
13,sensor_21,1,0.003736491323529434
13,sensor_21,2,0.0032721682916666364
13,sensor_21,3,0.00323521983333338
13,sensor_21,4,0.0038939129583333834
13,sensor_21,5,0.0017341613970588256
13,sensor_21,6,0.002129354625000036
13,sensor_21,7,0.0029063869583334156
13,sensor_21,8,0.00452845529166657
13,sensor_21,9,0.0034601859999998995
13,sensor_21,10,0.0037421749264705444
14,setting_1,1,3.8081045751633984e-06
14,setting_1,2,2.3507516339869287e-06
14,setting_1,3,5.2068300653594765e-06
14,setting_1,4,5.592712418300653e-06
14,setting_1,5,4.522124183006536e-06
14,setting_1,6,8.28470588235294e-06
14,setting_1,7,2.9849999999999994e-06
14,setting_1,8,6.604084967320261e-06
14,setting_1,9,3.4088888888888887e-06
14,setting_1,10,4.80016339869281e-06
14,setting_2,1,1.2408496732026144e-07
14,setting_2,2,6.496732026143791e-08
14,setting_2,3,8.588235294117647e-08
14,setting_2,4,8.5359477124183e-08
14,setting_2,5,5.1764705882352947e-08
14,setting_2,6,7.633986928104577e-08
14,setting_2,7,4.379084967320261e-08
14,setting_2,8,7.999999999999999e-08
14,setting_2,9,8.823529411764706e-08
14,setting_2,10,6.526143790849673e-08
14,setting_3,1,0.0
14,setting_3,2,0.0
14,setting_3,3,0.0
14,setting_3,4,0.0
14,setting_3,5,0.0
14,setting_3,6,0.0
14,setting_3,7,0.0
14,setting_3,8,0.0
14,setting_3,9,0.0
14,setting_3,10,0.0
14,sensor_1,1,0.0
14,sensor_1,2,0.0
14,sensor_1,3,0.0
14,sensor_1,4,0.0
14,sensor_1,5,0.0
14,sensor_1,6,0.0
14,sensor_1,7,0.0
14,sensor_1,8,0.0
14,sensor_1,9,0.0
14,sensor_1,10,0.0
14,sensor_2,1,0.05616732026142343
14,sensor_2,2,0.09377941176471202
14,sensor_2,3,0.045750653594749446
14,sensor_2,4,0.09901045751634226
14,sensor_2,5,0.08448235294116999
14,sensor_2,6,0.11383006535947135
14,sensor_2,7,0.0927986928104569
14,sensor_2,8,0.10969183006536383
14,sensor_2,9,0.09324869281044024
14,sensor_2,10,0.13001339869278716
14,sensor_3,1,9.562376470588237
14,sensor_3,2,16.394688888888997
14,sensor_3,3,12.15236339869285
14,sensor_3,4,19.092285294117453
14,sensor_3,5,6.930447058823678
14,sensor_3,6,33.41826437908508
14,sensor_3,7,11.504343790849603
14,sensor_3,8,13.29049705882383
14,sensor_3,9,8.328095751633967
14,sensor_3,10,18.215261764705783
14,sensor_4,1,14.245923202614602
14,sensor_4,2,28.654112418300798
14,sensor_4,3,8.037779084967488
14,sensor_4,4,5.763670588235118
14,sensor_4,5,17.48063529411755
14,sensor_4,6,15.27738594771248
14,sensor_4,7,21.25226830065299
14,sensor_4,8,13.261236928104688
14,sensor_4,9,29.969861437907937
14,sensor_4,10,10.138555555555426
14,sensor_5,1,0.0
14,sensor_5,2,0.0
14,sensor_5,3,0.0
14,sensor_5,4,0.0
14,sensor_5,5,0.0
14,sensor_5,6,0.0
14,sensor_5,7,0.0
14,sensor_5,8,0.0
14,sensor_5,9,0.0
14,sensor_5,10,0.0
14,sensor_6,1,0.0
14,sensor_6,2,0.0
14,sensor_6,3,0.0
14,sensor_6,4,0.0
14,sensor_6,5,0.0
14,sensor_6,6,0.0
14,sensor_6,7,0.0
14,sensor_6,8,0.0
14,sensor_6,9,0.0
14,sensor_6,10,0.0
14,sensor_7,1,0.22703529411765136
14,sensor_7,2,0.18503692810456054
14,sensor_7,3,0.15883398692810877
14,sensor_7,4,0.09010751633983642
14,sensor_7,5,0.17217124183004684
14,sensor_7,6,0.11273594771241857
14,sensor_7,7,0.16018692810457988
14,sensor_7,8,0.14435294117646721
14,sensor_7,9,0.1392147058823703
14,sensor_7,10,0.16514281045755286
14,sensor_8,1,0.0008852941176406926
14,sensor_8,2,0.00038594771242084734
14,sensor_8,3,0.0006849673202605378
14,sensor_8,4,0.0015114379084922168
14,sensor_8,5,0.0006839869281147925
14,sensor_8,6,0.0007294117646987576
14,sensor_8,7,0.0004457516339804795
14,sensor_8,8,0.0004235294117669514
14,sensor_8,9,0.0006575163398622485
14,sensor_8,10,0.0018251633986891226
14,sensor_9,1,16.360892810463316
14,sensor_9,2,7.803049673202029
14,sensor_9,3,25.179037908493186
14,sensor_9,4,11.691283986926724
14,sensor_9,5,15.563705882349836
14,sensor_9,6,18.27297516339947
14,sensor_9,7,24.859991176469094
14,sensor_9,8,37.00399084966544
14,sensor_9,9,32.75029967320073
14,sensor_9,10,110.22388496731638
14,sensor_10,1,0.0
14,sensor_10,2,0.0
14,sensor_10,3,0.0
14,sensor_10,4,0.0
14,sensor_10,5,0.0
14,sensor_10,6,0.0
14,sensor_10,7,0.0
14,sensor_10,8,0.0
14,sensor_10,9,0.0
14,sensor_10,10,0.0
14,sensor_11,1,0.021504575163398404
14,sensor_11,2,0.006159477124182978
14,sensor_11,3,0.010729411764705647
14,sensor_11,4,0.009213398692810565
14,sensor_11,5,0.009641830065359411
14,sensor_11,6,0.005116339869281074
14,sensor_11,7,0.011280065359477315
14,sensor_11,8,0.0100330065359473
14,sensor_11,9,0.00852810457516352
14,sensor_11,10,0.017841830065359186
14,sensor_12,1,0.05677516339868759
14,sensor_12,2,0.11830457516338513
14,sensor_12,3,0.04837908496731483
14,sensor_12,4,0.079339869281036
14,sensor_12,5,0.10210359477125901
14,sensor_12,6,0.09483692810455956
14,sensor_12,7,0.047752941176465176
14,sensor_12,8,0.14894411764705623
14,sensor_12,9,0.12109183006531846
14,sensor_12,10,0.08135849673202052
14,sensor_13,1,0.0008823529411786971
14,sensor_13,2,0.001191176470586463
14,sensor_13,3,0.001094117647064375
14,sensor_13,4,0.0014852941176433368
14,sensor_13,5,0.0009859477124162378
14,sensor_13,6,0.0006604575163382053
14,sensor_13,7,0.0008970588235339315
14,sensor_13,8,0.00039379084967290184
14,sensor_13,9,0.0006183006535890087
14,sensor_13,10,0.0012029411764588817
14,sensor_14,1,7.800767320261952
14,sensor_14,2,10.763794771238215
14,sensor_14,3,11.470916339869301
14,sensor_14,4,7.714735947713159
14,sensor_14,5,14.612669281046536
14,sensor_14,6,11.172762418300344
14,sensor_14,7,12.88888006535942
14,sensor_14,8,17.107695751631713
14,sensor_14,9,28.27147352941591
14,sensor_14,10,47.84753888889203
14,sensor_15,1,0.0003164955555555601
14,sensor_15,2,0.0004776692810457609
14,sensor_15,3,0.00018457241830065196
14,sensor_15,4,0.00043047310457516603
14,sensor_15,5,0.00023866235294116577
14,sensor_15,6,0.0002548061437908536
14,sensor_15,7,0.00030397084967319956
14,sensor_15,8,0.00020912457516340116
14,sensor_15,9,0.0002703621241830069
14,sensor_15,10,0.0004944699673202655
14,sensor_16,1,0.0
14,sensor_16,2,0.0
14,sensor_16,3,0.0
14,sensor_16,4,0.0
14,sensor_16,5,0.0
14,sensor_16,6,0.0
14,sensor_16,7,0.0
14,sensor_16,8,0.0
14,sensor_16,9,0.0
14,sensor_16,10,0.0
14,sensor_17,1,0.852941176470578
14,sensor_17,2,1.5294117647059189
14,sensor_17,3,0.7352941176470488
14,sensor_17,4,0.7058823529411784
14,sensor_17,5,0.5653594771241959
14,sensor_17,6,0.4183006535947706
14,sensor_17,7,1.045751633986932
14,sensor_17,8,0.8235294117647403
14,sensor_17,9,1.7516339869280966
14,sensor_17,10,0.5882352941176483
14,sensor_18,1,0.0
14,sensor_18,2,0.0
14,sensor_18,3,0.0
14,sensor_18,4,0.0
14,sensor_18,5,0.0
14,sensor_18,6,0.0
14,sensor_18,7,0.0
14,sensor_18,8,0.0
14,sensor_18,9,0.0
14,sensor_18,10,0.0
14,sensor_19,1,0.0
14,sensor_19,2,0.0
14,sensor_19,3,0.0
14,sensor_19,4,0.0
14,sensor_19,5,0.0
14,sensor_19,6,0.0
14,sensor_19,7,0.0
14,sensor_19,8,0.0
14,sensor_19,9,0.0
14,sensor_19,10,0.0
14,sensor_20,1,0.00881176470588214
14,sensor_20,2,0.010435294117647032
14,sensor_20,3,0.01861732026143812
14,sensor_20,4,0.010091830065359431
14,sensor_20,5,0.011139869281046043
14,sensor_20,6,0.004206535947712417
14,sensor_20,7,0.009799999999999597
14,sensor_20,8,0.008841830065359565
14,sensor_20,9,0.009127124183006157
14,sensor_20,10,0.010389869281045197
14,sensor_21,1,0.005258708496732039
14,sensor_21,2,0.004695011633986889
14,sensor_21,3,0.004944483823529406
14,sensor_21,4,0.0026036288888889323
14,sensor_21,5,0.002786326535947705
14,sensor_21,6,0.004003785882352991
14,sensor_21,7,0.004275665751634038
14,sensor_21,8,0.0027832755882352895
14,sensor_21,9,0.004681802352941229
14,sensor_21,10,0.0033261570261438325
15,setting_1,1,3.576904761904762e-06
15,setting_1,2,4.6476190476190485e-06
15,setting_1,3,5.2392368421052635e-06
15,setting_1,4,6.545904761904762e-06
15,setting_1,5,1.8971428571428567e-06
15,setting_1,6,4.917342105263158e-06
15,setting_1,7,5.558142857142856e-06
15,setting_1,8,5.990815789473684e-06
15,setting_1,9,7.557285714285714e-06
15,setting_1,10,4.331619047619048e-06
15,setting_2,1,9.761904761904763e-08
15,setting_2,2,4.3476190476190474e-08
15,setting_2,3,9.905263157894737e-08
15,setting_2,4,6.928571428571428e-08
15,setting_2,5,7.214285714285716e-08
15,setting_2,6,6.884210526315788e-08
15,setting_2,7,9.990476190476191e-08
15,setting_2,8,8.576315789473685e-08
15,setting_2,9,1.005714285714286e-07
15,setting_2,10,7.490476190476191e-08
15,setting_3,1,0.0
15,setting_3,2,0.0
15,setting_3,3,0.0
15,setting_3,4,0.0
15,setting_3,5,0.0
15,setting_3,6,0.0
15,setting_3,7,0.0
15,setting_3,8,0.0
15,setting_3,9,0.0
15,setting_3,10,0.0
15,sensor_1,1,0.0
15,sensor_1,2,0.0
15,sensor_1,3,0.0
15,sensor_1,4,0.0
15,sensor_1,5,0.0
15,sensor_1,6,0.0
15,sensor_1,7,0.0
15,sensor_1,8,0.0
15,sensor_1,9,0.0
15,sensor_1,10,0.0
15,sensor_2,1,0.06049619047618944
15,sensor_2,2,0.06296476190475445
15,sensor_2,3,0.0784094736842245
15,sensor_2,4,0.12100904761906348
15,sensor_2,5,0.08331619047618798
15,sensor_2,6,0.15067999999999676
15,sensor_2,7,0.1451590476190412
15,sensor_2,8,0.10541578947368065
15,sensor_2,9,0.09976333333334086
15,sensor_2,10,0.09707904761904768
15,sensor_3,1,13.245075714285429
15,sensor_3,2,21.354272857143012
15,sensor_3,3,14.765426052631675
15,sensor_3,4,12.108129999999978
15,sensor_3,5,17.500556190475855
15,sensor_3,6,17.116056842105234
15,sensor_3,7,18.391824761904598
15,sensor_3,8,10.808101052631194
15,sensor_3,9,17.482495714285385
15,sensor_3,10,18.161366190476347
15,sensor_4,1,17.23874476190502
15,sensor_4,2,14.863342857142996
15,sensor_4,3,15.116276578947257
15,sensor_4,4,17.016079047618877
15,sensor_4,5,15.7070061904765
15,sensor_4,6,18.135914473684494
15,sensor_4,7,11.755993333333604
15,sensor_4,8,11.87501473684192
15,sensor_4,9,24.687762857144104
15,sensor_4,10,33.918059047618
15,sensor_5,1,0.0
15,sensor_5,2,0.0
15,sensor_5,3,0.0
15,sensor_5,4,0.0
15,sensor_5,5,0.0
15,sensor_5,6,0.0
15,sensor_5,7,0.0
15,sensor_5,8,0.0
15,sensor_5,9,0.0
15,sensor_5,10,0.0
15,sensor_6,1,1.9047619047615007e-05
15,sensor_6,2,9.047619047619194e-06
15,sensor_6,3,9.473684210521166e-06
15,sensor_6,4,0.0
15,sensor_6,5,4.761904761906013e-06
15,sensor_6,6,4.9999999999985715e-06
15,sensor_6,7,0.0
15,sensor_6,8,0.0
15,sensor_6,9,0.0
15,sensor_6,10,0.0
15,sensor_7,1,0.16132619047620236
15,sensor_7,2,0.2231247619047454
15,sensor_7,3,0.1957881578947468
15,sensor_7,4,0.09865476190475594
15,sensor_7,5,0.13998285714289854
15,sensor_7,6,0.16851868421053587
15,sensor_7,7,0.11571904761905465
15,sensor_7,8,0.2565839473684698
15,sensor_7,9,0.1364447619047235
15,sensor_7,10,0.29706619047620425
15,sensor_8,1,0.0014514285714246193
15,sensor_8,2,0.0007528571428623465
15,sensor_8,3,0.00043578947368391366
15,sensor_8,4,0.0009090476190522844
15,sensor_8,5,0.0004790476190458158
15,sensor_8,6,0.0006028947368380323
15,sensor_8,7,0.0006361904761914895
15,sensor_8,8,0.0009252631578998347
15,sensor_8,9,0.0016128571428435975
15,sensor_8,10,0.0017414285714261277
15,sensor_9,1,13.722081428568895
15,sensor_9,2,24.312474761906333
15,sensor_9,3,11.234621052632148
15,sensor_9,4,14.802334761904117
15,sensor_9,5,15.215221428574731
15,sensor_9,6,16.183541052631906
15,sensor_9,7,7.460260000000973
15,sensor_9,8,16.81854315789216
15,sensor_9,9,13.55814000000223
15,sensor_9,10,19.239373333327762
15,sensor_10,1,0.0
15,sensor_10,2,0.0
15,sensor_10,3,0.0
15,sensor_10,4,0.0
15,sensor_10,5,0.0
15,sensor_10,6,0.0
15,sensor_10,7,0.0
15,sensor_10,8,0.0
15,sensor_10,9,0.0
15,sensor_10,10,0.0
15,sensor_11,1,0.011734761904761833
15,sensor_11,2,0.00956571428571394
15,sensor_11,3,0.01672526315789454
15,sensor_11,4,0.011441428571428474
15,sensor_11,5,0.007344761904762109
15,sensor_11,6,0.011592368421053038
15,sensor_11,7,0.004663333333333271
15,sensor_11,8,0.016699736842105507
15,sensor_11,9,0.016644761904762335
15,sensor_11,10,0.023866190476191075
15,sensor_12,1,0.09573285714284054
15,sensor_12,2,0.11445904761903754
15,sensor_12,3,0.07590421052632226
15,sensor_12,4,0.14002571428573016
15,sensor_12,5,0.0855114285714288
15,sensor_12,6,0.05213157894735378
15,sensor_12,7,0.08153619047617602
15,sensor_12,8,0.08797342105263206
15,sensor_12,9,0.1766961904761767
15,sensor_12,10,0.1307914285714343
15,sensor_13,1,0.0008347619047713495
15,sensor_13,2,0.0007233333333342703
15,sensor_13,3,0.0005621052631602499
15,sensor_13,4,0.001009047619045987
15,sensor_13,5,0.0003190476190518944
15,sensor_13,6,0.0010526315789449584
15,sensor_13,7,0.0007590476190382519
15,sensor_13,8,0.0008063157894782115
15,sensor_13,9,0.0008147619047539889
15,sensor_13,10,0.0016114285714168817
15,sensor_14,1,8.157942857142313
15,sensor_14,2,5.865833333335102
15,sensor_14,3,8.255369473684297
15,sensor_14,4,12.981449047618256
15,sensor_14,5,8.840254761904102
15,sensor_14,6,6.374023947367424
15,sensor_14,7,11.602801428570867
15,sensor_14,8,9.886643157893895
15,sensor_14,9,9.483174761904355
15,sensor_14,10,17.048043333334157
15,sensor_15,1,0.00028922190476189175
15,sensor_15,2,0.00035759861904762017
15,sensor_15,3,0.0002977614736842048
15,sensor_15,4,0.0005964223333333432
15,sensor_15,5,0.00048728761904762413
15,sensor_15,6,0.000273052105263155
15,sensor_15,7,0.00025221047619048223
15,sensor_15,8,0.00021780092105262375
15,sensor_15,9,0.00042684214285714455
15,sensor_15,10,0.0005335976190476406
15,sensor_16,1,0.0
15,sensor_16,2,0.0
15,sensor_16,3,0.0
15,sensor_16,4,0.0
15,sensor_16,5,0.0
15,sensor_16,6,0.0
15,sensor_16,7,0.0
15,sensor_16,8,0.0
15,sensor_16,9,0.0
15,sensor_16,10,0.0
15,sensor_17,1,0.5333333333333384
15,sensor_17,2,0.4571428571428444
15,sensor_17,3,0.5131578947368493
15,sensor_17,4,0.7285714285714316
15,sensor_17,5,1.0333333333333536
15,sensor_17,6,0.6184210526315705
15,sensor_17,7,0.6333333333333465
15,sensor_17,8,0.976315789473659
15,sensor_17,9,1.2999999999999459
15,sensor_17,10,0.7619047619047544
15,sensor_18,1,0.0
15,sensor_18,2,0.0
15,sensor_18,3,0.0
15,sensor_18,4,0.0
15,sensor_18,5,0.0
15,sensor_18,6,0.0
15,sensor_18,7,0.0
15,sensor_18,8,0.0
15,sensor_18,9,0.0
15,sensor_18,10,0.0
15,sensor_19,1,0.0
15,sensor_19,2,0.0
15,sensor_19,3,0.0
15,sensor_19,4,0.0
15,sensor_19,5,0.0
15,sensor_19,6,0.0
15,sensor_19,7,0.0
15,sensor_19,8,0.0
15,sensor_19,9,0.0
15,sensor_19,10,0.0
15,sensor_20,1,0.012179047619047633
15,sensor_20,2,0.009426190476190744
15,sensor_20,3,0.015132631578947252
15,sensor_20,4,0.006624761904761886
15,sensor_20,5,0.007752857142857268
15,sensor_20,6,0.01097263157894755
15,sensor_20,7,0.013853333333333004
15,sensor_20,8,0.009921052631578825
15,sensor_20,9,0.007239999999999974
15,sensor_20,10,0.013779047619047241
15,sensor_21,1,0.003174891904761981
15,sensor_21,2,0.0028512076190476145
15,sensor_21,3,0.0030384455526316074
15,sensor_21,4,0.004849530904761986
15,sensor_21,5,0.004616972333333288
15,sensor_21,6,0.0012400820000000215
15,sensor_21,7,0.003353359904761983
15,sensor_21,8,0.0027275983947368837
15,sensor_21,9,0.0021450269047619177
15,sensor_21,10,0.0033361126190474704
16,setting_1,1,4.281619047619047e-06
16,setting_1,2,3.768619047619048e-06
16,setting_1,3,4.470142857142858e-06
16,setting_1,4,6.7774761904761885e-06
16,setting_1,5,3.410571428571428e-06
16,setting_1,6,4.740631578947369e-06
16,setting_1,7,8.403476190476191e-06
16,setting_1,8,4.625619047619049e-06
16,setting_1,9,3.372571428571429e-06
16,setting_1,10,7.3641428571428575e-06
16,setting_2,1,9.614285714285714e-08
16,setting_2,2,1.0814285714285716e-07
16,setting_2,3,7.490476190476191e-08
16,setting_2,4,7.457142857142859e-08
16,setting_2,5,7.257142857142857e-08
16,setting_2,6,7.081578947368419e-08
16,setting_2,7,1.0461904761904763e-07
16,setting_2,8,8.090476190476191e-08
16,setting_2,9,8.247619047619048e-08
16,setting_2,10,8.39047619047619e-08
16,setting_3,1,0.0
16,setting_3,2,0.0
16,setting_3,3,0.0
16,setting_3,4,0.0
16,setting_3,5,0.0
16,setting_3,6,0.0
16,setting_3,7,0.0
16,setting_3,8,0.0
16,setting_3,9,0.0
16,setting_3,10,0.0
16,sensor_1,1,0.0
16,sensor_1,2,0.0
16,sensor_1,3,0.0
16,sensor_1,4,0.0
16,sensor_1,5,0.0
16,sensor_1,6,0.0
16,sensor_1,7,0.0
16,sensor_1,8,0.0
16,sensor_1,9,0.0
16,sensor_1,10,0.0
16,sensor_2,1,0.09114619047619488
16,sensor_2,2,0.057284761904760326
16,sensor_2,3,0.10745619047619774
16,sensor_2,4,0.0907590476190598
16,sensor_2,5,0.14062619047619856
16,sensor_2,6,0.11340289473683206
16,sensor_2,7,0.05904571428571076
16,sensor_2,8,0.07719476190476122
16,sensor_2,9,0.08397000000000224
16,sensor_2,10,0.11247619047617767
16,sensor_3,1,25.391634761905024
16,sensor_3,2,12.239913333333188
16,sensor_3,3,14.24315619047604
16,sensor_3,4,30.86301285714302
16,sensor_3,5,17.425949047619046
16,sensor_3,6,17.4655397368423
16,sensor_3,7,25.07091904761925
16,sensor_3,8,24.642043333333287
16,sensor_3,9,17.321994761904737
16,sensor_3,10,16.441705714285593
16,sensor_4,1,22.031394761904686
16,sensor_4,2,14.980890000000453
16,sensor_4,3,15.82700619047624
16,sensor_4,4,15.847374761904954
16,sensor_4,5,14.837129047619024
16,sensor_4,6,19.79160289473714
16,sensor_4,7,13.308644761904688
16,sensor_4,8,17.97290999999999
16,sensor_4,9,12.586205714285732
16,sensor_4,10,19.845949047619108
16,sensor_5,1,0.0
16,sensor_5,2,0.0
16,sensor_5,3,0.0
16,sensor_5,4,0.0
16,sensor_5,5,0.0
16,sensor_5,6,0.0
16,sensor_5,7,0.0
16,sensor_5,8,0.0
16,sensor_5,9,0.0
16,sensor_5,10,0.0
16,sensor_6,1,0.0
16,sensor_6,2,0.0
16,sensor_6,3,0.0
16,sensor_6,4,0.0
16,sensor_6,5,0.0
16,sensor_6,6,0.0
16,sensor_6,7,0.0
16,sensor_6,8,0.0
16,sensor_6,9,0.0
16,sensor_6,10,0.0
16,sensor_7,1,0.22194571428572035
16,sensor_7,2,0.16054619047619262
16,sensor_7,3,0.21557619047619578
16,sensor_7,4,0.20115904761904604
16,sensor_7,5,0.1443347619047501
16,sensor_7,6,0.13545552631579394
16,sensor_7,7,0.16495333333333034
16,sensor_7,8,0.13760476190477436
16,sensor_7,9,0.24547333333326962
16,sensor_7,10,0.1434514285714586
16,sensor_8,1,0.0010328571428557067
16,sensor_8,2,0.0005628571428614447
16,sensor_8,3,0.0007890476190436747
16,sensor_8,4,0.0007057142857158782
16,sensor_8,5,0.0008961904761925982
16,sensor_8,6,0.0009463157894755046
16,sensor_8,7,0.0011990476190416723
16,sensor_8,8,0.0008833333333329028
16,sensor_8,9,0.0015161904761889233
16,sensor_8,10,0.000536190476189667
16,sensor_9,1,14.638883333335997
16,sensor_9,2,19.67748476190659
16,sensor_9,3,22.235882857146883
16,sensor_9,4,16.835219047618924
16,sensor_9,5,26.888084761902597
16,sensor_9,6,27.458487105262037
16,sensor_9,7,14.349226190475926
16,sensor_9,8,7.226531428572047
16,sensor_9,9,27.492953333335926
16,sensor_9,10,20.700644761907096
16,sensor_10,1,0.0
16,sensor_10,2,0.0
16,sensor_10,3,0.0
16,sensor_10,4,0.0
16,sensor_10,5,0.0
16,sensor_10,6,0.0
16,sensor_10,7,0.0
16,sensor_10,8,0.0
16,sensor_10,9,0.0
16,sensor_10,10,0.0
16,sensor_11,1,0.012051428571428522
16,sensor_11,2,0.011702857142857157
16,sensor_11,3,0.009214761904761884
16,sensor_11,4,0.012326190476190239
16,sensor_11,5,0.011024761904762061
16,sensor_11,6,0.01071684210526302
16,sensor_11,7,0.011794761904761685
16,sensor_11,8,0.005854761904762063
16,sensor_11,9,0.013444761904762199
16,sensor_11,10,0.011859047619047597
16,sensor_12,1,0.05665571428570735
16,sensor_12,2,0.09586904761903645
16,sensor_12,3,0.10535476190476609
16,sensor_12,4,0.07864285714284122
16,sensor_12,5,0.11902571428571247
16,sensor_12,6,0.2288831578947509
16,sensor_12,7,0.065835714285707
16,sensor_12,8,0.1585447619047195
16,sensor_12,9,0.111656190476176
16,sensor_12,10,0.07080142857141508
16,sensor_13,1,0.0010447619047563414
16,sensor_13,2,0.0006990476190489081
16,sensor_13,3,0.0009657142857080492
16,sensor_13,4,0.0006190476190475984
16,sensor_13,5,0.0008890476190485547
16,sensor_13,6,0.000857631578950397
16,sensor_13,7,0.0006928571428617142
16,sensor_13,8,0.0009433333333234868
16,sensor_13,9,0.0004990476190505294
16,sensor_13,10,0.001469047619056526
16,sensor_14,1,8.402425714285055
16,sensor_14,2,11.472574761905957
16,sensor_14,3,12.354266190473291
16,sensor_14,4,7.991369047619076
16,sensor_14,5,9.955392857142341
16,sensor_14,6,10.602822105263213
16,sensor_14,7,10.25056904761723
16,sensor_14,8,12.602813333332074
16,sensor_14,9,15.738376190475545
16,sensor_14,10,6.830185714284572
16,sensor_15,1,0.0005852134761904906
16,sensor_15,2,0.00024098961904761912
16,sensor_15,3,0.0005018524761905006
16,sensor_15,4,0.00041637428571427066
16,sensor_15,5,0.0004871694761904878
16,sensor_15,6,0.00030950200000000284
16,sensor_15,7,0.00012406047619048966
16,sensor_15,8,0.00043031290476190165
16,sensor_15,9,0.0005534369999999979
16,sensor_15,10,0.0006164756190476102
16,sensor_16,1,0.0
16,sensor_16,2,0.0
16,sensor_16,3,0.0
16,sensor_16,4,0.0
16,sensor_16,5,0.0
16,sensor_16,6,0.0
16,sensor_16,7,0.0
16,sensor_16,8,0.0
16,sensor_16,9,0.0
16,sensor_16,10,0.0
16,sensor_17,1,0.5285714285714233
16,sensor_17,2,0.890476190476179
16,sensor_17,3,1.09047619047618
16,sensor_17,4,0.5571428571428612
16,sensor_17,5,0.4904761904761963
16,sensor_17,6,0.8289473684210494
16,sensor_17,7,0.7904761904761919
16,sensor_17,8,1.2142857142857133
16,sensor_17,9,0.5904761904761873
16,sensor_17,10,0.9285714285714215
16,sensor_18,1,0.0
16,sensor_18,2,0.0
16,sensor_18,3,0.0
16,sensor_18,4,0.0
16,sensor_18,5,0.0
16,sensor_18,6,0.0
16,sensor_18,7,0.0
16,sensor_18,8,0.0
16,sensor_18,9,0.0
16,sensor_18,10,0.0
16,sensor_19,1,0.0
16,sensor_19,2,0.0
16,sensor_19,3,0.0
16,sensor_19,4,0.0
16,sensor_19,5,0.0
16,sensor_19,6,0.0
16,sensor_19,7,0.0
16,sensor_19,8,0.0
16,sensor_19,9,0.0
16,sensor_19,10,0.0
16,sensor_20,1,0.01097476190476194
16,sensor_20,2,0.008622857142857284
16,sensor_20,3,0.007944761904762109
16,sensor_20,4,0.010144761904762505
16,sensor_20,5,0.007655714285714289
16,sensor_20,6,0.008645000000000127
16,sensor_20,7,0.011855714285714167
16,sensor_20,8,0.011919047619047631
16,sensor_20,9,0.009576190476190809
16,sensor_20,10,0.010069999999999872
16,sensor_21,1,0.0019718959047618457
16,sensor_21,2,0.0050071004761904825
16,sensor_21,3,0.0032998894761904715
16,sensor_21,4,0.0048112923333332724
16,sensor_21,5,0.0063805146190475375
16,sensor_21,6,0.003950552921052634
16,sensor_21,7,0.0046301892857142715
16,sensor_21,8,0.0041885224761904925
16,sensor_21,9,0.003800630571428514
16,sensor_21,10,0.0037154344761905016
17,setting_1,1,4.078875661375661e-06
17,setting_1,2,5.675912698412698e-06
17,setting_1,3,5.962507122507123e-06
17,setting_1,4,5.036018518518517e-06
17,setting_1,5,4.8023076923076925e-06
17,setting_1,6,4.6037433862433866e-06
17,setting_1,7,5.033333333333334e-06
17,setting_1,8,6.0944312169312155e-06
17,setting_1,9,2.9533333333333336e-06
17,setting_1,10,4.744391534391535e-06
17,setting_2,1,9.624338624338624e-08
17,setting_2,2,9.359788359788361e-08
17,setting_2,3,8.233618233618232e-08
17,setting_2,4,9.05291005291005e-08
17,setting_2,5,7.948717948717949e-08
17,setting_2,6,6.476190476190475e-08
17,setting_2,7,7.498575498575498e-08
17,setting_2,8,8.148148148148149e-08
17,setting_2,9,6.95156695156695e-08
17,setting_2,10,9.365079365079365e-08
17,setting_3,1,0.0
17,setting_3,2,0.0
17,setting_3,3,0.0
17,setting_3,4,0.0
17,setting_3,5,0.0
17,setting_3,6,0.0
17,setting_3,7,0.0
17,setting_3,8,0.0
17,setting_3,9,0.0
17,setting_3,10,0.0
17,sensor_1,1,0.0
17,sensor_1,2,0.0
17,sensor_1,3,0.0
17,sensor_1,4,0.0
17,sensor_1,5,0.0
17,sensor_1,6,0.0
17,sensor_1,7,0.0
17,sensor_1,8,0.0
17,sensor_1,9,0.0
17,sensor_1,10,0.0
17,sensor_2,1,0.08957817460315719
17,sensor_2,2,0.06866283068782375
17,sensor_2,3,0.078092307692308
17,sensor_2,4,0.0826914021164155
17,sensor_2,5,0.14262849002849584
17,sensor_2,6,0.11918029100528825
17,sensor_2,7,0.06864615384614797
17,sensor_2,8,0.06545502645503443
17,sensor_2,9,0.08434871794871872
17,sensor_2,10,0.1122374338624134
17,sensor_3,1,12.391925396825643
17,sensor_3,2,11.948059656084773
17,sensor_3,3,14.556092307692332
17,sensor_3,4,17.048854365079464
17,sensor_3,5,15.254360968660661
17,sensor_3,6,17.48934431216929
17,sensor_3,7,21.649246153846295
17,sensor_3,8,15.259180291005258
17,sensor_3,9,17.12539943019983
17,sensor_3,10,26.482331216931925
17,sensor_4,1,12.012345370370083
17,sensor_4,2,13.077112698412694
17,sensor_4,3,11.385424216524266
17,sensor_4,4,11.871881878306802
17,sensor_4,5,18.534294301994116
17,sensor_4,6,23.33402473544957
17,sensor_4,7,22.140594301993875
17,sensor_4,8,16.138735978835765
17,sensor_4,9,20.695567806267796
17,sensor_4,10,32.61870621693107
17,sensor_5,1,0.0
17,sensor_5,2,0.0
17,sensor_5,3,0.0
17,sensor_5,4,0.0
17,sensor_5,5,0.0
17,sensor_5,6,0.0
17,sensor_5,7,0.0
17,sensor_5,8,0.0
17,sensor_5,9,0.0
17,sensor_5,10,0.0
17,sensor_6,1,1.5211640211631568e-05
17,sensor_6,2,6.878306878305232e-06
17,sensor_6,3,0.0
17,sensor_6,4,6.878306878303892e-06
17,sensor_6,5,0.0
17,sensor_6,6,6.878306878304254e-06
17,sensor_6,7,3.7037037037024167e-06
17,sensor_6,8,0.0
17,sensor_6,9,0.0
17,sensor_6,10,0.0
17,sensor_7,1,0.18241375661376283
17,sensor_7,2,0.12271891534390866
17,sensor_7,3,0.1713153846153942
17,sensor_7,4,0.1743222222222233
17,sensor_7,5,0.13021823361821425
17,sensor_7,6,0.18840992063493575
17,sensor_7,7,0.1664102564102513
17,sensor_7,8,0.19016018518519132
17,sensor_7,9,0.13853960113961244
17,sensor_7,10,0.28910264550264664
17,sensor_8,1,0.0008619047619077819
17,sensor_8,2,0.0008109788359840234
17,sensor_8,3,0.0005179487179514568
17,sensor_8,4,0.0009876984127135844
17,sensor_8,5,0.00070769230769682
17,sensor_8,6,0.0006628306878317135
17,sensor_8,7,0.001533618233624666
17,sensor_8,8,0.0009476190476215403
17,sensor_8,9,0.0009866096866067158
17,sensor_8,10,0.0013210317460258377
17,sensor_9,1,14.334013756612185
17,sensor_9,2,22.48087671957954
17,sensor_9,3,7.5093361823352165
17,sensor_9,4,12.790018386246755
17,sensor_9,5,17.616896866098067
17,sensor_9,6,13.795025925925465
17,sensor_9,7,40.54300541310605
17,sensor_9,8,49.438533333325346
17,sensor_9,9,101.25101054131689
17,sensor_9,10,245.5729915343836
17,sensor_10,1,0.0
17,sensor_10,2,0.0
17,sensor_10,3,0.0
17,sensor_10,4,0.0
17,sensor_10,5,0.0
17,sensor_10,6,0.0
17,sensor_10,7,0.0
17,sensor_10,8,0.0
17,sensor_10,9,0.0
17,sensor_10,10,0.0
17,sensor_11,1,0.008380423280423592
17,sensor_11,2,0.012111507936508004
17,sensor_11,3,0.0075794871794871155
17,sensor_11,4,0.008803571428571574
17,sensor_11,5,0.011466951566951449
17,sensor_11,6,0.008851851851851862
17,sensor_11,7,0.010294871794871624
17,sensor_11,8,0.012833333333333374
17,sensor_11,9,0.011702564102563488
17,sensor_11,10,0.018544312169313997
17,sensor_12,1,0.07643955026454385
17,sensor_12,2,0.08002116402116342
17,sensor_12,3,0.09281794871795138
17,sensor_12,4,0.052989814814808925
17,sensor_12,5,0.06883447293446708
17,sensor_12,6,0.08756243386242568
17,sensor_12,7,0.07168233618236156
17,sensor_12,8,0.10702010582009303
17,sensor_12,9,0.06393076923076081
17,sensor_12,10,0.18175912698410326
17,sensor_13,1,0.00038518518518995497
17,sensor_13,2,0.0010321428571489618
17,sensor_13,3,0.0008344729344761998
17,sensor_13,4,0.0006322751322761866
17,sensor_13,5,0.0007789173789225519
17,sensor_13,6,0.0009379629629553894
17,sensor_13,7,0.0008558404558383771
17,sensor_13,8,0.0010925925925940317
17,sensor_13,9,0.0007615384615376481
17,sensor_13,10,0.0014914021164049648
17,sensor_14,1,7.142784656085131
17,sensor_14,2,10.715550661374342
17,sensor_14,3,10.905330199433292
17,sensor_14,4,8.467113624339364
17,sensor_14,5,9.685759259257775
17,sensor_14,6,8.915291402115304
17,sensor_14,7,22.857561538464708
17,sensor_14,8,26.986374074073186
17,sensor_14,9,43.33686866096751
17,sensor_14,10,121.37097288361184
17,sensor_15,1,0.0007232655423280386
17,sensor_15,2,0.00032481220899471016
17,sensor_15,3,0.0002527813105413035
17,sensor_15,4,0.000284362380952381
17,sensor_15,5,0.0006005143019943052
17,sensor_15,6,0.00046147337301587335
17,sensor_15,7,0.00036733635327634563
17,sensor_15,8,0.00025473802910053753
17,sensor_15,9,0.00031690076923076855
17,sensor_15,10,0.0008567654365079477
17,sensor_16,1,0.0
17,sensor_16,2,0.0
17,sensor_16,3,0.0
17,sensor_16,4,0.0
17,sensor_16,5,0.0
17,sensor_16,6,0.0
17,sensor_16,7,0.0
17,sensor_16,8,0.0
17,sensor_16,9,0.0
17,sensor_16,10,0.0
17,sensor_17,1,1.0410052910053063
17,sensor_17,2,1.284391534391563
17,sensor_17,3,0.5641025641025667
17,sensor_17,4,0.9986772486772426
17,sensor_17,5,1.0000000000000038
17,sensor_17,6,0.776455026455023
17,sensor_17,7,1.333333333333333
17,sensor_17,8,0.793650793650791
17,sensor_17,9,0.789173789173791
17,sensor_17,10,1.358465608465585
17,sensor_18,1,0.0
17,sensor_18,2,0.0
17,sensor_18,3,0.0
17,sensor_18,4,0.0
17,sensor_18,5,0.0
17,sensor_18,6,0.0
17,sensor_18,7,0.0
17,sensor_18,8,0.0
17,sensor_18,9,0.0
17,sensor_18,10,0.0
17,sensor_19,1,0.0
17,sensor_19,2,0.0
17,sensor_19,3,0.0
17,sensor_19,4,0.0
17,sensor_19,5,0.0
17,sensor_19,6,0.0
17,sensor_19,7,0.0
17,sensor_19,8,0.0
17,sensor_19,9,0.0
17,sensor_19,10,0.0
17,sensor_20,1,0.012536507936508082
17,sensor_20,2,0.008630026455026241
17,sensor_20,3,0.007200284900285171
17,sensor_20,4,0.010595238095237745
17,sensor_20,5,0.01162307692307665
17,sensor_20,6,0.007783068783068831
17,sensor_20,7,0.012653846153846116
17,sensor_20,8,0.014158068783069412
17,sensor_20,9,0.009801139601138728
17,sensor_20,10,0.011950793650793582
17,sensor_21,1,0.003415446706349217
17,sensor_21,2,0.0032289220105819953
17,sensor_21,3,0.0037980034472933338
17,sensor_21,4,0.004127691640211654
17,sensor_21,5,0.003833119088319108
17,sensor_21,6,0.003317351891534461
17,sensor_21,7,0.003219542564102687
17,sensor_21,8,0.00572296111111113
17,sensor_21,9,0.003034333190883251
17,sensor_21,10,0.0029338608994711776
18,setting_1,1,6.551868421052633e-06
18,setting_1,2,3.305847953216375e-06
18,setting_1,3,4.21378947368421e-06
18,setting_1,4,5.408187134502924e-06
18,setting_1,5,4.399868421052632e-06
18,setting_1,6,2.380526315789474e-06
18,setting_1,7,3.483684210526315e-06
18,setting_1,8,5.390947368421053e-06
18,setting_1,9,7.27578947368421e-06
18,setting_1,10,2.8204210526315785e-06
18,setting_2,1,1.0892105263157896e-07
18,setting_2,2,1.0508771929824563e-07
18,setting_2,3,6.93421052631579e-08
18,setting_2,4,7.029239766081871e-08
18,setting_2,5,8.221052631578948e-08
18,setting_2,6,6.672514619883042e-08
18,setting_2,7,8.719298245614036e-08
18,setting_2,8,5.944736842105263e-08
18,setting_2,9,8.666666666666669e-08
18,setting_2,10,5.292105263157896e-08
18,setting_3,1,0.0
18,setting_3,2,0.0
18,setting_3,3,0.0
18,setting_3,4,0.0
18,setting_3,5,0.0
18,setting_3,6,0.0
18,setting_3,7,0.0
18,setting_3,8,0.0
18,setting_3,9,0.0
18,setting_3,10,0.0
18,sensor_1,1,0.0
18,sensor_1,2,0.0
18,sensor_1,3,0.0
18,sensor_1,4,0.0
18,sensor_1,5,0.0
18,sensor_1,6,0.0
18,sensor_1,7,0.0
18,sensor_1,8,0.0
18,sensor_1,9,0.0
18,sensor_1,10,0.0
18,sensor_2,1,0.08533131578947152
18,sensor_2,2,0.05529883040935945
18,sensor_2,3,0.08882394736841545
18,sensor_2,4,0.05861520467836159
18,sensor_2,5,0.08547894736842586
18,sensor_2,6,0.09287777777776958
18,sensor_2,7,0.09812046783625808
18,sensor_2,8,0.10287894736842039
18,sensor_2,9,0.08324269005848267
18,sensor_2,10,0.21087868421047815
18,sensor_3,1,17.251626052631902
18,sensor_3,2,18.265670175438473
18,sensor_3,3,9.305181842105021
18,sensor_3,4,18.66297660818785
18,sensor_3,5,19.643289210526124
18,sensor_3,6,14.111687134503184
18,sensor_3,7,11.507295321637253
18,sensor_3,8,8.984967105263227
18,sensor_3,9,17.292722222222174
18,sensor_3,10,11.23685131578932
18,sensor_4,1,15.599336842105144
18,sensor_4,2,17.041209941520357
18,sensor_4,3,21.726080000000376
18,sensor_4,4,16.108780116958535
18,sensor_4,5,14.93392526315767
18,sensor_4,6,24.87908713450313
18,sensor_4,7,19.27473625731002
18,sensor_4,8,20.021005263158287
18,sensor_4,9,31.90925906432779
18,sensor_4,10,24.482489473684335
18,sensor_5,1,0.0
18,sensor_5,2,0.0
18,sensor_5,3,0.0
18,sensor_5,4,0.0
18,sensor_5,5,0.0
18,sensor_5,6,0.0
18,sensor_5,7,0.0
18,sensor_5,8,0.0
18,sensor_5,9,0.0
18,sensor_5,10,0.0
18,sensor_6,1,4.999999999999342e-06
18,sensor_6,2,5.263157894735521e-06
18,sensor_6,3,0.0
18,sensor_6,4,0.0
18,sensor_6,5,0.0
18,sensor_6,6,0.0
18,sensor_6,7,9.941520467833443e-06
18,sensor_6,8,0.0
18,sensor_6,9,0.0
18,sensor_6,10,0.0
18,sensor_7,1,0.15732000000000848
18,sensor_7,2,0.08333976608188509
18,sensor_7,3,0.10425263157894818
18,sensor_7,4,0.17428187134502943
18,sensor_7,5,0.16998526315786808
18,sensor_7,6,0.12072046783624339
18,sensor_7,7,0.17789239766082043
18,sensor_7,8,0.2613081578947562
18,sensor_7,9,0.22693625730994743
18,sensor_7,10,0.5060049999999932
18,sensor_8,1,0.0012200000000021328
18,sensor_8,2,0.001005263157897047
18,sensor_8,3,0.0012976315789498716
18,sensor_8,4,0.0009561403508773014
18,sensor_8,5,0.0005313157894744167
18,sensor_8,6,0.0016479532163810545
18,sensor_8,7,0.0006152046783612872
18,sensor_8,8,0.0004947368421043231
18,sensor_8,9,0.0005842105263134654
18,sensor_8,10,0.00699868421052718
18,sensor_9,1,17.806920789469235
18,sensor_9,2,18.965811695905355
18,sensor_9,3,23.00974315789725
18,sensor_9,4,11.39470233918509
18,sensor_9,5,27.10929342105175
18,sensor_9,6,11.949350877193982
18,sensor_9,7,36.88036081870334
18,sensor_9,8,63.45903657894361
18,sensor_9,9,188.6265801169702
18,sensor_9,10,509.47939447373716
18,sensor_10,1,0.0
18,sensor_10,2,0.0
18,sensor_10,3,0.0
18,sensor_10,4,0.0
18,sensor_10,5,0.0
18,sensor_10,6,0.0
18,sensor_10,7,0.0
18,sensor_10,8,0.0
18,sensor_10,9,0.0
18,sensor_10,10,0.0
18,sensor_11,1,0.0045502631578947334
18,sensor_11,2,0.004880116959064168
18,sensor_11,3,0.010331578947368436
18,sensor_11,4,0.007278362573099753
18,sensor_11,5,0.008884210526315635
18,sensor_11,6,0.008142690058479514
18,sensor_11,7,0.012225730994152325
18,sensor_11,8,0.011464210526315558
18,sensor_11,9,0.014438596491228386
18,sensor_11,10,0.034436578947367076
18,sensor_12,1,0.11095236842106244
18,sensor_12,2,0.08050994152046947
18,sensor_12,3,0.09221999999998959
18,sensor_12,4,0.04449122807016837
18,sensor_12,5,0.07190394736842626
18,sensor_12,6,0.10284327485379126
18,sensor_12,7,0.1054538011695828
18,sensor_12,8,0.15775368421052743
18,sensor_12,9,0.10405087719297361
18,sensor_12,10,0.22848710526313926
18,sensor_13,1,0.0006302631578968023
18,sensor_13,2,0.0008116959064350055
18,sensor_13,3,0.0015115789473742845
18,sensor_13,4,0.0010339181286562514
18,sensor_13,5,0.0006028947368455376
18,sensor_13,6,0.0007029239766083628
18,sensor_13,7,0.0012543859649174827
18,sensor_13,8,0.0008302631578982894
18,sensor_13,9,0.0014485380116982373
18,sensor_13,10,0.004708157894752711
18,sensor_14,1,16.447013421053235
18,sensor_14,2,11.79198187134505
18,sensor_14,3,6.010669473684419
18,sensor_14,4,8.600113450292604
18,sensor_14,5,5.898985263157705
18,sensor_14,6,11.133725146195015
18,sensor_14,7,28.586326315781648
18,sensor_14,8,35.00443026315848
18,sensor_14,9,97.50181461987614
18,sensor_14,10,383.7845039473188
18,sensor_15,1,0.0005972577631579032
18,sensor_15,2,0.0001917098830409376
18,sensor_15,3,0.00041609986842105763
18,sensor_15,4,0.0005223931578947418
18,sensor_15,5,0.0005354785263157916
18,sensor_15,6,0.00045967204678362336
18,sensor_15,7,0.0004747388888888965
18,sensor_15,8,0.0004982015526315943
18,sensor_15,9,0.000273145380116974
18,sensor_15,10,0.0007620689210526325
18,sensor_16,1,0.0
18,sensor_16,2,0.0
18,sensor_16,3,0.0
18,sensor_16,4,0.0
18,sensor_16,5,0.0
18,sensor_16,6,0.0
18,sensor_16,7,0.0
18,sensor_16,8,0.0
18,sensor_16,9,0.0
18,sensor_16,10,0.0
18,sensor_17,1,0.5894736842105331
18,sensor_17,2,0.871345029239765
18,sensor_17,3,0.9973684210526254
18,sensor_17,4,0.6549707602339159
18,sensor_17,5,0.5552631578947391
18,sensor_17,6,1.0526315789473701
18,sensor_17,7,1.1461988304093846
18,sensor_17,8,0.5894736842105243
18,sensor_17,9,1.5087719298245603
18,sensor_17,10,0.8315789473683874
18,sensor_18,1,0.0
18,sensor_18,2,0.0
18,sensor_18,3,0.0
18,sensor_18,4,0.0
18,sensor_18,5,0.0
18,sensor_18,6,0.0
18,sensor_18,7,0.0
18,sensor_18,8,0.0
18,sensor_18,9,0.0
18,sensor_18,10,0.0
18,sensor_19,1,0.0
18,sensor_19,2,0.0
18,sensor_19,3,0.0
18,sensor_19,4,0.0
18,sensor_19,5,0.0
18,sensor_19,6,0.0
18,sensor_19,7,0.0
18,sensor_19,8,0.0
18,sensor_19,9,0.0
18,sensor_19,10,0.0
18,sensor_20,1,0.017727368421052537
18,sensor_20,2,0.013294152046783783
18,sensor_20,3,0.003974736842105209
18,sensor_20,4,0.012159064327485385
18,sensor_20,5,0.015602894736842399
18,sensor_20,6,0.011187134502924106
18,sensor_20,7,0.01055438596491217
18,sensor_20,8,0.012288421052631514
18,sensor_20,9,0.014622807017544013
18,sensor_20,10,0.020853684210525473
18,sensor_21,1,0.0057275783947370335
18,sensor_21,2,0.004221171461988312
18,sensor_21,3,0.0028771687105263836
18,sensor_21,4,0.004481805438596447
18,sensor_21,5,0.003529392921052577
18,sensor_21,6,0.005230799181286537
18,sensor_21,7,0.002751133567251436
18,sensor_21,8,0.0033195995789473656
18,sensor_21,9,0.003353071111111066
18,sensor_21,10,0.005281963447368165
19,setting_1,1,4.477291666666666e-06
19,setting_1,2,3.708291666666667e-06
19,setting_1,3,2.157166666666667e-06
19,setting_1,4,4.879714285714286e-06
19,setting_1,5,5.127833333333334e-06
19,setting_1,6,5.485291666666667e-06
19,setting_1,7,4.592857142857143e-06
19,setting_1,8,3.0385e-06
19,setting_1,9,3.874666666666666e-06
19,setting_1,10,4.209166666666666e-06
19,setting_2,1,1.3183333333333338e-07
19,setting_2,2,6.829166666666666e-08
19,setting_2,3,9.733333333333333e-08
19,setting_2,4,8.838095238095238e-08
19,setting_2,5,6.666666666666667e-08
19,setting_2,6,1.0666666666666666e-07
19,setting_2,7,8.209523809523809e-08
19,setting_2,8,7.999999999999999e-08
19,setting_2,9,8.229166666666666e-08
19,setting_2,10,8.529166666666666e-08
19,setting_3,1,0.0
19,setting_3,2,0.0
19,setting_3,3,0.0
19,setting_3,4,0.0
19,setting_3,5,0.0
19,setting_3,6,0.0
19,setting_3,7,0.0
19,setting_3,8,0.0
19,setting_3,9,0.0
19,setting_3,10,0.0
19,sensor_1,1,0.0
19,sensor_1,2,0.0
19,sensor_1,3,0.0
19,sensor_1,4,0.0
19,sensor_1,5,0.0
19,sensor_1,6,0.0
19,sensor_1,7,0.0
19,sensor_1,8,0.0
19,sensor_1,9,0.0
19,sensor_1,10,0.0
19,sensor_2,1,0.11218291666667089
19,sensor_2,2,0.10951999999997418
19,sensor_2,3,0.06805625000000508
19,sensor_2,4,0.04439238095237966
19,sensor_2,5,0.05722625000000417
19,sensor_2,6,0.1464866666666681
19,sensor_2,7,0.07276857142858288
19,sensor_2,8,0.15633291666666685
19,sensor_2,9,0.04138000000000493
19,sensor_2,10,0.12450666666668325
19,sensor_3,1,9.678659583333431
19,sensor_3,2,12.965286666666929
19,sensor_3,3,9.752729583333272
19,sensor_3,4,12.16852666666666
19,sensor_3,5,30.25441166666678
19,sensor_3,6,12.481491666666622
19,sensor_3,7,16.288320952381103
19,sensor_3,8,24.84016666666682
19,sensor_3,9,14.78390000000042
19,sensor_3,10,17.45821166666663
19,sensor_4,1,19.533358333333283
19,sensor_4,2,17.06015958333331
19,sensor_4,3,9.659592916666941
19,sensor_4,4,11.472925714285978
19,sensor_4,5,9.30055625000011
19,sensor_4,6,19.316824999999998
19,sensor_4,7,5.085463809523735
19,sensor_4,8,6.783171666666631
19,sensor_4,9,13.471596249999738
19,sensor_4,10,19.066006250000093
19,sensor_5,1,0.0
19,sensor_5,2,0.0
19,sensor_5,3,0.0
19,sensor_5,4,0.0
19,sensor_5,5,0.0
19,sensor_5,6,0.0
19,sensor_5,7,0.0
19,sensor_5,8,0.0
19,sensor_5,9,0.0
19,sensor_5,10,0.0
19,sensor_6,1,0.0
19,sensor_6,2,0.0
19,sensor_6,3,0.0
19,sensor_6,4,0.0
19,sensor_6,5,0.0
19,sensor_6,6,0.0
19,sensor_6,7,0.0
19,sensor_6,8,0.0
19,sensor_6,9,0.0
19,sensor_6,10,0.0
19,sensor_7,1,0.09913166666666928
19,sensor_7,2,0.16931833333335117
19,sensor_7,3,0.04954291666665865
19,sensor_7,4,0.07515999999998778
19,sensor_7,5,0.292419999999977
19,sensor_7,6,0.24933958333330966
19,sensor_7,7,0.17418380952381068
19,sensor_7,8,0.20939958333332545
19,sensor_7,9,0.2739895833333318
19,sensor_7,10,0.20660666666668748
19,sensor_8,1,0.002049583333327967
19,sensor_8,2,0.0003599999999978285
19,sensor_8,3,0.0009716666666662248
19,sensor_8,4,0.0012638095238038344
19,sensor_8,5,0.0011829166666592684
19,sensor_8,6,0.0007266666666719979
19,sensor_8,7,0.00030952380952030894
19,sensor_8,8,0.0007716666666660576
19,sensor_8,9,0.0010400000000088713
19,sensor_8,10,0.0007133333333315252
19,sensor_9,1,13.598059583333407
19,sensor_9,2,19.407066249999428
19,sensor_9,3,19.901856249996833
19,sensor_9,4,26.443140952381178
19,sensor_9,5,26.180356249999715
19,sensor_9,6,9.390506666666177
19,sensor_9,7,14.559592380950745
19,sensor_9,8,8.325722916668282
19,sensor_9,9,10.022349583335377
19,sensor_9,10,18.820549583331704
19,sensor_10,1,0.0
19,sensor_10,2,0.0
19,sensor_10,3,0.0
19,sensor_10,4,0.0
19,sensor_10,5,0.0
19,sensor_10,6,0.0
19,sensor_10,7,0.0
19,sensor_10,8,0.0
19,sensor_10,9,0.0
19,sensor_10,10,0.0
19,sensor_11,1,0.0056895833333331135
19,sensor_11,2,0.017449583333333706
19,sensor_11,3,0.009411666666666473
19,sensor_11,4,0.010282857142856844
19,sensor_11,5,0.012632916666666851
19,sensor_11,6,0.012922916666666428
19,sensor_11,7,0.008292380952381209
19,sensor_11,8,0.013792916666666622
19,sensor_11,9,0.009386250000000285
19,sensor_11,10,0.006198333333333194
19,sensor_12,1,0.096342916666665
19,sensor_12,2,0.130942916666678
19,sensor_12,3,0.07481958333332234
19,sensor_12,4,0.09567809523809583
19,sensor_12,5,0.0798029166666478
19,sensor_12,6,0.12461166666667996
19,sensor_12,7,0.09955428571430099
19,sensor_12,8,0.11765291666668244
19,sensor_12,9,0.12430625000000456
19,sensor_12,10,0.08689166666666699
19,sensor_13,1,0.0005195833333277713
19,sensor_13,2,0.0008829166666629619
19,sensor_13,3,0.0006066666666614876
19,sensor_13,4,0.0007495238095196955
19,sensor_13,5,0.0009895833333359424
19,sensor_13,6,0.001079999999992494
19,sensor_13,7,0.0015838095238059552
19,sensor_13,8,0.0012229166666699132
19,sensor_13,9,0.0012395833333391044
19,sensor_13,10,0.0012329166666651538
19,sensor_14,1,11.793860000003487
19,sensor_14,2,18.33203333333298
19,sensor_14,3,11.315686666666572
19,sensor_14,4,12.263283809523186
19,sensor_14,5,4.797433333333289
19,sensor_14,6,7.619491666666149
19,sensor_14,7,12.131049523811114
19,sensor_14,8,8.733692916666394
19,sensor_14,9,9.859509583333514
19,sensor_14,10,12.707206666667645
19,sensor_15,1,0.00030885266666666895
19,sensor_15,2,0.0003938093333333211
19,sensor_15,3,0.00046591095833330485
19,sensor_15,4,0.0005894355238095277
19,sensor_15,5,0.0003979869583333268
19,sensor_15,6,0.0003698156250000065
19,sensor_15,7,0.0006190555238095411
19,sensor_15,8,0.0004014224999999962
19,sensor_15,9,0.00045272795833333596
19,sensor_15,10,0.00037795862499997334
19,sensor_16,1,0.0
19,sensor_16,2,0.0
19,sensor_16,3,0.0
19,sensor_16,4,0.0
19,sensor_16,5,0.0
19,sensor_16,6,0.0
19,sensor_16,7,0.0
19,sensor_16,8,0.0
19,sensor_16,9,0.0
19,sensor_16,10,0.0
19,sensor_17,1,1.2291666666666885
19,sensor_17,2,0.9333333333333319
19,sensor_17,3,0.5625000000000108
19,sensor_17,4,0.5523809523809499
19,sensor_17,5,1.0499999999999674
19,sensor_17,6,0.4291666666666653
19,sensor_17,7,0.9809523809523796
19,sensor_17,8,0.9624999999999847
19,sensor_17,9,1.733333333333339
19,sensor_17,10,1.4291666666666372
19,sensor_18,1,0.0
19,sensor_18,2,0.0
19,sensor_18,3,0.0
19,sensor_18,4,0.0
19,sensor_18,5,0.0
19,sensor_18,6,0.0
19,sensor_18,7,0.0
19,sensor_18,8,0.0
19,sensor_18,9,0.0
19,sensor_18,10,0.0
19,sensor_19,1,0.0
19,sensor_19,2,0.0
19,sensor_19,3,0.0
19,sensor_19,4,0.0
19,sensor_19,5,0.0
19,sensor_19,6,0.0
19,sensor_19,7,0.0
19,sensor_19,8,0.0
19,sensor_19,9,0.0
19,sensor_19,10,0.0
19,sensor_20,1,0.009993333333333269
19,sensor_20,2,0.012166250000000125
19,sensor_20,3,0.007913333333333154
19,sensor_20,4,0.011026666666666882
19,sensor_20,5,0.01297958333333314
19,sensor_20,6,0.009731666666666553
19,sensor_20,7,0.008920952380952274
19,sensor_20,8,0.008491666666666304
19,sensor_20,9,0.006046666666666481
19,sensor_20,10,0.020276249999999805
19,sensor_21,1,0.0009879998333333366
19,sensor_21,2,0.0016407599999999868
19,sensor_21,3,0.0025607426250000057
19,sensor_21,4,0.0020056669523809377
19,sensor_21,5,0.00277711629166661
19,sensor_21,6,0.0021406859583332685
19,sensor_21,7,0.004401584000000013
19,sensor_21,8,0.0036036411666667883
19,sensor_21,9,0.007688125166666658
19,sensor_21,10,0.004133073333333394
20,setting_1,1,5.506503623188406e-06
20,setting_1,2,4.600434782608696e-06
20,setting_1,3,4.8581422924901185e-06
20,setting_1,4,5.311014492753621e-06
20,setting_1,5,5.55691699604743e-06
20,setting_1,6,3.8201976284584995e-06
20,setting_1,7,8.066503623188407e-06
20,setting_1,8,5.750830039525691e-06
20,setting_1,9,4.458379446640316e-06
20,setting_1,10,3.685797101449276e-06
20,setting_2,1,1.1215579710144926e-07
20,setting_2,2,8.529644268774704e-08
20,setting_2,3,1.0600790513833991e-07
20,setting_2,4,7.172101449275363e-08
20,setting_2,5,8.877470355731226e-08
20,setting_2,6,1.0897233201581027e-07
20,setting_2,7,8.259057971014493e-08
20,setting_2,8,7.474308300395257e-08
20,setting_2,9,1.083794466403162e-07
20,setting_2,10,1.0978260869565218e-07
20,setting_3,1,0.0
20,setting_3,2,0.0
20,setting_3,3,0.0
20,setting_3,4,0.0
20,setting_3,5,0.0
20,setting_3,6,0.0
20,setting_3,7,0.0
20,setting_3,8,0.0
20,setting_3,9,0.0
20,setting_3,10,0.0
20,sensor_1,1,0.0
20,sensor_1,2,0.0
20,sensor_1,3,0.0
20,sensor_1,4,0.0
20,sensor_1,5,0.0
20,sensor_1,6,0.0
20,sensor_1,7,0.0
20,sensor_1,8,0.0
20,sensor_1,9,0.0
20,sensor_1,10,0.0
20,sensor_2,1,0.09622010869563169
20,sensor_2,2,0.0768901185770653
20,sensor_2,3,0.1089976284584921
20,sensor_2,4,0.11735199275363249
20,sensor_2,5,0.10073833992093938
20,sensor_2,6,0.044338339920943264
20,sensor_2,7,0.10024619565216857
20,sensor_2,8,0.12505217391306547
20,sensor_2,9,0.11680592885375217
20,sensor_2,10,0.06968913043479401
20,sensor_3,1,16.338393478260073
20,sensor_3,2,20.23903596837983
20,sensor_3,3,14.045738339920653
20,sensor_3,4,15.243028260869877
20,sensor_3,5,15.042885770750956
20,sensor_3,6,16.00601106719386
20,sensor_3,7,12.770717210144957
20,sensor_3,8,12.45840790513771
20,sensor_3,9,12.700281422924837
20,sensor_3,10,12.460765036231964
20,sensor_4,1,15.868995471014498
20,sensor_4,2,10.923663241106716
20,sensor_4,3,10.606017786561099
20,sensor_4,4,19.93611014492752
20,sensor_4,5,19.93690671936766
20,sensor_4,6,14.810271146245102
20,sensor_4,7,22.88499927536234
20,sensor_4,8,15.973676679841326
20,sensor_4,9,24.801101976284553
20,sensor_4,10,25.89516068840457
20,sensor_5,1,0.0
20,sensor_5,2,0.0
20,sensor_5,3,0.0
20,sensor_5,4,0.0
20,sensor_5,5,0.0
20,sensor_5,6,0.0
20,sensor_5,7,0.0
20,sensor_5,8,0.0
20,sensor_5,9,0.0
20,sensor_5,10,0.0
20,sensor_6,1,0.0
20,sensor_6,2,0.0
20,sensor_6,3,0.0
20,sensor_6,4,0.0
20,sensor_6,5,0.0
20,sensor_6,6,0.0
20,sensor_6,7,0.0
20,sensor_6,8,0.0
20,sensor_6,9,0.0
20,sensor_6,10,0.0
20,sensor_7,1,0.23390434782609307
20,sensor_7,2,0.21432094861662102
20,sensor_7,3,0.24386798418971267
20,sensor_7,4,0.25686503623187734
20,sensor_7,5,0.10145296442686366
20,sensor_7,6,0.13176284584979173
20,sensor_7,7,0.16316503623190634
20,sensor_7,8,0.11141699604742666
20,sensor_7,9,0.1996256916995682
20,sensor_7,10,0.29552101449277346
20,sensor_8,1,0.0008949275362326696
20,sensor_8,2,0.0007766798419003344
20,sensor_8,3,0.0007794466403168447
20,sensor_8,4,0.00099402173912724
20,sensor_8,5,0.001323715415018789
20,sensor_8,6,0.0006067193675853652
20,sensor_8,7,0.0008405797101382779
20,sensor_8,8,0.0009723320158021866
20,sensor_8,9,0.0009806324110640163
20,sensor_8,10,0.0010021739130475873
20,sensor_9,1,12.84233623188535
20,sensor_9,2,20.555347430826075
20,sensor_9,3,16.821698814228004
20,sensor_9,4,13.282382427538526
20,sensor_9,5,8.258230039524845
20,sensor_9,6,22.09406916995833
20,sensor_9,7,21.999358695651644
20,sensor_9,8,16.692266403161295
20,sensor_9,9,15.170763241109018
20,sensor_9,10,18.786431884051225
20,sensor_10,1,0.0
20,sensor_10,2,0.0
20,sensor_10,3,0.0
20,sensor_10,4,0.0
20,sensor_10,5,0.0
20,sensor_10,6,0.0
20,sensor_10,7,0.0
20,sensor_10,8,0.0
20,sensor_10,9,0.0
20,sensor_10,10,0.0
20,sensor_11,1,0.009269384057971005
20,sensor_11,2,0.012240711462450897
20,sensor_11,3,0.007047430830039583
20,sensor_11,4,0.006388405797101276
20,sensor_11,5,0.014877075098814124
20,sensor_11,6,0.005487351778655898
20,sensor_11,7,0.012846195652174375
20,sensor_11,8,0.005290513833991996
20,sensor_11,9,0.016287351778656513
20,sensor_11,10,0.01359547101449281
20,sensor_12,1,0.16608532608694615
20,sensor_12,2,0.06676640316205502
20,sensor_12,3,0.08821106719367938
20,sensor_12,4,0.06576938405796452
20,sensor_12,5,0.13747826086956205
20,sensor_12,6,0.0830339920948611
20,sensor_12,7,0.12353460144928012
20,sensor_12,8,0.09541304347826603
20,sensor_12,9,0.1643241106719405
20,sensor_12,10,0.11843025362321348
20,sensor_13,1,0.0009548913043468831
20,sensor_13,2,0.0011968379446633073
20,sensor_13,3,0.000692885375492478
20,sensor_13,4,0.001586775362308733
20,sensor_13,5,0.0008482213438714818
20,sensor_13,6,0.0009873517786492534
20,sensor_13,7,0.0010461956521797195
20,sensor_13,8,0.000711857707507044
20,sensor_13,9,0.0011754940711380356
20,sensor_13,10,0.0006737318840575551
20,sensor_14,1,11.58710416666653
20,sensor_14,2,12.039805533597695
20,sensor_14,3,15.863613438733733
20,sensor_14,4,6.542484057971813
20,sensor_14,5,9.414624901185704
20,sensor_14,6,11.23552371541508
20,sensor_14,7,10.79629547101528
20,sensor_14,8,13.517460079052539
20,sensor_14,9,4.193680632411505
20,sensor_14,10,8.08227826086922
20,sensor_15,1,0.000329044565217391
20,sensor_15,2,0.00040088845849802976
20,sensor_15,3,0.00031998494071146054
20,sensor_15,4,0.0005028512862319104
20,sensor_15,5,0.00015910952569168828
20,sensor_15,6,0.0002354771541502043
20,sensor_15,7,0.00039452601449276996
20,sensor_15,8,0.0004601298814229408
20,sensor_15,9,0.00026270948616600575
20,sensor_15,10,0.0003697851992753647
20,sensor_16,1,0.0
20,sensor_16,2,0.0
20,sensor_16,3,0.0
20,sensor_16,4,0.0
20,sensor_16,5,0.0
20,sensor_16,6,0.0
20,sensor_16,7,0.0
20,sensor_16,8,0.0
20,sensor_16,9,0.0
20,sensor_16,10,0.0
20,sensor_17,1,0.9402173913043587
20,sensor_17,2,1.201581027667958
20,sensor_17,3,1.0830039525691715
20,sensor_17,4,1.0851449275362484
20,sensor_17,5,0.7707509881422919
20,sensor_17,6,0.3320158102766768
20,sensor_17,7,0.998188405797092
20,sensor_17,8,0.9841897233201663
20,sensor_17,9,0.40711462450592095
20,sensor_17,10,0.8532608695652104
20,sensor_18,1,0.0
20,sensor_18,2,0.0
20,sensor_18,3,0.0
20,sensor_18,4,0.0
20,sensor_18,5,0.0
20,sensor_18,6,0.0
20,sensor_18,7,0.0
20,sensor_18,8,0.0
20,sensor_18,9,0.0
20,sensor_18,10,0.0
20,sensor_19,1,0.0
20,sensor_19,2,0.0
20,sensor_19,3,0.0
20,sensor_19,4,0.0
20,sensor_19,5,0.0
20,sensor_19,6,0.0
20,sensor_19,7,0.0
20,sensor_19,8,0.0
20,sensor_19,9,0.0
20,sensor_19,10,0.0
20,sensor_20,1,0.0057731884057969475
20,sensor_20,2,0.011660474308300526
20,sensor_20,3,0.008589328063241069
20,sensor_20,4,0.006059239130434891
20,sensor_20,5,0.007944664031620176
20,sensor_20,6,0.008281422924901078
20,sensor_20,7,0.010182427536231888
20,sensor_20,8,0.008920158102766645
20,sensor_20,9,0.008207905138339713
20,sensor_20,10,0.014999275362318912
20,sensor_21,1,0.00358799210144939
20,sensor_21,2,0.00455904948616602
20,sensor_21,3,0.0028210352964426833
20,sensor_21,4,0.004431203478260873
20,sensor_21,5,0.0016432897628458826
20,sensor_21,6,0.0033472158498022934
20,sensor_21,7,0.0034653841847825675
20,sensor_21,8,0.004639327154150109
20,sensor_21,9,0.005668401778656313
20,sensor_21,10,0.004242968405796947
21,setting_1,1,8.682605263157896e-06
21,setting_1,2,5.025964912280702e-06
21,setting_1,3,2.6335789473684213e-06
21,setting_1,4,3.957309941520467e-06
21,setting_1,5,5.3973421052631585e-06
21,setting_1,6,4.917076023391812e-06
21,setting_1,7,5.902631578947369e-06
21,setting_1,8,4.792526315789473e-06
21,setting_1,9,6.1447368421052636e-06
21,setting_1,10,4.1887105263157905e-06
21,setting_2,1,9.186842105263159e-08
21,setting_2,2,8.315789473684211e-08
21,setting_2,3,9.713157894736842e-08
21,setting_2,4,1.0982456140350878e-07
21,setting_2,5,1.1568421052631579e-07
21,setting_2,6,7.163742690058478e-08
21,setting_2,7,9.035087719298244e-08
21,setting_2,8,9.523684210526318e-08
21,setting_2,9,5.485380116959065e-08
21,setting_2,10,8.450000000000002e-08
21,setting_3,1,0.0
21,setting_3,2,0.0
21,setting_3,3,0.0
21,setting_3,4,0.0
21,setting_3,5,0.0
21,setting_3,6,0.0
21,setting_3,7,0.0
21,setting_3,8,0.0
21,setting_3,9,0.0
21,setting_3,10,0.0
21,sensor_1,1,0.0
21,sensor_1,2,0.0
21,sensor_1,3,0.0
21,sensor_1,4,0.0
21,sensor_1,5,0.0
21,sensor_1,6,0.0
21,sensor_1,7,0.0
21,sensor_1,8,0.0
21,sensor_1,9,0.0
21,sensor_1,10,0.0
21,sensor_2,1,0.06091578947368395
21,sensor_2,2,0.11491169590643163
21,sensor_2,3,0.0855249999999997
21,sensor_2,4,0.10138947368422001
21,sensor_2,5,0.15199052631578844
21,sensor_2,6,0.10604269005849926
21,sensor_2,7,0.07875614035087329
21,sensor_2,8,0.07647473684210603
21,sensor_2,9,0.08145438596490137
21,sensor_2,10,0.11780526315790038
21,sensor_3,1,15.768415526315811
21,sensor_3,2,20.31846959064351
21,sensor_3,3,21.00060000000013
21,sensor_3,4,8.12001461988305
21,sensor_3,5,14.833623947368915
21,sensor_3,6,20.96590000000024
21,sensor_3,7,17.74411637426942
21,sensor_3,8,24.596935789473594
21,sensor_3,9,16.92663157894756
21,sensor_3,10,17.9355989473679
21,sensor_4,1,12.849577894737052
21,sensor_4,2,12.58682865497051
21,sensor_4,3,17.832841052631345
21,sensor_4,4,20.07728421052675
21,sensor_4,5,23.360848421053003
21,sensor_4,6,27.561206432748065
21,sensor_4,7,12.853647953216674
21,sensor_4,8,26.223500000000907
21,sensor_4,9,17.26789298245602
21,sensor_4,10,28.530125263159324
21,sensor_5,1,0.0
21,sensor_5,2,0.0
21,sensor_5,3,0.0
21,sensor_5,4,0.0
21,sensor_5,5,0.0
21,sensor_5,6,0.0
21,sensor_5,7,0.0
21,sensor_5,8,0.0
21,sensor_5,9,0.0
21,sensor_5,10,0.0
21,sensor_6,1,0.0
21,sensor_6,2,0.0
21,sensor_6,3,0.0
21,sensor_6,4,0.0
21,sensor_6,5,0.0
21,sensor_6,6,0.0
21,sensor_6,7,5.2631578947357445e-06
21,sensor_6,8,0.0
21,sensor_6,9,0.0
21,sensor_6,10,0.0
21,sensor_7,1,0.2316681578946843
21,sensor_7,2,0.19642573099413832
21,sensor_7,3,0.13582605263157613
21,sensor_7,4,0.2107397660818623
21,sensor_7,5,0.14473131578949783
21,sensor_7,6,0.16036900584794295
21,sensor_7,7,0.1691035087719264
21,sensor_7,8,0.1610010526316037
21,sensor_7,9,0.18854327485380412
21,sensor_7,10,0.19165763157894145
21,sensor_8,1,0.0014157894736901303
21,sensor_8,2,0.0007830409356671635
21,sensor_8,3,0.001030263157893055
21,sensor_8,4,0.0008666666666630275
21,sensor_8,5,0.0008147368421032184
21,sensor_8,6,0.00132046783625303
21,sensor_8,7,0.0013356725146205074
21,sensor_8,8,0.0011315789473640447
21,sensor_8,9,0.001139766081863226
21,sensor_8,10,0.0014694736841940385
21,sensor_9,1,13.902774736840744
21,sensor_9,2,20.81909181286592
21,sensor_9,3,13.92412000000435
21,sensor_9,4,16.698117543857027
21,sensor_9,5,32.24544710526087
21,sensor_9,6,10.438253801166436
21,sensor_9,7,32.922739766082096
21,sensor_9,8,50.776552368412055
21,sensor_9,9,72.37940643273673
21,sensor_9,10,263.8782976315831
21,sensor_10,1,0.0
21,sensor_10,2,0.0
21,sensor_10,3,0.0
21,sensor_10,4,0.0
21,sensor_10,5,0.0
21,sensor_10,6,0.0
21,sensor_10,7,0.0
21,sensor_10,8,0.0
21,sensor_10,9,0.0
21,sensor_10,10,0.0
21,sensor_11,1,0.00898842105263171
21,sensor_11,2,0.011284210526316
21,sensor_11,3,0.01098184210526331
21,sensor_11,4,0.01093391812865508
21,sensor_11,5,0.013806315789473503
21,sensor_11,6,0.004953801169590686
21,sensor_11,7,0.006521052631578993
21,sensor_11,8,0.01003052631578924
21,sensor_11,9,0.00622105263157858
21,sensor_11,10,0.01745763157894658
21,sensor_12,1,0.10241552631577823
21,sensor_12,2,0.08393742690058854
21,sensor_12,3,0.10277342105261585
21,sensor_12,4,0.09865555555556457
21,sensor_12,5,0.06915026315789295
21,sensor_12,6,0.11032456140349631
21,sensor_12,7,0.1077538011695777
21,sensor_12,8,0.07646815789472763
21,sensor_12,9,0.06676198830410139
21,sensor_12,10,0.14666605263156937
21,sensor_13,1,0.0011292105263062612
21,sensor_13,2,0.0008029239766065975
21,sensor_13,3,0.0010555263157871711
21,sensor_13,4,0.0009982456140331466
21,sensor_13,5,0.0004526315789468746
21,sensor_13,6,0.001426315789465918
21,sensor_13,7,0.0006654970760240985
21,sensor_13,8,0.0008905263157881004
21,sensor_13,9,0.0010760233918111356
21,sensor_13,10,0.0012786842105216472
21,sensor_14,1,11.054464210526566
21,sensor_14,2,10.036295321637603
21,sensor_14,3,11.004074736842206
21,sensor_14,4,10.118800584795357
21,sensor_14,5,11.606329210527253
21,sensor_14,6,7.628281286550437
21,sensor_14,7,20.335558479534196
21,sensor_14,8,30.055347368414214
21,sensor_14,9,49.80330994152026
21,sensor_14,10,167.9218765789615
21,sensor_15,1,0.0006414137894736769
21,sensor_15,2,0.00040687274853799696
21,sensor_15,3,0.0005302358947368387
21,sensor_15,4,0.00037784099415204357
21,sensor_15,5,0.0005514402894736886
21,sensor_15,6,0.0005261161988304125
21,sensor_15,7,0.00030921666666665966
21,sensor_15,8,0.0005882152631579018
21,sensor_15,9,0.0006121284210526336
21,sensor_15,10,0.0004100451578947198
21,sensor_16,1,0.0
21,sensor_16,2,0.0
21,sensor_16,3,0.0
21,sensor_16,4,0.0
21,sensor_16,5,0.0
21,sensor_16,6,0.0
21,sensor_16,7,0.0
21,sensor_16,8,0.0
21,sensor_16,9,0.0
21,sensor_16,10,0.0
21,sensor_17,1,0.9578947368421173
21,sensor_17,2,0.6725146198830434
21,sensor_17,3,0.40789473684210237
21,sensor_17,4,0.6081871345029171
21,sensor_17,5,0.7868421052631553
21,sensor_17,6,1.8070175438596374
21,sensor_17,7,1.450292397660772
21,sensor_17,8,0.7789473684210405
21,sensor_17,9,0.9239766081871505
21,sensor_17,10,1.5236842105262998
21,sensor_18,1,0.0
21,sensor_18,2,0.0
21,sensor_18,3,0.0
21,sensor_18,4,0.0
21,sensor_18,5,0.0
21,sensor_18,6,0.0
21,sensor_18,7,0.0
21,sensor_18,8,0.0
21,sensor_18,9,0.0
21,sensor_18,10,0.0
21,sensor_19,1,0.0
21,sensor_19,2,0.0
21,sensor_19,3,0.0
21,sensor_19,4,0.0
21,sensor_19,5,0.0
21,sensor_19,6,0.0
21,sensor_19,7,0.0
21,sensor_19,8,0.0
21,sensor_19,9,0.0
21,sensor_19,10,0.0
21,sensor_20,1,0.007381842105263163
21,sensor_20,2,0.009404093567251408
21,sensor_20,3,0.020339736842105823
21,sensor_20,4,0.02088070175438634
21,sensor_20,5,0.00672736842105265
21,sensor_20,6,0.009036257309941448
21,sensor_20,7,0.010714619883040627
21,sensor_20,8,0.013792368421052935
21,sensor_20,9,0.008105263157894615
21,sensor_20,10,0.013689210526315472
21,sensor_21,1,0.003686040421052614
21,sensor_21,2,0.0036027873099415044
21,sensor_21,3,0.0032735983947368495
21,sensor_21,4,0.0044938648538010405
21,sensor_21,5,0.002775306605263171
21,sensor_21,6,0.004067313684210513
21,sensor_21,7,0.0027502176023392567
21,sensor_21,8,0.0018822564210525805
21,sensor_21,9,0.004152647660818724
21,sensor_21,10,0.005412928947368559
22,setting_1,1,2.5152857142857143e-06
22,setting_1,2,4.340499999999999e-06
22,setting_1,3,8.482736842105265e-06
22,setting_1,4,4.688421052631578e-06
22,setting_1,5,3.961473684210527e-06
22,setting_1,6,3.414315789473685e-06
22,setting_1,7,3.491447368421052e-06
22,setting_1,8,5.147868421052633e-06
22,setting_1,9,4.10028947368421e-06
22,setting_1,10,6.917285714285713e-06
22,setting_2,1,9.028571428571428e-08
22,setting_2,2,8.765789473684212e-08
22,setting_2,3,8.621052631578946e-08
22,setting_2,4,5.523684210526315e-08
22,setting_2,5,7.515789473684212e-08
22,setting_2,6,9.252631578947369e-08
22,setting_2,7,8.93421052631579e-08
22,setting_2,8,1.0092105263157896e-07
22,setting_2,9,8.239473684210527e-08
22,setting_2,10,5.133333333333334e-08
22,setting_3,1,0.0
22,setting_3,2,0.0
22,setting_3,3,0.0
22,setting_3,4,0.0
22,setting_3,5,0.0
22,setting_3,6,0.0
22,setting_3,7,0.0
22,setting_3,8,0.0
22,setting_3,9,0.0
22,setting_3,10,0.0
22,sensor_1,1,0.0
22,sensor_1,2,0.0
22,sensor_1,3,0.0
22,sensor_1,4,0.0
22,sensor_1,5,0.0
22,sensor_1,6,0.0
22,sensor_1,7,0.0
22,sensor_1,8,0.0
22,sensor_1,9,0.0
22,sensor_1,10,0.0
22,sensor_2,1,0.07404904761906822
22,sensor_2,2,0.042493421052634844
22,sensor_2,3,0.05412499999999366
22,sensor_2,4,0.13295894736841696
22,sensor_2,5,0.053819736842096816
22,sensor_2,6,0.10393789473683616
22,sensor_2,7,0.12091868421050478
22,sensor_2,8,0.07278815789472436
22,sensor_2,9,0.06313789473682525
22,sensor_2,10,0.05117904761905615
22,sensor_3,1,16.719949047618933
22,sensor_3,2,8.523430526315652
22,sensor_3,3,19.299185263157472
22,sensor_3,4,11.327935526315926
22,sensor_3,5,9.84687999999962
22,sensor_3,6,8.515467368421303
22,sensor_3,7,23.648245000000212
22,sensor_3,8,8.600648421052638
22,sensor_3,9,16.103352368421056
22,sensor_3,10,20.906839047618615
22,sensor_4,1,17.425433333332734
22,sensor_4,2,5.241546052631416
22,sensor_4,3,24.540709473683904
22,sensor_4,4,6.446447105263293
22,sensor_4,5,8.571034473684076
22,sensor_4,6,20.236921052631462
22,sensor_4,7,13.01412078947392
22,sensor_4,8,14.299067368421046
22,sensor_4,9,23.079857631578943
22,sensor_4,10,15.806219047619518
22,sensor_5,1,0.0
22,sensor_5,2,0.0
22,sensor_5,3,0.0
22,sensor_5,4,0.0
22,sensor_5,5,0.0
22,sensor_5,6,0.0
22,sensor_5,7,0.0
22,sensor_5,8,0.0
22,sensor_5,9,0.0
22,sensor_5,10,0.0
22,sensor_6,1,0.0
22,sensor_6,2,0.0
22,sensor_6,3,0.0
22,sensor_6,4,0.0
22,sensor_6,5,0.0
22,sensor_6,6,0.0
22,sensor_6,7,0.0
22,sensor_6,8,0.0
22,sensor_6,9,0.0
22,sensor_6,10,0.0
22,sensor_7,1,0.3239228571428648
22,sensor_7,2,0.0746673684210535
22,sensor_7,3,0.12020500000000368
22,sensor_7,4,0.13757368421052182
22,sensor_7,5,0.16363684210526974
22,sensor_7,6,0.2393734210526004
22,sensor_7,7,0.24109578947368515
22,sensor_7,8,0.2072273684210287
22,sensor_7,9,0.20076315789472773
22,sensor_7,10,0.1773328571428556
22,sensor_8,1,0.0015390476190492205
22,sensor_8,2,0.0007628947368371992
22,sensor_8,3,0.0012568421052599678
22,sensor_8,4,0.0003734210526287892
22,sensor_8,5,0.0008471052631559961
22,sensor_8,6,0.0004028947368387999
22,sensor_8,7,0.0007010526315748365
22,sensor_8,8,0.0010786842105269835
22,sensor_8,9,0.001005263157904571
22,sensor_8,10,0.0008528571428632113
22,sensor_9,1,22.71860333333352
22,sensor_9,2,19.32303052631856
22,sensor_9,3,10.752188421056829
22,sensor_9,4,18.42399236842134
22,sensor_9,5,20.392574736841073
22,sensor_9,6,15.045118684209399
22,sensor_9,7,24.673082894735373
22,sensor_9,8,14.56363657894965
22,sensor_9,9,9.01073973684073
22,sensor_9,10,11.079096190476882
22,sensor_10,1,0.0
22,sensor_10,2,0.0
22,sensor_10,3,0.0
22,sensor_10,4,0.0
22,sensor_10,5,0.0
22,sensor_10,6,0.0
22,sensor_10,7,0.0
22,sensor_10,8,0.0
22,sensor_10,9,0.0
22,sensor_10,10,0.0
22,sensor_11,1,0.00932571428571435
22,sensor_11,2,0.007474736842105145
22,sensor_11,3,0.008088421052631724
22,sensor_11,4,0.009645000000000351
22,sensor_11,5,0.007472631578947389
22,sensor_11,6,0.01025131578947393
22,sensor_11,7,0.011615526315789413
22,sensor_11,8,0.01475894736842102
22,sensor_11,9,0.010153684210526169
22,sensor_11,10,0.01874619047619045
22,sensor_12,1,0.12365142857143112
22,sensor_12,2,0.1243628947368471
22,sensor_12,3,0.027226052631581867
22,sensor_12,4,0.07355236842106094
22,sensor_12,5,0.10449368421055864
22,sensor_12,6,0.09997342105262548
22,sensor_12,7,0.03635157894737727
22,sensor_12,8,0.07615368421051338
22,sensor_12,9,0.12116289473684176
22,sensor_12,10,0.1063061904761972
22,sensor_13,1,0.0008133333333280613
22,sensor_13,2,0.0008000000000023299
22,sensor_13,3,0.0008884210526363382
22,sensor_13,4,0.0011789473684198457
22,sensor_13,5,0.00042605263158139786
22,sensor_13,6,0.0011923684210515956
22,sensor_13,7,0.0011734210526335186
22,sensor_13,8,0.00043447368421398554
22,sensor_13,9,0.0008947368421074523
22,sensor_13,10,0.0007928571428573982
22,sensor_14,1,14.020395714286352
22,sensor_14,2,14.235457631578305
22,sensor_14,3,9.59346184210483
22,sensor_14,4,9.349089473683957
22,sensor_14,5,15.230078684210472
22,sensor_14,6,10.87002000000006
22,sensor_14,7,16.11537131578797
22,sensor_14,8,5.176301052631555
22,sensor_14,9,10.039430526314387
22,sensor_14,10,9.437072857141763
22,sensor_15,1,0.0002505636190476229
22,sensor_15,2,0.00028895578947368746
22,sensor_15,3,0.00046041799999999673
22,sensor_15,4,0.0005919167105263387
22,sensor_15,5,0.00014481355263157793
22,sensor_15,6,0.0002896895789473751
22,sensor_15,7,0.000309797763157892
22,sensor_15,8,0.0007337226052631683
22,sensor_15,9,0.0005379072631578767
22,sensor_15,10,0.0004936691428571613
22,sensor_16,1,0.0
22,sensor_16,2,0.0
22,sensor_16,3,0.0
22,sensor_16,4,0.0
22,sensor_16,5,0.0
22,sensor_16,6,0.0
22,sensor_16,7,0.0
22,sensor_16,8,0.0
22,sensor_16,9,0.0
22,sensor_16,10,0.0
22,sensor_17,1,0.43333333333334856
22,sensor_17,2,0.5368421052631639
22,sensor_17,3,1.010526315789467
22,sensor_17,4,0.9763157894736891
22,sensor_17,5,0.9052631578947372
22,sensor_17,6,0.8289473684210803
22,sensor_17,7,1.042105263157886
22,sensor_17,8,1.6289473684210476
22,sensor_17,9,1.5157894736841886
22,sensor_17,10,0.9476190476190322
22,sensor_18,1,0.0
22,sensor_18,2,0.0
22,sensor_18,3,0.0
22,sensor_18,4,0.0
22,sensor_18,5,0.0
22,sensor_18,6,0.0
22,sensor_18,7,0.0
22,sensor_18,8,0.0
22,sensor_18,9,0.0
22,sensor_18,10,0.0
22,sensor_19,1,0.0
22,sensor_19,2,0.0
22,sensor_19,3,0.0
22,sensor_19,4,0.0
22,sensor_19,5,0.0
22,sensor_19,6,0.0
22,sensor_19,7,0.0
22,sensor_19,8,0.0
22,sensor_19,9,0.0
22,sensor_19,10,0.0
22,sensor_20,1,0.008426190476190408
22,sensor_20,2,0.012631578947368508
22,sensor_20,3,0.0122063157894732
22,sensor_20,4,0.00749368421052634
22,sensor_20,5,0.017583947368421293
22,sensor_20,6,0.006785263157895178
22,sensor_20,7,0.009505263157894905
22,sensor_20,8,0.009306315789473772
22,sensor_20,9,0.014348421052631741
22,sensor_20,10,0.01182619047619058
22,sensor_21,1,0.004773958619047636
22,sensor_21,2,0.0025800236578947654
22,sensor_21,3,0.004602865552631496
22,sensor_21,4,0.005721287999999976
22,sensor_21,5,0.003319921552631587
22,sensor_21,6,0.004387385552631643
22,sensor_21,7,0.003175705157894713
22,sensor_21,8,0.004267591052631662
22,sensor_21,9,0.0032309141842105475
22,sensor_21,10,0.004673125000000049
23,setting_1,1,3.3976470588235296e-06
23,setting_1,2,2.4168382352941176e-06
23,setting_1,3,3.028088235294118e-06
23,setting_1,4,7.966625e-06
23,setting_1,5,4.315147058823529e-06
23,setting_1,6,4.421323529411765e-06
23,setting_1,7,3.6519583333333328e-06
23,setting_1,8,8.080073529411766e-06
23,setting_1,9,4.857794117647059e-06
23,setting_1,10,4.3536029411764705e-06
23,setting_2,1,6.63970588235294e-08
23,setting_2,2,1.1882352941176472e-07
23,setting_2,3,9.029411764705882e-08
23,setting_2,4,1.3395833333333333e-07
23,setting_2,5,9.345588235294117e-08
23,setting_2,6,5.183823529411764e-08
23,setting_2,7,1.3729166666666667e-07
23,setting_2,8,7.63235294117647e-08
23,setting_2,9,7.066176470588234e-08
23,setting_2,10,8.26470588235294e-08
23,setting_3,1,0.0
23,setting_3,2,0.0
23,setting_3,3,0.0
23,setting_3,4,0.0
23,setting_3,5,0.0
23,setting_3,6,0.0
23,setting_3,7,0.0
23,setting_3,8,0.0
23,setting_3,9,0.0
23,setting_3,10,0.0
23,sensor_1,1,0.0
23,sensor_1,2,0.0
23,sensor_1,3,0.0
23,sensor_1,4,0.0
23,sensor_1,5,0.0
23,sensor_1,6,0.0
23,sensor_1,7,0.0
23,sensor_1,8,0.0
23,sensor_1,9,0.0
23,sensor_1,10,0.0
23,sensor_2,1,0.18730955882354342
23,sensor_2,2,0.07460294117644287
23,sensor_2,3,0.09676838235295271
23,sensor_2,4,0.10214291666665916
23,sensor_2,5,0.10944411764707926
23,sensor_2,6,0.050472058823556744
23,sensor_2,7,0.1753895833333334
23,sensor_2,8,0.0788632352941282
23,sensor_2,9,0.037019117647052985
23,sensor_2,10,0.09305588235292463
23,sensor_3,1,9.095651470588306
23,sensor_3,2,22.02637500000097
23,sensor_3,3,8.380176470588404
23,sensor_3,4,27.916773333332866
23,sensor_3,5,15.81143676470543
23,sensor_3,6,22.61695588235285
23,sensor_3,7,10.78658958333346
23,sensor_3,8,14.924086764705915
23,sensor_3,9,10.782323529411695
23,sensor_3,10,9.424811764705762
23,sensor_4,1,6.868131617647233
23,sensor_4,2,16.43284852941172
23,sensor_4,3,29.123236029412077
23,sensor_4,4,13.967866249999702
23,sensor_4,5,14.749634558823702
23,sensor_4,6,11.871459558823329
23,sensor_4,7,12.630833333333433
23,sensor_4,8,11.762443382353144
23,sensor_4,9,21.20745147058778
23,sensor_4,10,13.873481617646922
23,sensor_5,1,0.0
23,sensor_5,2,0.0
23,sensor_5,3,0.0
23,sensor_5,4,0.0
23,sensor_5,5,0.0
23,sensor_5,6,0.0
23,sensor_5,7,0.0
23,sensor_5,8,0.0
23,sensor_5,9,0.0
23,sensor_5,10,0.0
23,sensor_6,1,0.0
23,sensor_6,2,0.0
23,sensor_6,3,0.0
23,sensor_6,4,0.0
23,sensor_6,5,0.0
23,sensor_6,6,0.0
23,sensor_6,7,0.0
23,sensor_6,8,0.0
23,sensor_6,9,0.0
23,sensor_6,10,0.0
23,sensor_7,1,0.13161838235294437
23,sensor_7,2,0.1910014705882269
23,sensor_7,3,0.1260625000000154
23,sensor_7,4,0.2488295833333115
23,sensor_7,5,0.15835955882351097
23,sensor_7,6,0.1285735294117648
23,sensor_7,7,0.2991262500000161
23,sensor_7,8,0.2838029411764039
23,sensor_7,9,0.19343602941172547
23,sensor_7,10,0.16277647058823305
23,sensor_8,1,0.0010529411764640376
23,sensor_8,2,0.0006316176470603556
23,sensor_8,3,0.0014117647058718478
23,sensor_8,4,0.0006133333333346179
23,sensor_8,5,0.0005235294117656896
23,sensor_8,6,0.0004691176470584527
23,sensor_8,7,0.0005529166666671827
23,sensor_8,8,0.0008279411764699485
23,sensor_8,9,0.001009558823528063
23,sensor_8,10,0.0012132352941196518
23,sensor_9,1,14.074086764709431
23,sensor_9,2,15.56880955882212
23,sensor_9,3,9.517080882353174
23,sensor_9,4,18.11707291666528
23,sensor_9,5,9.865159558824164
23,sensor_9,6,7.286776470587536
23,sensor_9,7,16.17706291666529
23,sensor_9,8,23.1010242647069
23,sensor_9,9,15.345269117648607
23,sensor_9,10,16.24278161764709
23,sensor_10,1,0.0
23,sensor_10,2,0.0
23,sensor_10,3,0.0
23,sensor_10,4,0.0
23,sensor_10,5,0.0
23,sensor_10,6,0.0
23,sensor_10,7,0.0
23,sensor_10,8,0.0
23,sensor_10,9,0.0
23,sensor_10,10,0.0
23,sensor_11,1,0.006422058823529253
23,sensor_11,2,0.011049999999999578
23,sensor_11,3,0.012049264705882263
23,sensor_11,4,0.009052916666666272
23,sensor_11,5,0.012711029411765036
23,sensor_11,6,0.009102941176470257
23,sensor_11,7,0.014242916666666992
23,sensor_11,8,0.014211029411764536
23,sensor_11,9,0.00793676470588252
23,sensor_11,10,0.007188235294117696
23,sensor_12,1,0.12821838235293795
23,sensor_12,2,0.15080955882352506
23,sensor_12,3,0.11628823529410949
23,sensor_12,4,0.08321291666666994
23,sensor_12,5,0.05192794117647247
23,sensor_12,6,0.11348161764704627
23,sensor_12,7,0.11579958333331422
23,sensor_12,8,0.07475147058825443
23,sensor_12,9,0.11628897058824894
23,sensor_12,10,0.21831249999998156
23,sensor_13,1,0.0008257352941153027
23,sensor_13,2,0.0008992647058759544
23,sensor_13,3,0.0007470588235270497
23,sensor_13,4,0.0007050000000021565
23,sensor_13,5,0.0011558823529421905
23,sensor_13,6,0.0007485294117601018
23,sensor_13,7,0.0009333333333307269
23,sensor_13,8,0.0006316176470573634
23,sensor_13,9,0.0007374999999984043
23,sensor_13,10,0.0014654411764816306
23,sensor_14,1,3.630413235294153
23,sensor_14,2,10.971030882352627
23,sensor_14,3,11.99617573529409
23,sensor_14,4,7.261729583332342
23,sensor_14,5,7.630894117646905
23,sensor_14,6,5.912119117647234
23,sensor_14,7,5.675029583334104
23,sensor_14,8,11.878931617646801
23,sensor_14,9,6.052809558823072
23,sensor_14,10,8.760911029411117
23,sensor_15,1,0.00027601220588234905
23,sensor_15,2,0.0004177401470588075
23,sensor_15,3,0.00038455382352940606
23,sensor_15,4,0.0003907006666666674
23,sensor_15,5,0.0004546615441176412
23,sensor_15,6,0.0007103275000000217
23,sensor_15,7,0.0003263082916666703
23,sensor_15,8,0.000411279926470588
23,sensor_15,9,0.0005089900735294117
23,sensor_15,10,0.0006112281617647107
23,sensor_16,1,0.0
23,sensor_16,2,0.0
23,sensor_16,3,0.0
23,sensor_16,4,0.0
23,sensor_16,5,0.0
23,sensor_16,6,0.0
23,sensor_16,7,0.0
23,sensor_16,8,0.0
23,sensor_16,9,0.0
23,sensor_16,10,0.0
23,sensor_17,1,1.3161764705882422
23,sensor_17,2,1.1102941176470364
23,sensor_17,3,0.8088235294117636
23,sensor_17,4,0.9333333333333409
23,sensor_17,5,0.6544117647058834
23,sensor_17,6,0.6323529411764799
23,sensor_17,7,0.4
23,sensor_17,8,1.0588235294117585
23,sensor_17,9,1.1102941176470544
23,sensor_17,10,1.235294117647096
23,sensor_18,1,0.0
23,sensor_18,2,0.0
23,sensor_18,3,0.0
23,sensor_18,4,0.0
23,sensor_18,5,0.0
23,sensor_18,6,0.0
23,sensor_18,7,0.0
23,sensor_18,8,0.0
23,sensor_18,9,0.0
23,sensor_18,10,0.0
23,sensor_19,1,0.0
23,sensor_19,2,0.0
23,sensor_19,3,0.0
23,sensor_19,4,0.0
23,sensor_19,5,0.0
23,sensor_19,6,0.0
23,sensor_19,7,0.0
23,sensor_19,8,0.0
23,sensor_19,9,0.0
23,sensor_19,10,0.0
23,sensor_20,1,0.01061911764705907
23,sensor_20,2,0.008994117647058906
23,sensor_20,3,0.010715441176470598
23,sensor_20,4,0.013838333333333255
23,sensor_20,5,0.004136764705882585
23,sensor_20,6,0.01396397058823513
23,sensor_20,7,0.008129583333332954
23,sensor_20,8,0.008605882352941189
23,sensor_20,9,0.011548529411764555
23,sensor_20,10,0.02686544117647041
23,sensor_21,1,0.006928173897058745
23,sensor_21,2,0.0030761277941177005
23,sensor_21,3,0.0032997465441176946
23,sensor_21,4,0.0037614946666667004
23,sensor_21,5,0.0037609361029411308
23,sensor_21,6,0.0024723705882352095
23,sensor_21,7,0.004515823999999962
23,sensor_21,8,0.0027225815441176636
23,sensor_21,9,0.0037036202941175237
23,sensor_21,10,0.00453087029411769
24,setting_1,1,5.286952380952382e-06
24,setting_1,2,2.9068571428571434e-06
24,setting_1,3,4.778736263736263e-06
24,setting_1,4,6.095238095238096e-06
24,setting_1,5,5.1349523809523806e-06
24,setting_1,6,4.08879120879121e-06
24,setting_1,7,5.040285714285714e-06
24,setting_1,8,1.179802197802198e-05
24,setting_1,9,4.689714285714286e-06
24,setting_1,10,6.6435238095238105e-06
24,setting_2,1,7.457142857142856e-08
24,setting_2,2,1.0209523809523809e-07
24,setting_2,3,7.785714285714286e-08
24,setting_2,4,7.685714285714285e-08
24,setting_2,5,1.0066666666666667e-07
24,setting_2,6,5.604395604395605e-08
24,setting_2,7,6.266666666666667e-08
24,setting_2,8,4.686813186813187e-08
24,setting_2,9,1.4e-07
24,setting_2,10,9.599999999999999e-08
24,setting_3,1,0.0
24,setting_3,2,0.0
24,setting_3,3,0.0
24,setting_3,4,0.0
24,setting_3,5,0.0
24,setting_3,6,0.0
24,setting_3,7,0.0
24,setting_3,8,0.0
24,setting_3,9,0.0
24,setting_3,10,0.0
24,sensor_1,1,0.0
24,sensor_1,2,0.0
24,sensor_1,3,0.0
24,sensor_1,4,0.0
24,sensor_1,5,0.0
24,sensor_1,6,0.0
24,sensor_1,7,0.0
24,sensor_1,8,0.0
24,sensor_1,9,0.0
24,sensor_1,10,0.0
24,sensor_2,1,0.06832095238094738
24,sensor_2,2,0.054763809523812816
24,sensor_2,3,0.16999175824175786
24,sensor_2,4,0.05274952380952614
24,sensor_2,5,0.07252666666667275
24,sensor_2,6,0.08448791208791559
24,sensor_2,7,0.10340952380953326
24,sensor_2,8,0.10402692307692073
24,sensor_2,9,0.06411238095238377
24,sensor_2,10,0.03419238095236248
24,sensor_3,1,15.73720952380943
24,sensor_3,2,6.506655238095417
24,sensor_3,3,9.179910439560343
24,sensor_3,4,6.048935238095352
24,sensor_3,5,6.216892380952648
24,sensor_3,6,26.226947802197596
24,sensor_3,7,9.20847428571392
24,sensor_3,8,14.947517032966772
24,sensor_3,9,21.82871142857136
24,sensor_3,10,16.947009523809736
24,sensor_4,1,11.45106380952372
24,sensor_4,2,10.656859999999938
24,sensor_4,3,22.725141208791005
24,sensor_4,4,6.967831428571694
24,sensor_4,5,25.47118857142903
24,sensor_4,6,11.250842307691975
24,sensor_4,7,9.603371428571075
24,sensor_4,8,23.680237362636806
24,sensor_4,9,11.564645714285602
24,sensor_4,10,23.86879238095174
24,sensor_5,1,0.0
24,sensor_5,2,0.0
24,sensor_5,3,0.0
24,sensor_5,4,0.0
24,sensor_5,5,0.0
24,sensor_5,6,0.0
24,sensor_5,7,0.0
24,sensor_5,8,0.0
24,sensor_5,9,0.0
24,sensor_5,10,0.0
24,sensor_6,1,6.666666666664408e-06
24,sensor_6,2,6.666666666665529e-06
24,sensor_6,3,0.0
24,sensor_6,4,0.0
24,sensor_6,5,0.0
24,sensor_6,6,0.0
24,sensor_6,7,0.0
24,sensor_6,8,0.0
24,sensor_6,9,0.0
24,sensor_6,10,0.0
24,sensor_7,1,0.10384952380951386
24,sensor_7,2,0.22172095238097225
24,sensor_7,3,0.11579175824175739
24,sensor_7,4,0.16293523809523497
24,sensor_7,5,0.142420952380958
24,sensor_7,6,0.17898736263735593
24,sensor_7,7,0.13039809523809284
24,sensor_7,8,0.3573104395604622
24,sensor_7,9,0.1394571428571365
24,sensor_7,10,0.19922095238092827
24,sensor_8,1,0.0012952380952417498
24,sensor_8,2,0.0010266666666585433
24,sensor_8,3,0.0005939560439535736
24,sensor_8,4,0.0011685714285703565
24,sensor_8,5,0.001182857142862179
24,sensor_8,6,0.0008725274725283776
24,sensor_8,7,0.001178095238089568
24,sensor_8,8,0.0015631868131897437
24,sensor_8,9,0.0009685714285680565
24,sensor_8,10,0.002112380952373314
24,sensor_9,1,27.49815523809366
24,sensor_9,2,19.259838095233665
24,sensor_9,3,15.756514285716579
24,sensor_9,4,13.560625714288689
24,sensor_9,5,13.812420952379785
24,sensor_9,6,25.128395604391052
24,sensor_9,7,9.329712380951674
24,sensor_9,8,13.954240109890835
24,sensor_9,9,19.157826666664793
24,sensor_9,10,10.421449523809953
24,sensor_10,1,0.0
24,sensor_10,2,0.0
24,sensor_10,3,0.0
24,sensor_10,4,0.0
24,sensor_10,5,0.0
24,sensor_10,6,0.0
24,sensor_10,7,0.0
24,sensor_10,8,0.0
24,sensor_10,9,0.0
24,sensor_10,10,0.0
24,sensor_11,1,0.011859999999999647
24,sensor_11,2,0.01776952380952378
24,sensor_11,3,0.006171978021977973
24,sensor_11,4,0.013735238095238052
24,sensor_11,5,0.012826666666666329
24,sensor_11,6,0.005507692307691958
24,sensor_11,7,0.01536952380952367
24,sensor_11,8,0.00779120879120906
24,sensor_11,9,0.010955238095238696
24,sensor_11,10,0.02058380952381005
24,sensor_12,1,0.06012666666666471
24,sensor_12,2,0.08299809523808348
24,sensor_12,3,0.03884615384615228
24,sensor_12,4,0.12819523809522387
24,sensor_12,5,0.0604352380952366
24,sensor_12,6,0.07824010989011801
24,sensor_12,7,0.1276571428571667
24,sensor_12,8,0.038934615384606526
24,sensor_12,9,0.07717142857140666
24,sensor_12,10,0.17966952380952944
24,sensor_13,1,0.0006695238095301215
24,sensor_13,2,0.0008171428571451376
24,sensor_13,3,0.0007302197802117439
24,sensor_13,4,0.0006742857142924883
24,sensor_13,5,0.0008066666666697232
24,sensor_13,6,0.0011631868131825316
24,sensor_13,7,0.0013780952380805845
24,sensor_13,8,0.0013296703296729313
24,sensor_13,9,0.0005923809523796578
24,sensor_13,10,0.0009457142857199049
24,sensor_14,1,7.3025238095236915
24,sensor_14,2,14.223395238095858
24,sensor_14,3,12.386674725274267
24,sensor_14,4,8.20460952380986
24,sensor_14,5,7.4737638095235654
24,sensor_14,6,10.146745054946376
24,sensor_14,7,12.435455238095429
24,sensor_14,8,9.94129890109637
24,sensor_14,9,12.985749523809218
24,sensor_14,10,11.304254285713238
24,sensor_15,1,0.0005152955238095117
24,sensor_15,2,0.0003357760000000016
24,sensor_15,3,0.00038112489010990114
24,sensor_15,4,0.00038654095238094076
24,sensor_15,5,0.00040502828571427444
24,sensor_15,6,0.0006610092307692169
24,sensor_15,7,0.0005828220952381131
24,sensor_15,8,0.00015992247252748774
24,sensor_15,9,0.00035236257142856684
24,sensor_15,10,0.0008715825714285854
24,sensor_16,1,0.0
24,sensor_16,2,0.0
24,sensor_16,3,0.0
24,sensor_16,4,0.0
24,sensor_16,5,0.0
24,sensor_16,6,0.0
24,sensor_16,7,0.0
24,sensor_16,8,0.0
24,sensor_16,9,0.0
24,sensor_16,10,0.0
24,sensor_17,1,0.9809523809523782
24,sensor_17,2,0.40952380952379924
24,sensor_17,3,1.7197802197802106
24,sensor_17,4,1.3523809523809736
24,sensor_17,5,1.209523809523798
24,sensor_17,6,0.862637362637358
24,sensor_17,7,0.857142857142837
24,sensor_17,8,1.6043956043955896
24,sensor_17,9,0.5523809523809554
24,sensor_17,10,1.257142857142837
24,sensor_18,1,0.0
24,sensor_18,2,0.0
24,sensor_18,3,0.0
24,sensor_18,4,0.0
24,sensor_18,5,0.0
24,sensor_18,6,0.0
24,sensor_18,7,0.0
24,sensor_18,8,0.0
24,sensor_18,9,0.0
24,sensor_18,10,0.0
24,sensor_19,1,0.0
24,sensor_19,2,0.0
24,sensor_19,3,0.0
24,sensor_19,4,0.0
24,sensor_19,5,0.0
24,sensor_19,6,0.0
24,sensor_19,7,0.0
24,sensor_19,8,0.0
24,sensor_19,9,0.0
24,sensor_19,10,0.0
24,sensor_20,1,0.006471428571428362
24,sensor_20,2,0.011574285714285832
24,sensor_20,3,0.00851868131868145
24,sensor_20,4,0.013788571428571542
24,sensor_20,5,0.005797142857142814
24,sensor_20,6,0.008751648351648465
24,sensor_20,7,0.005498095238095287
24,sensor_20,8,0.0067873626373626764
24,sensor_20,9,0.007635238095237673
24,sensor_20,10,0.00764095238095244
24,sensor_21,1,0.004875329238095261
24,sensor_21,2,0.0027879538095239155
24,sensor_21,3,0.0046638907692307255
24,sensor_21,4,0.007119439238095153
24,sensor_21,5,0.0039182982857143165
24,sensor_21,6,0.0023025679670328936
24,sensor_21,7,0.004542259809524085
24,sensor_21,8,0.003880125769230694
24,sensor_21,9,0.005118867809523799
24,sensor_21,10,0.0044256140952381355
25,setting_1,1,4.409051383399209e-06
25,setting_1,2,5.604031620553359e-06
25,setting_1,3,5.862490118577074e-06
25,setting_1,4,2.4415019762845847e-06
25,setting_1,5,4.1253359683794455e-06
25,setting_1,6,7.282648221343874e-06
25,setting_1,7,2.415849802371541e-06
25,setting_1,8,7.384545454545454e-06
25,setting_1,9,3.0106719367588925e-06
25,setting_1,10,3.906245059288538e-06
25,setting_2,1,1.2656126482213438e-07
25,setting_2,2,7.494071146245061e-08
25,setting_2,3,1.1770750988142296e-07
25,setting_2,4,7.521739130434783e-08
25,setting_2,5,6.027667984189723e-08
25,setting_2,6,1.0450592885375496e-07
25,setting_2,7,1.0328063241106718e-07
25,setting_2,8,8.58498023715415e-08
25,setting_2,9,5.711462450592887e-08
25,setting_2,10,7.150197628458497e-08
25,setting_3,1,0.0
25,setting_3,2,0.0
25,setting_3,3,0.0
25,setting_3,4,0.0
25,setting_3,5,0.0
25,setting_3,6,0.0
25,setting_3,7,0.0
25,setting_3,8,0.0
25,setting_3,9,0.0
25,setting_3,10,0.0
25,sensor_1,1,0.0
25,sensor_1,2,0.0
25,sensor_1,3,0.0
25,sensor_1,4,0.0
25,sensor_1,5,0.0
25,sensor_1,6,0.0
25,sensor_1,7,0.0
25,sensor_1,8,0.0
25,sensor_1,9,0.0
25,sensor_1,10,0.0
25,sensor_2,1,0.09773122529643564
25,sensor_2,2,0.12333320158101654
25,sensor_2,3,0.11410197628456972
25,sensor_2,4,0.07114308300394717
25,sensor_2,5,0.10068181818182592
25,sensor_2,6,0.09465335968380549
25,sensor_2,7,0.06814229249010391
25,sensor_2,8,0.09356916996049468
25,sensor_2,9,0.13647667984188291
25,sensor_2,10,0.110702766798397
25,sensor_3,1,22.639035573122793
25,sensor_3,2,13.539933992094722
25,sensor_3,3,19.673241897233165
25,sensor_3,4,11.251098814229094
25,sensor_3,5,19.66138972332014
25,sensor_3,6,11.134318181818077
25,sensor_3,7,22.958896442687866
25,sensor_3,8,22.92331818181819
25,sensor_3,9,11.42928458498028
25,sensor_3,10,14.05421185770756
25,sensor_4,1,13.337375494070978
25,sensor_4,2,14.71075217391288
25,sensor_4,3,12.357762450593107
25,sensor_4,4,23.72116047430795
25,sensor_4,5,17.119571936758813
25,sensor_4,6,17.657150988142284
25,sensor_4,7,13.320390513833711
25,sensor_4,8,18.029654545454516
25,sensor_4,9,19.033690513834276
25,sensor_4,10,20.499016996046812
25,sensor_5,1,0.0
25,sensor_5,2,0.0
25,sensor_5,3,0.0
25,sensor_5,4,0.0
25,sensor_5,5,0.0
25,sensor_5,6,0.0
25,sensor_5,7,0.0
25,sensor_5,8,0.0
25,sensor_5,9,0.0
25,sensor_5,10,0.0
25,sensor_6,1,0.0
25,sensor_6,2,0.0
25,sensor_6,3,0.0
25,sensor_6,4,0.0
25,sensor_6,5,0.0
25,sensor_6,6,0.0
25,sensor_6,7,0.0
25,sensor_6,8,0.0
25,sensor_6,9,0.0
25,sensor_6,10,0.0
25,sensor_7,1,0.16847233201582393
25,sensor_7,2,0.1641565217391258
25,sensor_7,3,0.1229300395256815
25,sensor_7,4,0.1568988142292422
25,sensor_7,5,0.1396509881422952
25,sensor_7,6,0.138649407114646
25,sensor_7,7,0.11034940711463048
25,sensor_7,8,0.15657667984190374
25,sensor_7,9,0.21503162055335634
25,sensor_7,10,0.2417355731225321
25,sensor_8,1,0.0005083003952549738
25,sensor_8,2,0.0010723320158120017
25,sensor_8,3,0.0005794466403120102
25,sensor_8,4,0.0020837944663955814
25,sensor_8,5,0.0007814229249024176
25,sensor_8,6,0.0010237154150192931
25,sensor_8,7,0.0006802371541524201
25,sensor_8,8,0.000985770750973538
25,sensor_8,9,0.0007181818181778346
25,sensor_8,10,0.001841897233209819
25,sensor_9,1,13.270187747036214
25,sensor_9,2,14.369190513833333
25,sensor_9,3,7.349320158102898
25,sensor_9,4,11.821933992092283
25,sensor_9,5,12.704625691698253
25,sensor_9,6,16.849948221345247
25,sensor_9,7,30.072139130425953
25,sensor_9,8,32.727061264818616
25,sensor_9,9,72.63179881423913
25,sensor_9,10,172.743299209486
25,sensor_10,1,0.0
25,sensor_10,2,0.0
25,sensor_10,3,0.0
25,sensor_10,4,0.0
25,sensor_10,5,0.0
25,sensor_10,6,0.0
25,sensor_10,7,0.0
25,sensor_10,8,0.0
25,sensor_10,9,0.0
25,sensor_10,10,0.0
25,sensor_11,1,0.00820790513834013
25,sensor_11,2,0.014016996047430503
25,sensor_11,3,0.013271146245059411
25,sensor_11,4,0.007289723320158001
25,sensor_11,5,0.013435968379446968
25,sensor_11,6,0.009183794466403172
25,sensor_11,7,0.007041897233200967
25,sensor_11,8,0.0069446640316210085
25,sensor_11,9,0.0033976284584979937
25,sensor_11,10,0.01869051383399225
25,sensor_12,1,0.07537193675889478
25,sensor_12,2,0.09682371541501071
25,sensor_12,3,0.08223122529644811
25,sensor_12,4,0.10023557312250947
25,sensor_12,5,0.09301699604743408
25,sensor_12,6,0.09424229249010772
25,sensor_12,7,0.08033913043480906
25,sensor_12,8,0.10359644268775235
25,sensor_12,9,0.05461739130435759
25,sensor_12,10,0.08109920948616696
25,sensor_13,1,0.0009292490118566275
25,sensor_13,2,0.000795256916995413
25,sensor_13,3,0.0014260869565301331
25,sensor_13,4,0.0006521739130458149
25,sensor_13,5,0.0009656126482163863
25,sensor_13,6,0.0011450592885439146
25,sensor_13,7,0.0007600790513813709
25,sensor_13,8,0.0008873517786566375
25,sensor_13,9,0.0012675889328029961
25,sensor_13,10,0.0015715415019791075
25,sensor_14,1,6.220787351778881
25,sensor_14,2,6.36948458498018
25,sensor_14,3,9.005325691700355
25,sensor_14,4,21.498652964427222
25,sensor_14,5,9.319581027668049
25,sensor_14,6,16.12384545454313
25,sensor_14,7,15.227989723320123
25,sensor_14,8,15.387904347827806
25,sensor_14,9,53.70452252964813
25,sensor_14,10,115.67319762846564
25,sensor_15,1,0.00038725513833993454
25,sensor_15,2,0.0003852062055335979
25,sensor_15,3,0.00026742664031619945
25,sensor_15,4,0.000612227035573112
25,sensor_15,5,0.0003598043083003929
25,sensor_15,6,0.0003551381422925076
25,sensor_15,7,0.00034533000000000485
25,sensor_15,8,0.000525446956521737
25,sensor_15,9,0.00048393992094862077
25,sensor_15,10,0.00047224150197632903
25,sensor_16,1,0.0
25,sensor_16,2,0.0
25,sensor_16,3,0.0
25,sensor_16,4,0.0
25,sensor_16,5,0.0
25,sensor_16,6,0.0
25,sensor_16,7,0.0
25,sensor_16,8,0.0
25,sensor_16,9,0.0
25,sensor_16,10,0.0
25,sensor_17,1,0.8853754940711372
25,sensor_17,2,1.5138339920948538
25,sensor_17,3,1.1778656126482252
25,sensor_17,4,0.8616600790513922
25,sensor_17,5,0.49802371541501655
25,sensor_17,6,0.7667984189723441
25,sensor_17,7,0.90513833992094
25,sensor_17,8,1.2924901185770994
25,sensor_17,9,0.7707509881422933
25,sensor_17,10,0.9683794466403204
25,sensor_18,1,0.0
25,sensor_18,2,0.0
25,sensor_18,3,0.0
25,sensor_18,4,0.0
25,sensor_18,5,0.0
25,sensor_18,6,0.0
25,sensor_18,7,0.0
25,sensor_18,8,0.0
25,sensor_18,9,0.0
25,sensor_18,10,0.0
25,sensor_19,1,0.0
25,sensor_19,2,0.0
25,sensor_19,3,0.0
25,sensor_19,4,0.0
25,sensor_19,5,0.0
25,sensor_19,6,0.0
25,sensor_19,7,0.0
25,sensor_19,8,0.0
25,sensor_19,9,0.0
25,sensor_19,10,0.0
25,sensor_20,1,0.016453754940711735
25,sensor_20,2,0.018377075098813908
25,sensor_20,3,0.010776679841897561
25,sensor_20,4,0.00589644268774698
25,sensor_20,5,0.006622529644269001
25,sensor_20,6,0.0073691699604742636
25,sensor_20,7,0.009376679841897316
25,sensor_20,8,0.011920158102766932
25,sensor_20,9,0.012999604743083438
25,sensor_20,10,0.011148221343873511
25,sensor_21,1,0.0024248133992094073
25,sensor_21,2,0.0024654899604743025
25,sensor_21,3,0.003577205415019855
25,sensor_21,4,0.0032302407905137882
25,sensor_21,5,0.0027355824110672318
25,sensor_21,6,0.0037056880237154237
25,sensor_21,7,0.003892999841897261
25,sensor_21,8,0.0031388113043480316
25,sensor_21,9,0.003907042608695562
25,sensor_21,10,0.002725291739130298
26,setting_1,1,2.225763157894737e-06
26,setting_1,2,7.230947368421053e-06
26,setting_1,3,6.860421052631578e-06
26,setting_1,4,4.022605263157894e-06
26,setting_1,5,5.3468157894736835e-06
26,setting_1,6,4.29e-06
26,setting_1,7,3.908947368421053e-06
26,setting_1,8,4.041157894736843e-06
26,setting_1,9,6.664105263157895e-06
26,setting_1,10,3.5647105263157898e-06
26,setting_2,1,9.818421052631579e-08
26,setting_2,2,7.589473684210527e-08
26,setting_2,3,8.45e-08
26,setting_2,4,9.923684210526314e-08
26,setting_2,5,1.1397368421052631e-07
26,setting_2,6,7.093567251461987e-08
26,setting_2,7,1.0765789473684214e-07
26,setting_2,8,9.39736842105263e-08
26,setting_2,9,9.31315789473684e-08
26,setting_2,10,8.407894736842104e-08
26,setting_3,1,0.0
26,setting_3,2,0.0
26,setting_3,3,0.0
26,setting_3,4,0.0
26,setting_3,5,0.0
26,setting_3,6,0.0
26,setting_3,7,0.0
26,setting_3,8,0.0
26,setting_3,9,0.0
26,setting_3,10,0.0
26,sensor_1,1,0.0
26,sensor_1,2,0.0
26,sensor_1,3,0.0
26,sensor_1,4,0.0
26,sensor_1,5,0.0
26,sensor_1,6,0.0
26,sensor_1,7,0.0
26,sensor_1,8,0.0
26,sensor_1,9,0.0
26,sensor_1,10,0.0
26,sensor_2,1,0.08847657894736256
26,sensor_2,2,0.09261552631577101
26,sensor_2,3,0.12638947368420142
26,sensor_2,4,0.05580289473683472
26,sensor_2,5,0.07809368421052247
26,sensor_2,6,0.0674719298245606
26,sensor_2,7,0.0645747368421056
26,sensor_2,8,0.08521342105264612
26,sensor_2,9,0.1243010526315781
26,sensor_2,10,0.09851868421054209
26,sensor_3,1,6.584925000000028
26,sensor_3,2,11.909614736842537
26,sensor_3,3,22.39906605263096
26,sensor_3,4,18.300779999999715
26,sensor_3,5,9.73274736842122
26,sensor_3,6,9.660176023391868
26,sensor_3,7,12.732499736842447
26,sensor_3,8,13.750276578947451
26,sensor_3,9,12.988093684210618
26,sensor_3,10,7.983655526315814
26,sensor_4,1,14.663598947367925
26,sensor_4,2,22.53947657894768
26,sensor_4,3,11.230214736842157
26,sensor_4,4,18.793888421052923
26,sensor_4,5,21.965718684210824
26,sensor_4,6,16.992948538011525
26,sensor_4,7,12.634183947368612
26,sensor_4,8,10.485468157894804
26,sensor_4,9,24.980074736842184
26,sensor_4,10,22.95768289473704
26,sensor_5,1,0.0
26,sensor_5,2,0.0
26,sensor_5,3,0.0
26,sensor_5,4,0.0
26,sensor_5,5,0.0
26,sensor_5,6,0.0
26,sensor_5,7,0.0
26,sensor_5,8,0.0
26,sensor_5,9,0.0
26,sensor_5,10,0.0
26,sensor_6,1,0.0
26,sensor_6,2,0.0
26,sensor_6,3,0.0
26,sensor_6,4,0.0
26,sensor_6,5,0.0
26,sensor_6,6,0.0
26,sensor_6,7,0.0
26,sensor_6,8,0.0
26,sensor_6,9,0.0
26,sensor_6,10,0.0
26,sensor_7,1,0.21941578947369303
26,sensor_7,2,0.18887657894737367
26,sensor_7,3,0.22732078947367884
26,sensor_7,4,0.26112499999997796
26,sensor_7,5,0.15028710526317252
26,sensor_7,6,0.19932046783627697
26,sensor_7,7,0.14209973684209212
26,sensor_7,8,0.07016947368421074
26,sensor_7,9,0.24399473684208312
26,sensor_7,10,0.12037131578947632
26,sensor_8,1,0.001147368421048752
26,sensor_8,2,0.0007999999999937348
26,sensor_8,3,0.0005747368421057019
26,sensor_8,4,0.000606315789471058
26,sensor_8,5,0.0006800000000006691
26,sensor_8,6,0.0006362573099408879
26,sensor_8,7,0.0010105263157808874
26,sensor_8,8,0.0006799999999972891
26,sensor_8,9,0.0005042105263180368
26,sensor_8,10,0.0007200000000009154
26,sensor_9,1,28.4416042105188
26,sensor_9,2,21.187474736841892
26,sensor_9,3,11.365422105263617
26,sensor_9,4,16.527813421051622
26,sensor_9,5,18.319169473686554
26,sensor_9,6,15.501260818712474
26,sensor_9,7,10.36679868420809
26,sensor_9,8,40.49232500000295
26,sensor_9,9,99.87756842105894
26,sensor_9,10,188.65136289471175
26,sensor_10,1,0.0
26,sensor_10,2,0.0
26,sensor_10,3,0.0
26,sensor_10,4,0.0
26,sensor_10,5,0.0
26,sensor_10,6,0.0
26,sensor_10,7,0.0
26,sensor_10,8,0.0
26,sensor_10,9,0.0
26,sensor_10,10,0.0
26,sensor_11,1,0.009236578947368386
26,sensor_11,2,0.01694105263157899
26,sensor_11,3,0.010461842105262999
26,sensor_11,4,0.005635789473684176
26,sensor_11,5,0.005243157894736849
26,sensor_11,6,0.009622222222222433
26,sensor_11,7,0.009436578947368844
26,sensor_11,8,0.005567368421052693
26,sensor_11,9,0.014076578947368416
26,sensor_11,10,0.01186210526315741
26,sensor_12,1,0.11380289473684206
26,sensor_12,2,0.06317894736842156
26,sensor_12,3,0.1284555263157738
26,sensor_12,4,0.09706815789473153
26,sensor_12,5,0.12846210526315346
26,sensor_12,6,0.06004502923976481
26,sensor_12,7,0.13623026315788964
26,sensor_12,8,0.12166736842107587
26,sensor_12,9,0.1253818421052983
26,sensor_12,10,0.16727999999998913
26,sensor_13,1,0.001013421052628012
26,sensor_13,2,0.0017726315789378926
26,sensor_13,3,0.00042394736841603405
26,sensor_13,4,0.0013292105263159482
26,sensor_13,5,0.0015568421052597197
26,sensor_13,6,0.0005432748537965997
26,sensor_13,7,0.0009081578947324564
26,sensor_13,8,0.0007313157894744714
26,sensor_13,9,0.000887105263153532
26,sensor_13,10,0.0008431578947331234
26,sensor_14,1,10.486857894738254
26,sensor_14,2,11.532099736840992
26,sensor_14,3,10.258994473684528
26,sensor_14,4,7.79986842105189
26,sensor_14,5,7.892226052629822
26,sensor_14,6,14.070316374269595
26,sensor_14,7,21.67157789473681
26,sensor_14,8,21.337958947368964
26,sensor_14,9,60.801813421036094
26,sensor_14,10,148.83345552633003
26,sensor_15,1,0.00038338578947368725
26,sensor_15,2,0.0003762994473684076
26,sensor_15,3,0.0005467446315789521
26,sensor_15,4,0.0004909299736842162
26,sensor_15,5,0.0005834227368421175
26,sensor_15,6,0.0005337270175438532
26,sensor_15,7,0.0008880393684210417
26,sensor_15,8,0.0006019301052631537
26,sensor_15,9,0.00046969010526315815
26,sensor_15,10,0.00046048344736842494
26,sensor_16,1,0.0
26,sensor_16,2,0.0
26,sensor_16,3,0.0
26,sensor_16,4,0.0
26,sensor_16,5,0.0
26,sensor_16,6,0.0
26,sensor_16,7,0.0
26,sensor_16,8,0.0
26,sensor_16,9,0.0
26,sensor_16,10,0.0
26,sensor_17,1,0.8289473684210534
26,sensor_17,2,0.8710526315789452
26,sensor_17,3,1.1157894736842033
26,sensor_17,4,1.3684210526315794
26,sensor_17,5,1.4315789473684097
26,sensor_17,6,0.9239766081871346
26,sensor_17,7,1.2499999999999993
26,sensor_17,8,1.2736842105263395
26,sensor_17,9,0.7657894736841977
26,sensor_17,10,1.5684210526316118
26,sensor_18,1,0.0
26,sensor_18,2,0.0
26,sensor_18,3,0.0
26,sensor_18,4,0.0
26,sensor_18,5,0.0
26,sensor_18,6,0.0
26,sensor_18,7,0.0
26,sensor_18,8,0.0
26,sensor_18,9,0.0
26,sensor_18,10,0.0
26,sensor_19,1,0.0
26,sensor_19,2,0.0
26,sensor_19,3,0.0
26,sensor_19,4,0.0
26,sensor_19,5,0.0
26,sensor_19,6,0.0
26,sensor_19,7,0.0
26,sensor_19,8,0.0
26,sensor_19,9,0.0
26,sensor_19,10,0.0
26,sensor_20,1,0.01079236842105228
26,sensor_20,2,0.015689210526315882
26,sensor_20,3,0.00905763157894735
26,sensor_20,4,0.0065839473684209966
26,sensor_20,5,0.010192368421052733
26,sensor_20,6,0.009131578947368537
26,sensor_20,7,0.007097631578947283
26,sensor_20,8,0.011141052631578717
26,sensor_20,9,0.01308842105263128
26,sensor_20,10,0.014247105263157832
26,sensor_21,1,0.002771160631578975
26,sensor_21,2,0.0017713872631579016
26,sensor_21,3,0.0035855272631578096
26,sensor_21,4,0.0039068388421052294
26,sensor_21,5,0.0034747637894736462
26,sensor_21,6,0.0017661217543858887
26,sensor_21,7,0.0017441909473683774
26,sensor_21,8,0.004041723447368453
26,sensor_21,9,0.0029598711578947587
26,sensor_21,10,0.004590492078947375
27,setting_1,1,4.9033333333333335e-06
27,setting_1,2,3.869166666666665e-06
27,setting_1,3,3.894571428571429e-06
27,setting_1,4,4.441958333333332e-06
27,setting_1,5,4.032666666666666e-06
27,setting_1,6,3.2278333333333324e-06
27,setting_1,7,4.186380952380951e-06
27,setting_1,8,1.3278333333333336e-06
27,setting_1,9,5.636952380952381e-06
27,setting_1,10,5.312e-06
27,setting_2,1,6.829166666666666e-08
27,setting_2,2,8.9625e-08
27,setting_2,3,6.98095238095238e-08
27,setting_2,4,5.562499999999999e-08
27,setting_2,5,7.209523809523808e-08
27,setting_2,6,6.195833333333333e-08
27,setting_2,7,6.40952380952381e-08
27,setting_2,8,7.716666666666666e-08
27,setting_2,9,1.240952380952381e-07
27,setting_2,10,5.795833333333334e-08
27,setting_3,1,0.0
27,setting_3,2,0.0
27,setting_3,3,0.0
27,setting_3,4,0.0
27,setting_3,5,0.0
27,setting_3,6,0.0
27,setting_3,7,0.0
27,setting_3,8,0.0
27,setting_3,9,0.0
27,setting_3,10,0.0
27,sensor_1,1,0.0
27,sensor_1,2,0.0
27,sensor_1,3,0.0
27,sensor_1,4,0.0
27,sensor_1,5,0.0
27,sensor_1,6,0.0
27,sensor_1,7,0.0
27,sensor_1,8,0.0
27,sensor_1,9,0.0
27,sensor_1,10,0.0
27,sensor_2,1,0.034633333333335
27,sensor_2,2,0.05045166666667907
27,sensor_2,3,0.0824980952380998
27,sensor_2,4,0.12648958333333002
27,sensor_2,5,0.022940952380956357
27,sensor_2,6,0.1596262500000039
27,sensor_2,7,0.08052571428570758
27,sensor_2,8,0.11771833333333499
27,sensor_2,9,0.13823142857143372
27,sensor_2,10,0.047646666666674574
27,sensor_3,1,20.9123129166666
27,sensor_3,2,12.670599583333738
27,sensor_3,3,20.762502857142806
27,sensor_3,4,12.482940000000111
27,sensor_3,5,19.935669523809477
27,sensor_3,6,17.980836249999776
27,sensor_3,7,16.003888571428515
27,sensor_3,8,11.403573333333947
27,sensor_3,9,24.038126666667075
27,sensor_3,10,13.95243833333372
27,sensor_4,1,19.886969583332988
27,sensor_4,2,17.705912916666918
27,sensor_4,3,16.79056952380953
27,sensor_4,4,16.06683833333317
27,sensor_4,5,11.594071428571608
27,sensor_4,6,18.75277999999948
27,sensor_4,7,18.423302857142833
27,sensor_4,8,17.964796250000155
27,sensor_4,9,9.841183809523441
27,sensor_4,10,17.894126666666402
27,sensor_5,1,0.0
27,sensor_5,2,0.0
27,sensor_5,3,0.0
27,sensor_5,4,0.0
27,sensor_5,5,0.0
27,sensor_5,6,0.0
27,sensor_5,7,0.0
27,sensor_5,8,0.0
27,sensor_5,9,0.0
27,sensor_5,10,0.0
27,sensor_6,1,0.0
27,sensor_6,2,0.0
27,sensor_6,3,0.0
27,sensor_6,4,6.249999999998592e-06
27,sensor_6,5,0.0
27,sensor_6,6,0.0
27,sensor_6,7,0.0
27,sensor_6,8,0.0
27,sensor_6,9,0.0
27,sensor_6,10,0.0
27,sensor_7,1,0.3337666666666824
27,sensor_7,2,0.22642291666666392
27,sensor_7,3,0.20837428571430058
27,sensor_7,4,0.3162249999999876
27,sensor_7,5,0.2159780952380935
27,sensor_7,6,0.061862916666674185
27,sensor_7,7,0.11119523809521112
27,sensor_7,8,0.22591291666668148
27,sensor_7,9,0.13993523809523367
27,sensor_7,10,0.1930000000000132
27,sensor_8,1,0.0006695833333363648
27,sensor_8,2,0.0021000000000019757
27,sensor_8,3,0.0008066666666673519
27,sensor_8,4,0.0007229166666581204
27,sensor_8,5,0.0007780952380937665
27,sensor_8,6,0.0006649999999972295
27,sensor_8,7,0.00042666666665907
27,sensor_8,8,0.0009133333333333552
27,sensor_8,9,0.0010409523809543557
27,sensor_8,10,0.0004200000000039308
27,sensor_9,1,23.99696625000047
27,sensor_9,2,18.53945166666899
27,sensor_9,3,19.417011428574913
27,sensor_9,4,11.247504999996762
27,sensor_9,5,13.640606666671145
27,sensor_9,6,32.60033166665949
27,sensor_9,7,16.831231428569346
27,sensor_9,8,6.589360000000883
27,sensor_9,9,38.87226380952712
27,sensor_9,10,90.3514629166686
27,sensor_10,1,0.0
27,sensor_10,2,0.0
27,sensor_10,3,0.0
27,sensor_10,4,0.0
27,sensor_10,5,0.0
27,sensor_10,6,0.0
27,sensor_10,7,0.0
27,sensor_10,8,0.0
27,sensor_10,9,0.0
27,sensor_10,10,0.0
27,sensor_11,1,0.005291666666666474
27,sensor_11,2,0.006051666666666512
27,sensor_11,3,0.009983809523809308
27,sensor_11,4,0.014633333333333613
27,sensor_11,5,0.005052380952381036
27,sensor_11,6,0.006998333333333609
27,sensor_11,7,0.007326666666666426
27,sensor_11,8,0.011972916666666689
27,sensor_11,9,0.010463809523809672
27,sensor_11,10,0.015692916666666435
27,sensor_12,1,0.12422291666666775
27,sensor_12,2,0.11060958333333756
27,sensor_12,3,0.08854095238095562
27,sensor_12,4,0.05084666666667705
27,sensor_12,5,0.043374285714287586
27,sensor_12,6,0.1560383333333522
27,sensor_12,7,0.1577495238095216
27,sensor_12,8,0.1373695833333361
27,sensor_12,9,0.09804952380955308
27,sensor_12,10,0.17001291666667312
27,sensor_13,1,0.0009850000000024462
27,sensor_13,2,0.0009399999999967502
27,sensor_13,3,0.0008838095238129167
27,sensor_13,4,0.0007829166666704853
27,sensor_13,5,0.0009399999999973632
27,sensor_13,6,0.0014662499999992405
27,sensor_13,7,0.0010123809523785601
27,sensor_13,8,0.0009229166666583712
27,sensor_13,9,0.0011685714285695654
27,sensor_13,10,0.001769583333322178
27,sensor_14,1,13.12473625000049
27,sensor_14,2,13.669531666665586
27,sensor_14,3,13.834020952381097
27,sensor_14,4,20.991702916666235
27,sensor_14,5,14.337952380953903
27,sensor_14,6,9.28997166666708
27,sensor_14,7,17.92745238095345
27,sensor_14,8,9.156079999999251
27,sensor_14,9,25.089578095234508
27,sensor_14,10,70.16920958332685
27,sensor_15,1,0.00019949462499999543
27,sensor_15,2,0.00032904895833333134
27,sensor_15,3,0.0004313623809523722
27,sensor_15,4,0.00020137962500001548
27,sensor_15,5,0.0002424914285714171
27,sensor_15,6,0.0007248792916666783
27,sensor_15,7,0.00039278980952380373
27,sensor_15,8,0.0006049249583333314
27,sensor_15,9,0.0004949197142857174
27,sensor_15,10,0.0005051362916666474
27,sensor_16,1,0.0
27,sensor_16,2,0.0
27,sensor_16,3,0.0
27,sensor_16,4,0.0
27,sensor_16,5,0.0
27,sensor_16,6,0.0
27,sensor_16,7,0.0
27,sensor_16,8,0.0
27,sensor_16,9,0.0
27,sensor_16,10,0.0
27,sensor_17,1,1.3166666666666669
27,sensor_17,2,0.3625000000000062
27,sensor_17,3,0.6857142857142781
27,sensor_17,4,0.6500000000000044
27,sensor_17,5,0.8857142857142717
27,sensor_17,6,1.1333333333333384
27,sensor_17,7,1.4095238095238292
27,sensor_17,8,0.6291666666666654
27,sensor_17,9,1.3142857142857471
27,sensor_17,10,1.8958333333334
27,sensor_18,1,0.0
27,sensor_18,2,0.0
27,sensor_18,3,0.0
27,sensor_18,4,0.0
27,sensor_18,5,0.0
27,sensor_18,6,0.0
27,sensor_18,7,0.0
27,sensor_18,8,0.0
27,sensor_18,9,0.0
27,sensor_18,10,0.0
27,sensor_19,1,0.0
27,sensor_19,2,0.0
27,sensor_19,3,0.0
27,sensor_19,4,0.0
27,sensor_19,5,0.0
27,sensor_19,6,0.0
27,sensor_19,7,0.0
27,sensor_19,8,0.0
27,sensor_19,9,0.0
27,sensor_19,10,0.0
27,sensor_20,1,0.012651666666666327
27,sensor_20,2,0.012833333333333474
27,sensor_20,3,0.003980952380952487
27,sensor_20,4,0.007853333333333278
27,sensor_20,5,0.01064952380952403
27,sensor_20,6,0.014676250000000163
27,sensor_20,7,0.018755238095238245
27,sensor_20,8,0.00775833333333364
27,sensor_20,9,0.012435238095238074
27,sensor_20,10,0.011224999999999838
27,sensor_21,1,0.00195691533333331
27,sensor_21,2,0.002861897625000034
27,sensor_21,3,0.003725240285714163
27,sensor_21,4,0.004803471625000025
27,sensor_21,5,0.002194106380952432
27,sensor_21,6,0.005500926000000021
27,sensor_21,7,0.007027558095238134
27,sensor_21,8,0.0026069672916666045
27,sensor_21,9,0.0033603840000001254
27,sensor_21,10,0.0014128179583333604
28,setting_1,1,2.8126470588235297e-06
28,setting_1,2,6.158666666666667e-06
28,setting_1,3,4.2418382352941175e-06
28,setting_1,4,7.5958333333333344e-06
28,setting_1,5,5.472647058823529e-06
28,setting_1,6,2.8971666666666674e-06
28,setting_1,7,3.4878333333333333e-06
28,setting_1,8,7.084338235294117e-06
28,setting_1,9,3.0411666666666664e-06
28,setting_1,10,7.9925e-06
28,setting_2,1,8.485294117647059e-08
28,setting_2,2,3.9333333333333335e-08
28,setting_2,3,9.970588235294116e-08
28,setting_2,4,9.933333333333332e-08
28,setting_2,5,6.492647058823528e-08
28,setting_2,6,6.695833333333334e-08
28,setting_2,7,5.983333333333335e-08
28,setting_2,8,1.1845588235294117e-07
28,setting_2,9,1.0916666666666667e-07
28,setting_2,10,5.220588235294118e-08
28,setting_3,1,0.0
28,setting_3,2,0.0
28,setting_3,3,0.0
28,setting_3,4,0.0
28,setting_3,5,0.0
28,setting_3,6,0.0
28,setting_3,7,0.0
28,setting_3,8,0.0
28,setting_3,9,0.0
28,setting_3,10,0.0
28,sensor_1,1,0.0
28,sensor_1,2,0.0
28,sensor_1,3,0.0
28,sensor_1,4,0.0
28,sensor_1,5,0.0
28,sensor_1,6,0.0
28,sensor_1,7,0.0
28,sensor_1,8,0.0
28,sensor_1,9,0.0
28,sensor_1,10,0.0
28,sensor_2,1,0.07042426470589652
28,sensor_2,2,0.07997958333333763
28,sensor_2,3,0.07798676470588917
28,sensor_2,4,0.08620624999997718
28,sensor_2,5,0.05804044117647144
28,sensor_2,6,0.11601166666667827
28,sensor_2,7,0.08702500000001184
28,sensor_2,8,0.08676323529410787
28,sensor_2,9,0.1843095833333572
28,sensor_2,10,0.10103897058822785
28,sensor_3,1,16.471211764705856
28,sensor_3,2,22.59336666666626
28,sensor_3,3,30.477181617646973
28,sensor_3,4,5.566876249999671
28,sensor_3,5,14.63028897058804
28,sensor_3,6,16.14834499999996
28,sensor_3,7,8.268706666666514
28,sensor_3,8,11.121640441176744
28,sensor_3,9,11.03923291666682
28,sensor_3,10,21.618851470588265
28,sensor_4,1,11.07242647058826
28,sensor_4,2,7.7874916666669
28,sensor_4,3,25.13338676470571
28,sensor_4,4,7.238929583333514
28,sensor_4,5,11.763875735294118
28,sensor_4,6,19.822746666666383
28,sensor_4,7,27.805732916666386
28,sensor_4,8,12.678976470588154
28,sensor_4,9,4.368966249999864
28,sensor_4,10,28.006838235294943
28,sensor_5,1,0.0
28,sensor_5,2,0.0
28,sensor_5,3,0.0
28,sensor_5,4,0.0
28,sensor_5,5,0.0
28,sensor_5,6,0.0
28,sensor_5,7,0.0
28,sensor_5,8,0.0
28,sensor_5,9,0.0
28,sensor_5,10,0.0
28,sensor_6,1,5.882352941178435e-06
28,sensor_6,2,6.249999999998716e-06
28,sensor_6,3,0.0
28,sensor_6,4,6.249999999999538e-06
28,sensor_6,5,1.1029411764701805e-05
28,sensor_6,6,1.624999999999026e-05
28,sensor_6,7,6.249999999998716e-06
28,sensor_6,8,0.0
28,sensor_6,9,0.0
28,sensor_6,10,0.0
28,sensor_7,1,0.09956323529410901
28,sensor_7,2,0.16394958333335216
28,sensor_7,3,0.19191544117646403
28,sensor_7,4,0.20103833333333265
28,sensor_7,5,0.19495955882354862
28,sensor_7,6,0.1232795833333174
28,sensor_7,7,0.32577958333333334
28,sensor_7,8,0.15671102941176468
28,sensor_7,9,0.23774625000003038
28,sensor_7,10,0.24593602941179793
28,sensor_8,1,0.0007433823529362911
28,sensor_8,2,0.001342916666663793
28,sensor_8,3,0.0011867647058817678
28,sensor_8,4,0.0005733333333342252
28,sensor_8,5,0.0006970588235341148
28,sensor_8,6,0.0008029166666709636
28,sensor_8,7,0.000556249999997253
28,sensor_8,8,0.0009220588235289912
28,sensor_8,9,0.0005133333333332509
28,sensor_8,10,0.001448529411767313
28,sensor_9,1,30.67370588235415
28,sensor_9,2,31.180502916665795
28,sensor_9,3,31.144011764706207
28,sensor_9,4,10.962819999999313
28,sensor_9,5,26.668527941180233
28,sensor_9,6,30.86730625000362
28,sensor_9,7,9.123731666664687
28,sensor_9,8,28.328473529414794
28,sensor_9,9,22.859739583335283
28,sensor_9,10,25.798640441181476
28,sensor_10,1,0.0
28,sensor_10,2,0.0
28,sensor_10,3,0.0
28,sensor_10,4,0.0
28,sensor_10,5,0.0
28,sensor_10,6,0.0
28,sensor_10,7,0.0
28,sensor_10,8,0.0
28,sensor_10,9,0.0
28,sensor_10,10,0.0
28,sensor_11,1,0.008799264705882572
28,sensor_11,2,0.0058599999999999495
28,sensor_11,3,0.004302941176470651
28,sensor_11,4,0.009442916666666893
28,sensor_11,5,0.006040441176470507
28,sensor_11,6,0.009926249999999826
28,sensor_11,7,0.004800000000000106
28,sensor_11,8,0.010411764705881572
28,sensor_11,9,0.019076250000000308
28,sensor_11,10,0.028738235294116298
28,sensor_12,1,0.09946911764704025
28,sensor_12,2,0.09003958333331456
28,sensor_12,3,0.04726544117645849
28,sensor_12,4,0.051713333333333125
28,sensor_12,5,0.06565661764704946
28,sensor_12,6,0.02804625000001032
28,sensor_12,7,0.11733291666664192
28,sensor_12,8,0.10717499999999194
28,sensor_12,9,0.14082500000000858
28,sensor_12,10,0.1892514705882844
28,sensor_13,1,0.0010757352941141245
28,sensor_13,2,0.0008762500000034118
28,sensor_13,3,0.0010029411764728904
28,sensor_13,4,0.0007129166666756833
28,sensor_13,5,0.0021933823529496255
28,sensor_13,6,0.0008829166666586959
28,sensor_13,7,0.0008133333333369565
28,sensor_13,8,0.0008816176470621956
28,sensor_13,9,0.001009583333329737
28,sensor_13,10,0.0011279411764698467
28,sensor_14,1,10.70641397058743
28,sensor_14,2,13.075326250000115
28,sensor_14,3,10.482951470587711
28,sensor_14,4,7.583106666666757
28,sensor_14,5,14.986449264705493
28,sensor_14,6,9.297689583331563
28,sensor_14,7,13.569986249999632
28,sensor_14,8,9.557600735293422
28,sensor_14,9,5.723966249999842
28,sensor_14,10,14.276297058825271
28,sensor_15,1,0.0002672876470588222
28,sensor_15,2,0.0005634409583333359
28,sensor_15,3,0.00043561220588233813
28,sensor_15,4,0.0004012782916666586
28,sensor_15,5,0.000525121544117643
28,sensor_15,6,0.0001786069583333358
28,sensor_15,7,0.0002361426666666718
28,sensor_15,8,0.0004532897058823798
28,sensor_15,9,0.0007148905000000122
28,sensor_15,10,0.0005526230882353104
28,sensor_16,1,0.0
28,sensor_16,2,0.0
28,sensor_16,3,0.0
28,sensor_16,4,0.0
28,sensor_16,5,0.0
28,sensor_16,6,0.0
28,sensor_16,7,0.0
28,sensor_16,8,0.0
28,sensor_16,9,0.0
28,sensor_16,10,0.0
28,sensor_17,1,0.7647058823529438
28,sensor_17,2,1.1291666666666595
28,sensor_17,3,1.1911764705882155
28,sensor_17,4,0.8291666666666551
28,sensor_17,5,0.4852941176470486
28,sensor_17,6,0.9291666666666548
28,sensor_17,7,0.5958333333333438
28,sensor_17,8,0.6102941176470433
28,sensor_17,9,0.9333333333333412
28,sensor_17,10,0.8161764705882768
28,sensor_18,1,0.0
28,sensor_18,2,0.0
28,sensor_18,3,0.0
28,sensor_18,4,0.0
28,sensor_18,5,0.0
28,sensor_18,6,0.0
28,sensor_18,7,0.0
28,sensor_18,8,0.0
28,sensor_18,9,0.0
28,sensor_18,10,0.0
28,sensor_19,1,0.0
28,sensor_19,2,0.0
28,sensor_19,3,0.0
28,sensor_19,4,0.0
28,sensor_19,5,0.0
28,sensor_19,6,0.0
28,sensor_19,7,0.0
28,sensor_19,8,0.0
28,sensor_19,9,0.0
28,sensor_19,10,0.0
28,sensor_20,1,0.007238235294117945
28,sensor_20,2,0.00744624999999981
28,sensor_20,3,0.011613235294117634
28,sensor_20,4,0.010933333333333144
28,sensor_20,5,0.008226470588235717
28,sensor_20,6,0.009424999999999767
28,sensor_20,7,0.0055529166666668005
28,sensor_20,8,0.016281617647058967
28,sensor_20,9,0.010393333333333117
28,sensor_20,10,0.016738235294117672
28,sensor_21,1,0.005458803602941227
28,sensor_21,2,0.005886361166666613
28,sensor_21,3,0.0036952506617647127
28,sensor_21,4,0.002790495625000033
28,sensor_21,5,0.0033095713235294266
28,sensor_21,6,0.0052772211666667155
28,sensor_21,7,0.002463243999999906
28,sensor_21,8,0.003949304852941092
28,sensor_21,9,0.0032440024999999986
28,sensor_21,10,0.0075164336029412086
29,setting_1,1,3.4313235294117645e-06
29,setting_1,2,8.1305e-06
29,setting_1,3,2.3306250000000002e-06
29,setting_1,4,3.3939583333333337e-06
29,setting_1,5,5.854411764705883e-06
29,setting_1,6,4.015333333333334e-06
29,setting_1,7,4.333166666666667e-06
29,setting_1,8,6.126958333333332e-06
29,setting_1,9,5.993333333333332e-06
29,setting_1,10,4.482205882352941e-06
29,setting_2,1,7.625e-08
29,setting_2,2,7.066666666666664e-08
29,setting_2,3,1.0895833333333333e-07
29,setting_2,4,7.729166666666669e-08
29,setting_2,5,1.1125000000000002e-07
29,setting_2,6,8.529166666666666e-08
29,setting_2,7,1.1183333333333335e-07
29,setting_2,8,8.995833333333332e-08
29,setting_2,9,1.0999999999999999e-07
29,setting_2,10,7.191176470588235e-08
29,setting_3,1,0.0
29,setting_3,2,0.0
29,setting_3,3,0.0
29,setting_3,4,0.0
29,setting_3,5,0.0
29,setting_3,6,0.0
29,setting_3,7,0.0
29,setting_3,8,0.0
29,setting_3,9,0.0
29,setting_3,10,0.0
29,sensor_1,1,0.0
29,sensor_1,2,0.0
29,sensor_1,3,0.0
29,sensor_1,4,0.0
29,sensor_1,5,0.0
29,sensor_1,6,0.0
29,sensor_1,7,0.0
29,sensor_1,8,0.0
29,sensor_1,9,0.0
29,sensor_1,10,0.0
29,sensor_2,1,0.09856838235293165
29,sensor_2,2,0.08621291666666793
29,sensor_2,3,0.07851291666666271
29,sensor_2,4,0.04767333333333878
29,sensor_2,5,0.08465955882352927
29,sensor_2,6,0.11836625000001734
29,sensor_2,7,0.1169229166666557
29,sensor_2,8,0.08941166666666732
29,sensor_2,9,0.08110958333332757
29,sensor_2,10,0.10949705882353356
29,sensor_3,1,13.270275735294103
29,sensor_3,2,14.241933333333314
29,sensor_3,3,16.94464666666628
29,sensor_3,4,10.226118333333437
29,sensor_3,5,19.2886220588239
29,sensor_3,6,12.131709583333086
29,sensor_3,7,18.907919583333168
29,sensor_3,8,16.627846666666724
29,sensor_3,9,5.143825000000269
29,sensor_3,10,20.50918161764729
29,sensor_4,1,9.566500735293861
29,sensor_4,2,22.66138499999982
29,sensor_4,3,14.104776250000016
29,sensor_4,4,11.457309583333391
29,sensor_4,5,9.026499999999848
29,sensor_4,6,10.357705000000085
29,sensor_4,7,6.620972916667226
29,sensor_4,8,11.153192916666342
29,sensor_4,9,26.995559583334718
29,sensor_4,10,38.69888455882305
29,sensor_5,1,0.0
29,sensor_5,2,0.0
29,sensor_5,3,0.0
29,sensor_5,4,0.0
29,sensor_5,5,0.0
29,sensor_5,6,0.0
29,sensor_5,7,0.0
29,sensor_5,8,0.0
29,sensor_5,9,0.0
29,sensor_5,10,0.0
29,sensor_6,1,0.0
29,sensor_6,2,0.0
29,sensor_6,3,0.0
29,sensor_6,4,0.0
29,sensor_6,5,0.0
29,sensor_6,6,0.0
29,sensor_6,7,0.0
29,sensor_6,8,0.0
29,sensor_6,9,0.0
29,sensor_6,10,0.0
29,sensor_7,1,0.17853455882350228
29,sensor_7,2,0.06450500000000313
29,sensor_7,3,0.08007625000000004
29,sensor_7,4,0.17157999999999832
29,sensor_7,5,0.21678455882353814
29,sensor_7,6,0.16779291666666746
29,sensor_7,7,0.17708624999996628
29,sensor_7,8,0.2808162500000162
29,sensor_7,9,0.2345399999999911
29,sensor_7,10,0.1907066176470614
29,sensor_8,1,0.0008808823529444167
29,sensor_8,2,0.0010495833333351585
29,sensor_8,3,0.0005599999999978255
29,sensor_8,4,0.0012783333333312844
29,sensor_8,5,0.0010860294117638943
29,sensor_8,6,0.0013733333333300793
29,sensor_8,7,0.0012129166666631683
29,sensor_8,8,0.0014595833333351956
29,sensor_8,9,0.0009595833333264683
29,sensor_8,10,0.000815441176478795
29,sensor_9,1,19.28632352940866
29,sensor_9,2,26.99705166666379
29,sensor_9,3,29.71346625000104
29,sensor_9,4,11.48097166666611
29,sensor_9,5,20.452751470586588
29,sensor_9,6,21.1690783333309
29,sensor_9,7,9.90957333333208
29,sensor_9,8,28.821371666666035
29,sensor_9,9,19.40726958332994
29,sensor_9,10,32.96516176470764
29,sensor_10,1,0.0
29,sensor_10,2,0.0
29,sensor_10,3,0.0
29,sensor_10,4,0.0
29,sensor_10,5,0.0
29,sensor_10,6,0.0
29,sensor_10,7,0.0
29,sensor_10,8,0.0
29,sensor_10,9,0.0
29,sensor_10,10,0.0
29,sensor_11,1,0.006201470588235281
29,sensor_11,2,0.003464999999999866
29,sensor_11,3,0.013600000000000164
29,sensor_11,4,0.016580000000000154
29,sensor_11,5,0.004263970588235343
29,sensor_11,6,0.01034624999999994
29,sensor_11,7,0.01336958333333349
29,sensor_11,8,0.005446250000000015
29,sensor_11,9,0.013089583333333203
29,sensor_11,10,0.009127941176470512
29,sensor_12,1,0.07779926470589135
29,sensor_12,2,0.10841291666667671
29,sensor_12,3,0.07965333333334394
29,sensor_12,4,0.07982500000000768
29,sensor_12,5,0.13125294117647301
29,sensor_12,6,0.07976666666667236
29,sensor_12,7,0.12639333333333566
29,sensor_12,8,0.029360000000001975
29,sensor_12,9,0.13071291666666904
29,sensor_12,10,0.15667426470591544
29,sensor_13,1,0.0007007352941188165
29,sensor_13,2,0.0007133333333300375
29,sensor_13,3,0.0013399999999908472
29,sensor_13,4,0.0004933333333355974
29,sensor_13,5,0.0004000000000019961
29,sensor_13,6,0.0011995833333104217
29,sensor_13,7,0.0006783333333359218
29,sensor_13,8,0.0013049999999981735
29,sensor_13,9,0.0007195833333339611
29,sensor_13,10,0.002002941176480701
29,sensor_14,1,6.051106617647107
29,sensor_14,2,14.644731666666216
29,sensor_14,3,10.298516249999837
29,sensor_14,4,7.203891666665915
29,sensor_14,5,6.015215441176669
29,sensor_14,6,10.607462916666119
29,sensor_14,7,10.517742916667341
29,sensor_14,8,4.924913333334285
29,sensor_14,9,11.034126666667076
29,sensor_14,10,9.173763970589075
29,sensor_15,1,0.0002702161764705788
29,sensor_15,2,0.00034238866666666756
29,sensor_15,3,0.0003435466666666627
29,sensor_15,4,0.00022885329166666678
29,sensor_15,5,0.00045317404411764507
29,sensor_15,6,0.0006619879999999893
29,sensor_15,7,0.0005234171666666575
29,sensor_15,8,0.00028530895833333534
29,sensor_15,9,0.00041400733333335043
29,sensor_15,10,0.0006035036764705775
29,sensor_16,1,0.0
29,sensor_16,2,0.0
29,sensor_16,3,0.0
29,sensor_16,4,0.0
29,sensor_16,5,0.0
29,sensor_16,6,0.0
29,sensor_16,7,0.0
29,sensor_16,8,0.0
29,sensor_16,9,0.0
29,sensor_16,10,0.0
29,sensor_17,1,0.4044117647058816
29,sensor_17,2,0.8958333333333466
29,sensor_17,3,1.4666666666666832
29,sensor_17,4,0.7833333333333409
29,sensor_17,5,0.8602941176470489
29,sensor_17,6,0.9958333333333196
29,sensor_17,7,1.1833333333333351
29,sensor_17,8,0.6666666666666495
29,sensor_17,9,0.7958333333332919
29,sensor_17,10,1.1102941176470318
29,sensor_18,1,0.0
29,sensor_18,2,0.0
29,sensor_18,3,0.0
29,sensor_18,4,0.0
29,sensor_18,5,0.0
29,sensor_18,6,0.0
29,sensor_18,7,0.0
29,sensor_18,8,0.0
29,sensor_18,9,0.0
29,sensor_18,10,0.0
29,sensor_19,1,0.0
29,sensor_19,2,0.0
29,sensor_19,3,0.0
29,sensor_19,4,0.0
29,sensor_19,5,0.0
29,sensor_19,6,0.0
29,sensor_19,7,0.0
29,sensor_19,8,0.0
29,sensor_19,9,0.0
29,sensor_19,10,0.0
29,sensor_20,1,0.008106617647058714
29,sensor_20,2,0.011612916666667028
29,sensor_20,3,0.019200000000000765
29,sensor_20,4,0.005779583333333236
29,sensor_20,5,0.015619117647058768
29,sensor_20,6,0.009559583333333229
29,sensor_20,7,0.013792916666666538
29,sensor_20,8,0.013299583333332999
29,sensor_20,9,0.0068600000000002305
29,sensor_20,10,0.013827941176470866
29,sensor_21,1,0.0036992023529410964
29,sensor_21,2,0.006440904624999978
29,sensor_21,3,0.005328189291666628
29,sensor_21,4,0.0019215329583333026
29,sensor_21,5,0.00182387808823526
29,sensor_21,6,0.0040948500000000275
29,sensor_21,7,0.0026158959583333645
29,sensor_21,8,0.0034032304999999058
29,sensor_21,9,0.0018933038333334349
29,sensor_21,10,0.006820081838235194
30,setting_1,1,5.586210526315789e-06
30,setting_1,2,3.7170175438596478e-06
30,setting_1,3,1.0405263157894736e-06
30,setting_1,4,3.2150263157894737e-06
30,setting_1,5,6.958947368421052e-06
30,setting_1,6,4.7758479532163744e-06
30,setting_1,7,3.7122105263157884e-06
30,setting_1,8,5.251754385964914e-06
30,setting_1,9,4.281754385964912e-06
30,setting_1,10,3.225684210526315e-06
30,setting_2,1,4.9052631578947364e-08
30,setting_2,2,8.45029239766082e-08
30,setting_2,3,9.175438596491228e-08
30,setting_2,4,7.568421052631578e-08
30,setting_2,5,8.701754385964915e-08
30,setting_2,6,8.140350877192984e-08
30,setting_2,7,6.934210526315789e-08
30,setting_2,8,5.052631578947368e-08
30,setting_2,9,9.50877192982456e-08
30,setting_2,10,7.292105263157896e-08
30,setting_3,1,0.0
30,setting_3,2,0.0
30,setting_3,3,0.0
30,setting_3,4,0.0
30,setting_3,5,0.0
30,setting_3,6,0.0
30,setting_3,7,0.0
30,setting_3,8,0.0
30,setting_3,9,0.0
30,setting_3,10,0.0
30,sensor_1,1,0.0
30,sensor_1,2,0.0
30,sensor_1,3,0.0
30,sensor_1,4,0.0
30,sensor_1,5,0.0
30,sensor_1,6,0.0
30,sensor_1,7,0.0
30,sensor_1,8,0.0
30,sensor_1,9,0.0
30,sensor_1,10,0.0
30,sensor_2,1,0.10536710526313157
30,sensor_2,2,0.08810643274856407
30,sensor_2,3,0.11754444444445104
30,sensor_2,4,0.08067263157893445
30,sensor_2,5,0.04803625730994163
30,sensor_2,6,0.09850409356726132
30,sensor_2,7,0.07121552631578006
30,sensor_2,8,0.06473333333333443
30,sensor_2,9,0.1193432748538207
30,sensor_2,10,0.12977342105265066
30,sensor_3,1,21.365394473683963
30,sensor_3,2,19.475342690058216
30,sensor_3,3,14.0892707602339
30,sensor_3,4,10.344389473684387
30,sensor_3,5,18.826902339181068
30,sensor_3,6,10.66774736842104
30,sensor_3,7,23.403211578947026
30,sensor_3,8,8.005081286549931
30,sensor_3,9,13.560669005847817
30,sensor_3,10,15.178139736842189
30,sensor_4,1,19.789630526315698
30,sensor_4,2,19.15164795321589
30,sensor_4,3,21.98679532163771
30,sensor_4,4,19.109811578947674
30,sensor_4,5,21.102233918128526
30,sensor_4,6,11.033004093567369
30,sensor_4,7,21.38015789473687
30,sensor_4,8,17.068469005848087
30,sensor_4,9,25.235194152047445
30,sensor_4,10,38.47632921052522
30,sensor_5,1,0.0
30,sensor_5,2,0.0
30,sensor_5,3,0.0
30,sensor_5,4,0.0
30,sensor_5,5,0.0
30,sensor_5,6,0.0
30,sensor_5,7,0.0
30,sensor_5,8,0.0
30,sensor_5,9,0.0
30,sensor_5,10,0.0
30,sensor_6,1,1.6842105263147613e-05
30,sensor_6,2,9.941520467833989e-06
30,sensor_6,3,5.263157894734797e-06
30,sensor_6,4,1.3421052631567111e-05
30,sensor_6,5,5.2631578947357445e-06
30,sensor_6,6,0.0
30,sensor_6,7,0.0
30,sensor_6,8,0.0
30,sensor_6,9,0.0
30,sensor_6,10,0.0
30,sensor_7,1,0.16976210526312102
30,sensor_7,2,0.1734807017543845
30,sensor_7,3,0.2533093567251676
30,sensor_7,4,0.061813421052630574
30,sensor_7,5,0.13360292397660764
30,sensor_7,6,0.09299824561404027
30,sensor_7,7,0.1254976315789196
30,sensor_7,8,0.10973684210526694
30,sensor_7,9,0.213221052631506
30,sensor_7,10,0.28029894736843053
30,sensor_8,1,0.0009923684210594614
30,sensor_8,2,0.0010263157894767868
30,sensor_8,3,0.0006538011695942674
30,sensor_8,4,0.0010431578947415025
30,sensor_8,5,0.0015245614035100474
30,sensor_8,6,0.0009251461988177556
30,sensor_8,7,0.0013818421052614158
30,sensor_8,8,0.0013701754385887978
30,sensor_8,9,0.0013912280701692333
30,sensor_8,10,0.0027502631579135353
30,sensor_9,1,20.026571315789127
30,sensor_9,2,15.895737426898839
30,sensor_9,3,14.38283216374567
30,sensor_9,4,27.54648921052443
30,sensor_9,5,9.400360818714068
30,sensor_9,6,13.43761403508995
30,sensor_9,7,23.905669473689503
30,sensor_9,8,11.841070760234382
30,sensor_9,9,19.258421052629917
30,sensor_9,10,16.650258947357713
30,sensor_10,1,0.0
30,sensor_10,2,0.0
30,sensor_10,3,0.0
30,sensor_10,4,0.0
30,sensor_10,5,0.0
30,sensor_10,6,0.0
30,sensor_10,7,0.0
30,sensor_10,8,0.0
30,sensor_10,9,0.0
30,sensor_10,10,0.0
30,sensor_11,1,0.010862105263157855
30,sensor_11,2,0.010242690058479678
30,sensor_11,3,0.012647368421052605
30,sensor_11,4,0.012882894736841977
30,sensor_11,5,0.006427485380117163
30,sensor_11,6,0.010673099415204597
30,sensor_11,7,0.009378947368420874
30,sensor_11,8,0.011605263157894669
30,sensor_11,9,0.014678362573099991
30,sensor_11,10,0.00995789473684147
30,sensor_12,1,0.058730526315786284
30,sensor_12,2,0.04914678362573263
30,sensor_12,3,0.14780292397662242
30,sensor_12,4,0.15901578947368175
30,sensor_12,5,0.08703976608188875
30,sensor_12,6,0.0894578947368549
30,sensor_12,7,0.11780631578949266
30,sensor_12,8,0.06756549707603626
30,sensor_12,9,0.06342748538012566
30,sensor_12,10,0.1920200000000082
30,sensor_13,1,0.0005147368421100595
30,sensor_13,2,0.0007497076023431134
30,sensor_13,3,0.0009385964912327274
30,sensor_13,4,0.0005894736842085982
30,sensor_13,5,0.0006578947368509099
30,sensor_13,6,0.0011099415204678953
30,sensor_13,7,0.0015273684210645572
30,sensor_13,8,0.001287719298249381
30,sensor_13,9,0.001964912280684292
30,sensor_13,10,0.0024936842105270176
30,sensor_14,1,7.7849989473703065
30,sensor_14,2,3.338747368421285
30,sensor_14,3,6.866192982455126
30,sensor_14,4,6.620889210526722
30,sensor_14,5,5.029611695906768
30,sensor_14,6,7.977492982456179
30,sensor_14,7,7.873868157894923
30,sensor_14,8,14.820659649120703
30,sensor_14,9,8.691560818713704
30,sensor_14,10,20.18474605263113
30,sensor_15,1,0.0004180690526315856
30,sensor_15,2,0.00038511982456140625
30,sensor_15,3,0.0002788936257309964
30,sensor_15,4,0.0005385756578947499
30,sensor_15,5,0.0004072159064327415
30,sensor_15,6,0.00037382134502926697
30,sensor_15,7,0.00032691199999998976
30,sensor_15,8,0.0004118281286549552
30,sensor_15,9,0.0004524269005847911
30,sensor_15,10,0.0007311374736842164
30,sensor_16,1,0.0
30,sensor_16,2,0.0
30,sensor_16,3,0.0
30,sensor_16,4,0.0
30,sensor_16,5,0.0
30,sensor_16,6,0.0
30,sensor_16,7,0.0
30,sensor_16,8,0.0
30,sensor_16,9,0.0
30,sensor_16,10,0.0
30,sensor_17,1,0.4500000000000022
30,sensor_17,2,0.6081871345029237
30,sensor_17,3,0.4853801169590601
30,sensor_17,4,1.2499999999999987
30,sensor_17,5,0.7660818713450275
30,sensor_17,6,0.818713450292385
30,sensor_17,7,0.576315789473678
30,sensor_17,8,0.5789473684210715
30,sensor_17,9,1.3216374269006053
30,sensor_17,10,1.1473684210526596
30,sensor_18,1,0.0
30,sensor_18,2,0.0
30,sensor_18,3,0.0
30,sensor_18,4,0.0
30,sensor_18,5,0.0
30,sensor_18,6,0.0
30,sensor_18,7,0.0
30,sensor_18,8,0.0
30,sensor_18,9,0.0
30,sensor_18,10,0.0
30,sensor_19,1,0.0
30,sensor_19,2,0.0
30,sensor_19,3,0.0
30,sensor_19,4,0.0
30,sensor_19,5,0.0
30,sensor_19,6,0.0
30,sensor_19,7,0.0
30,sensor_19,8,0.0
30,sensor_19,9,0.0
30,sensor_19,10,0.0
30,sensor_20,1,0.007922105263157833
30,sensor_20,2,0.006965497076022899
30,sensor_20,3,0.008984210526316108
30,sensor_20,4,0.01615894736842114
30,sensor_20,5,0.009680116959064084
30,sensor_20,6,0.007491812865496812
30,sensor_20,7,0.010858947368421204
30,sensor_20,8,0.01053216374268996
30,sensor_20,9,0.011065497076023436
30,sensor_20,10,0.01056421052631567
30,sensor_21,1,0.004023516078947362
30,sensor_21,2,0.004237704736842101
30,sensor_21,3,0.006275861461988505
30,sensor_21,4,0.002679652526315864
30,sensor_21,5,0.0023951206432749872
30,sensor_21,6,0.004946082222222006
30,sensor_21,7,0.002382745763157774
30,sensor_21,8,0.006428761754386103
30,sensor_21,9,0.004153414678362525
30,sensor_21,10,0.0061162647105261585
31,setting_1,1,5.521739130434784e-06
31,setting_1,2,3.458932806324111e-06
31,setting_1,3,3.4700000000000002e-06
31,setting_1,4,7.250652173913041e-06
31,setting_1,5,5.183596837944664e-06
31,setting_1,6,6.252648221343875e-06
31,setting_1,7,3.00231884057971e-06
31,setting_1,8,5.380276679841897e-06
31,setting_1,9,4.206916996047431e-06
31,setting_1,10,3.650271739130435e-06
31,setting_2,1,7.992753623188405e-08
31,setting_2,2,1.1079051383399209e-07
31,setting_2,3,1.2249011857707514e-07
31,setting_2,4,6.824275362318841e-08
31,setting_2,5,8.438735177865614e-08
31,setting_2,6,8.347826086956522e-08
31,setting_2,7,1.0231884057971015e-07
31,setting_2,8,9.861660079051382e-08
31,setting_2,9,4.766798418972331e-08
31,setting_2,10,9.375000000000002e-08
31,setting_3,1,0.0
31,setting_3,2,0.0
31,setting_3,3,0.0
31,setting_3,4,0.0
31,setting_3,5,0.0
31,setting_3,6,0.0
31,setting_3,7,0.0
31,setting_3,8,0.0
31,setting_3,9,0.0
31,setting_3,10,0.0
31,sensor_1,1,0.0
31,sensor_1,2,0.0
31,sensor_1,3,0.0
31,sensor_1,4,0.0
31,sensor_1,5,0.0
31,sensor_1,6,0.0
31,sensor_1,7,0.0
31,sensor_1,8,0.0
31,sensor_1,9,0.0
31,sensor_1,10,0.0
31,sensor_2,1,0.07670144927535706
31,sensor_2,2,0.1257043478260851
31,sensor_2,3,0.0692703557312381
31,sensor_2,4,0.0435432971014541
31,sensor_2,5,0.0704260869565309
31,sensor_2,6,0.11394308300396379
31,sensor_2,7,0.06655362318840365
31,sensor_2,8,0.18894071146244887
31,sensor_2,9,0.09570750988142686
31,sensor_2,10,0.15681956521738297
31,sensor_3,1,21.214051992753546
31,sensor_3,2,14.27528774703569
31,sensor_3,3,17.55100000000017
31,sensor_3,4,11.257982427536135
31,sensor_3,5,21.29739960474273
31,sensor_3,6,10.45348932806403
31,sensor_3,7,11.253527536231534
31,sensor_3,8,25.04803596837884
31,sensor_3,9,23.659694861660203
31,sensor_3,10,17.129312318841166
31,sensor_4,1,14.08012155797096
31,sensor_4,2,9.388497628458614
31,sensor_4,3,15.54224071146251
31,sensor_4,4,11.665051449275419
31,sensor_4,5,11.03607826086976
31,sensor_4,6,6.513804347825931
31,sensor_4,7,10.939224456521709
31,sensor_4,8,18.79303280632437
31,sensor_4,9,25.777953754940107
31,sensor_4,10,17.52958260869596
31,sensor_5,1,0.0
31,sensor_5,2,0.0
31,sensor_5,3,0.0
31,sensor_5,4,0.0
31,sensor_5,5,0.0
31,sensor_5,6,0.0
31,sensor_5,7,0.0
31,sensor_5,8,0.0
31,sensor_5,9,0.0
31,sensor_5,10,0.0
31,sensor_6,1,0.0
31,sensor_6,2,1.7786561264817746e-05
31,sensor_6,3,1.1857707509878007e-05
31,sensor_6,4,4.1666666666632804e-06
31,sensor_6,5,8.300395256917042e-06
31,sensor_6,6,8.300395256914303e-06
31,sensor_6,7,4.1666666666632576e-06
31,sensor_6,8,0.0
31,sensor_6,9,0.0
31,sensor_6,10,0.0
31,sensor_7,1,0.09402445652173315
31,sensor_7,2,0.1932766798418908
31,sensor_7,3,0.1693482213438736
31,sensor_7,4,0.14322826086955354
31,sensor_7,5,0.17629762845850358
31,sensor_7,6,0.21016007905137277
31,sensor_7,7,0.20601721014494886
31,sensor_7,8,0.23749367588932999
31,sensor_7,9,0.17446047430829828
31,sensor_7,10,0.258895652173901
31,sensor_8,1,0.0006579710144963809
31,sensor_8,2,0.0012573122529666721
31,sensor_8,3,0.0012968379446563348
31,sensor_8,4,0.00041141304347357984
31,sensor_8,5,0.0007786561264880337
31,sensor_8,6,0.0013541501976314773
31,sensor_8,7,0.0006896739130420994
31,sensor_8,8,0.0009600790513929581
31,sensor_8,9,0.0005130434782551484
31,sensor_8,10,0.0023818840579892457
31,sensor_9,1,17.981902717392494
31,sensor_9,2,12.861107905139288
31,sensor_9,3,22.945114624506605
31,sensor_9,4,19.426207971014925
31,sensor_9,5,8.312424110671879
31,sensor_9,6,13.70957549407127
31,sensor_9,7,22.044060688404635
31,sensor_9,8,21.450767984190687
31,sensor_9,9,15.368158893277906
31,sensor_9,10,15.947405797102407
31,sensor_10,1,0.0
31,sensor_10,2,0.0
31,sensor_10,3,0.0
31,sensor_10,4,0.0
31,sensor_10,5,0.0
31,sensor_10,6,0.0
31,sensor_10,7,0.0
31,sensor_10,8,0.0
31,sensor_10,9,0.0
31,sensor_10,10,0.0
31,sensor_11,1,0.012712318840579821
31,sensor_11,2,0.010435573122529164
31,sensor_11,3,0.007406719367588938
31,sensor_11,4,0.008875362318840535
31,sensor_11,5,0.009439130434782705
31,sensor_11,6,0.012325691699604261
31,sensor_11,7,0.007955797101449408
31,sensor_11,8,0.007999209486165927
31,sensor_11,9,0.018099999999999696
31,sensor_11,10,0.0184021739130438
31,sensor_12,1,0.0939326086956407
31,sensor_12,2,0.0923241106719479
31,sensor_12,3,0.06616561264821762
31,sensor_12,4,0.10970362318843518
31,sensor_12,5,0.05421778656127654
31,sensor_12,6,0.06279011857708437
31,sensor_12,7,0.12673623188405242
31,sensor_12,8,0.08276126482213093
31,sensor_12,9,0.1467442687746986
31,sensor_12,10,0.1667623188405825
31,sensor_13,1,0.00046014492754114155
31,sensor_13,2,0.0009454545454720354
31,sensor_13,3,0.001490513833993843
31,sensor_13,4,0.00162536231883926
31,sensor_13,5,0.0007715415019802048
31,sensor_13,6,0.0013873517786611475
31,sensor_13,7,0.0007737318840518785
31,sensor_13,8,0.0014770750988048309
31,sensor_13,9,0.0014703557312395336
31,sensor_13,10,0.002308514492761866
31,sensor_14,1,7.956849275361621
31,sensor_14,2,10.798024110670955
31,sensor_14,3,7.1650134387353255
31,sensor_14,4,8.577953623188938
31,sensor_14,5,9.726826086956269
31,sensor_14,6,12.489906719368122
31,sensor_14,7,15.038805797101555
31,sensor_14,8,11.86146798418805
31,sensor_14,9,10.318962845850397
31,sensor_14,10,16.08495489130477
31,sensor_15,1,0.0003653971014492779
31,sensor_15,2,0.0003513276679841842
31,sensor_15,3,0.0002964386166007927
31,sensor_15,4,0.0003431707065217405
31,sensor_15,5,0.00046779328063242077
31,sensor_15,6,0.000509129683794447
31,sensor_15,7,0.00025192231884057305
31,sensor_15,8,0.00042262430830041116
31,sensor_15,9,0.0003818844664031514
31,sensor_15,10,0.0004864898369565236
31,sensor_16,1,0.0
31,sensor_16,2,0.0
31,sensor_16,3,0.0
31,sensor_16,4,0.0
31,sensor_16,5,0.0
31,sensor_16,6,0.0
31,sensor_16,7,0.0
31,sensor_16,8,0.0
31,sensor_16,9,0.0
31,sensor_16,10,0.0
31,sensor_17,1,1.389492753623192
31,sensor_17,2,1.0750988142292441
31,sensor_17,3,1.3162055335968441
31,sensor_17,4,1.8260869565217432
31,sensor_17,5,0.9960474308300588
31,sensor_17,6,0.7667984189723277
31,sensor_17,7,0.9547101449275032
31,sensor_17,8,0.7944664031620543
31,sensor_17,9,0.7865612648221149
31,sensor_17,10,1.0434782608695494
31,sensor_18,1,0.0
31,sensor_18,2,0.0
31,sensor_18,3,0.0
31,sensor_18,4,0.0
31,sensor_18,5,0.0
31,sensor_18,6,0.0
31,sensor_18,7,0.0
31,sensor_18,8,0.0
31,sensor_18,9,0.0
31,sensor_18,10,0.0
31,sensor_19,1,0.0
31,sensor_19,2,0.0
31,sensor_19,3,0.0
31,sensor_19,4,0.0
31,sensor_19,5,0.0
31,sensor_19,6,0.0
31,sensor_19,7,0.0
31,sensor_19,8,0.0
31,sensor_19,9,0.0
31,sensor_19,10,0.0
31,sensor_20,1,0.004204166666666643
31,sensor_20,2,0.011460474308300756
31,sensor_20,3,0.009104347826087522
31,sensor_20,4,0.013747826086956641
31,sensor_20,5,0.011602766798418816
31,sensor_20,6,0.017067984189723325
31,sensor_20,7,0.007369384057971131
31,sensor_20,8,0.009730039525692008
31,sensor_20,9,0.013734782608695411
31,sensor_20,10,0.011257971014493062
31,sensor_21,1,0.0042828934601448895
31,sensor_21,2,0.0041110744664031185
31,sensor_21,3,0.0028113471541501354
31,sensor_21,4,0.0030927986775363112
31,sensor_21,5,0.0036644350988142907
31,sensor_21,6,0.007746300830039494
31,sensor_21,7,0.004221277971014495
31,sensor_21,8,0.00387963241106718
31,sensor_21,9,0.003918312252964254
31,sensor_21,10,0.005768816739130698
32,setting_1,1,6.8851315789473694e-06
32,setting_1,2,4.423567251461988e-06
32,setting_1,3,2.1617543859649126e-06
32,setting_1,4,5.369883040935674e-06
32,setting_1,5,5.875906432748537e-06
32,setting_1,6,4.4678362573099416e-06
32,setting_1,7,4.5243274853801176e-06
32,setting_1,8,4.298771929824561e-06
32,setting_1,9,3.257660818713451e-06
32,setting_1,10,2.0683040935672517e-06
32,setting_2,1,6.726315789473686e-08
32,setting_2,2,7.807017543859649e-08
32,setting_2,3,9.508771929824562e-08
32,setting_2,4,7.561403508771927e-08
32,setting_2,5,8.701754385964913e-08
32,setting_2,6,9.690058479532164e-08
32,setting_2,7,1.056140350877193e-07
32,setting_2,8,7.029239766081873e-08
32,setting_2,9,8.093567251461988e-08
32,setting_2,10,1.256140350877193e-07
32,setting_3,1,0.0
32,setting_3,2,0.0
32,setting_3,3,0.0
32,setting_3,4,0.0
32,setting_3,5,0.0
32,setting_3,6,0.0
32,setting_3,7,0.0
32,setting_3,8,0.0
32,setting_3,9,0.0
32,setting_3,10,0.0
32,sensor_1,1,0.0
32,sensor_1,2,0.0
32,sensor_1,3,0.0
32,sensor_1,4,0.0
32,sensor_1,5,0.0
32,sensor_1,6,0.0
32,sensor_1,7,0.0
32,sensor_1,8,0.0
32,sensor_1,9,0.0
32,sensor_1,10,0.0
32,sensor_2,1,0.06444315789473791
32,sensor_2,2,0.09766725146199413
32,sensor_2,3,0.07274970760233365
32,sensor_2,4,0.11020935672514816
32,sensor_2,5,0.10273742690057379
32,sensor_2,6,0.1158286549707802
32,sensor_2,7,0.05950409356725977
32,sensor_2,8,0.11847836257308891
32,sensor_2,9,0.07022865497077474
32,sensor_2,10,0.05842865497076661
32,sensor_3,1,5.089918684210419
32,sensor_3,2,32.63061461988367
32,sensor_3,3,10.755414619882721
32,sensor_3,4,14.440091228069864
32,sensor_3,5,14.858314035087375
32,sensor_3,6,16.96310292397703
32,sensor_3,7,10.553446783625503
32,sensor_3,8,11.660505263158107
32,sensor_3,9,22.917322807017836
32,sensor_3,10,16.282813450292622
32,sensor_4,1,19.48492105263105
32,sensor_4,2,18.531473099415127
32,sensor_4,3,13.515076023391934
32,sensor_4,4,22.2976450292392
32,sensor_4,5,8.313266666666827
32,sensor_4,6,18.254533918128534
32,sensor_4,7,17.60373333333352
32,sensor_4,8,15.8867929824565
32,sensor_4,9,14.444505263157774
32,sensor_4,10,22.098953801168093
32,sensor_5,1,0.0
32,sensor_5,2,0.0
32,sensor_5,3,0.0
32,sensor_5,4,0.0
32,sensor_5,5,0.0
32,sensor_5,6,0.0
32,sensor_5,7,0.0
32,sensor_5,8,0.0
32,sensor_5,9,0.0
32,sensor_5,10,0.0
32,sensor_6,1,0.0
32,sensor_6,2,0.0
32,sensor_6,3,0.0
32,sensor_6,4,0.0
32,sensor_6,5,0.0
32,sensor_6,6,0.0
32,sensor_6,7,0.0
32,sensor_6,8,0.0
32,sensor_6,9,0.0
32,sensor_6,10,0.0
32,sensor_7,1,0.1585631578947554
32,sensor_7,2,0.17256666666667717
32,sensor_7,3,0.17991345029242148
32,sensor_7,4,0.07054327485379837
32,sensor_7,5,0.0936005847953218
32,sensor_7,6,0.12820058479533125
32,sensor_7,7,0.1292988304093684
32,sensor_7,8,0.16400233918128812
32,sensor_7,9,0.15108421052628793
32,sensor_7,10,0.14781345029239137
32,sensor_8,1,0.0009094736842125972
32,sensor_8,2,0.0008210526315831984
32,sensor_8,3,0.0010140350877130466
32,sensor_8,4,0.0005608187134512249
32,sensor_8,5,0.0007596491228016515
32,sensor_8,6,0.0009450292397631275
32,sensor_8,7,0.0005116959064319925
32,sensor_8,8,0.0008584795321595064
32,sensor_8,9,0.0008801169590569177
32,sensor_8,10,0.0009654970760266259
32,sensor_9,1,13.783030526317424
32,sensor_9,2,12.919909941520045
32,sensor_9,3,21.68215906432994
32,sensor_9,4,12.033036257309652
32,sensor_9,5,17.022988888888182
32,sensor_9,6,15.156903508769817
32,sensor_9,7,22.744498830407334
32,sensor_9,8,14.371143274852578
32,sensor_9,9,27.56262631579568
32,sensor_9,10,26.56062573098739
32,sensor_10,1,0.0
32,sensor_10,2,0.0
32,sensor_10,3,0.0
32,sensor_10,4,0.0
32,sensor_10,5,0.0
32,sensor_10,6,0.0
32,sensor_10,7,0.0
32,sensor_10,8,0.0
32,sensor_10,9,0.0
32,sensor_10,10,0.0
32,sensor_11,1,0.013688421052631955
32,sensor_11,2,0.007042690058479892
32,sensor_11,3,0.0032543859649123174
32,sensor_11,4,0.012816374269005707
32,sensor_11,5,0.014525730994152018
32,sensor_11,6,0.008078362573099533
32,sensor_11,7,0.014587134502923612
32,sensor_11,8,0.01317836257309949
32,sensor_11,9,0.013037426900585023
32,sensor_11,10,0.020491812865497012
32,sensor_12,1,0.05658394736842395
32,sensor_12,2,0.09291111111112413
32,sensor_12,3,0.0684543859649155
32,sensor_12,4,0.05981520467836173
32,sensor_12,5,0.06685380116957032
32,sensor_12,6,0.03777076023390495
32,sensor_12,7,0.04852514619882436
32,sensor_12,8,0.08624736842103216
32,sensor_12,9,0.12233391812865005
32,sensor_12,10,0.06279824561402479
32,sensor_13,1,0.0009168421052605561
32,sensor_13,2,0.0008988304093520917
32,sensor_13,3,0.0009251461988262892
32,sensor_13,4,0.0007818713450270637
32,sensor_13,5,0.0007941520467824638
32,sensor_13,6,0.0006134502923938176
32,sensor_13,7,0.0012140350877151542
32,sensor_13,8,0.000853801169592174
32,sensor_13,9,0.0008040935672425014
32,sensor_13,10,0.0009385964912293366
32,sensor_14,1,11.210889210526679
32,sensor_14,2,10.136492397659604
32,sensor_14,3,12.993906432748348
32,sensor_14,4,20.76554970760268
32,sensor_14,5,10.03619239766044
32,sensor_14,6,11.075660818714011
32,sensor_14,7,5.867432163743976
32,sensor_14,8,13.97119181286564
32,sensor_14,9,18.204967251462136
32,sensor_14,10,6.983525146199451
32,sensor_15,1,0.0005238030263157802
32,sensor_15,2,0.00045500368421052254
32,sensor_15,3,0.00018019690058479736
32,sensor_15,4,0.0006791303508771698
32,sensor_15,5,0.00033263497076023245
32,sensor_15,6,0.00035121339181286775
32,sensor_15,7,0.0005197992397660813
32,sensor_15,8,0.00024104485380116683
32,sensor_15,9,0.00033156099415205034
32,sensor_15,10,0.0005971649707602536
32,sensor_16,1,0.0
32,sensor_16,2,0.0
32,sensor_16,3,0.0
32,sensor_16,4,0.0
32,sensor_16,5,0.0
32,sensor_16,6,0.0
32,sensor_16,7,0.0
32,sensor_16,8,0.0
32,sensor_16,9,0.0
32,sensor_16,10,0.0
32,sensor_17,1,0.5763157894736733
32,sensor_17,2,1.3333333333333472
32,sensor_17,3,0.9824561403508771
32,sensor_17,4,1.023391812865493
32,sensor_17,5,1.2280701754385959
32,sensor_17,6,0.47953216374268287
32,sensor_17,7,1.0994152046783496
32,sensor_17,8,0.8947368421052647
32,sensor_17,9,0.7309941520467801
32,sensor_17,10,0.8771929824561356
32,sensor_18,1,0.0
32,sensor_18,2,0.0
32,sensor_18,3,0.0
32,sensor_18,4,0.0
32,sensor_18,5,0.0
32,sensor_18,6,0.0
32,sensor_18,7,0.0
32,sensor_18,8,0.0
32,sensor_18,9,0.0
32,sensor_18,10,0.0
32,sensor_19,1,0.0
32,sensor_19,2,0.0
32,sensor_19,3,0.0
32,sensor_19,4,0.0
32,sensor_19,5,0.0
32,sensor_19,6,0.0
32,sensor_19,7,0.0
32,sensor_19,8,0.0
32,sensor_19,9,0.0
32,sensor_19,10,0.0
32,sensor_20,1,0.01283026315789475
32,sensor_20,2,0.004431578947368502
32,sensor_20,3,0.009427485380116687
32,sensor_20,4,0.01288070175438608
32,sensor_20,5,0.008671929824561579
32,sensor_20,6,0.007460818713450539
32,sensor_20,7,0.013516374269005666
32,sensor_20,8,0.0068619883040935675
32,sensor_20,9,0.009442690058479716
32,sensor_20,10,0.007047953216374299
32,sensor_21,1,0.00328621713157889
32,sensor_21,2,0.003800005789473667
32,sensor_21,3,0.004260516900584762
32,sensor_21,4,0.0025597704093566907
32,sensor_21,5,0.0046053569590643
32,sensor_21,6,0.00321740690058475
32,sensor_21,7,0.0029557084210526546
32,sensor_21,8,0.003147818128655027
32,sensor_21,9,0.0057003903508773025
32,sensor_21,10,0.0029898260818713505
33,setting_1,1,5.0225263157894724e-06
33,setting_1,2,2.8372631578947366e-06
33,setting_1,3,7.0958947368421046e-06
33,setting_1,4,4.055026315789473e-06
33,setting_1,5,2.731684210526316e-06
33,setting_1,6,2.8289210526315785e-06
33,setting_1,7,3.5567368421052635e-06
33,setting_1,8,4.168289473684211e-06
33,setting_1,9,2.9897631578947372e-06
33,setting_1,10,5.752526315789474e-06
33,setting_2,1,8.450000000000004e-08
33,setting_2,2,6.976315789473684e-08
33,setting_2,3,5.418421052631578e-08
33,setting_2,4,1.0147368421052634e-07
33,setting_2,5,5.410526315789473e-08
33,setting_2,6,5.3789473684210525e-08
33,setting_2,7,1.0536842105263161e-07
33,setting_2,8,8.239473684210524e-08
33,setting_2,9,1.1081578947368422e-07
33,setting_2,10,6.410526315789472e-08
33,setting_3,1,0.0
33,setting_3,2,0.0
33,setting_3,3,0.0
33,setting_3,4,0.0
33,setting_3,5,0.0
33,setting_3,6,0.0
33,setting_3,7,0.0
33,setting_3,8,0.0
33,setting_3,9,0.0
33,setting_3,10,0.0
33,sensor_1,1,0.0
33,sensor_1,2,0.0
33,sensor_1,3,0.0
33,sensor_1,4,0.0
33,sensor_1,5,0.0
33,sensor_1,6,0.0
33,sensor_1,7,0.0
33,sensor_1,8,0.0
33,sensor_1,9,0.0
33,sensor_1,10,0.0
33,sensor_2,1,0.06895894736841114
33,sensor_2,2,0.08027657894736813
33,sensor_2,3,0.038756842105259946
33,sensor_2,4,0.09392736842104069
33,sensor_2,5,0.11479473684211185
33,sensor_2,6,0.11144631578948128
33,sensor_2,7,0.14098184210527953
33,sensor_2,8,0.09505368421052864
33,sensor_2,9,0.11965552631577334
33,sensor_2,10,0.14091868421054352
33,sensor_3,1,12.072036578947644
33,sensor_3,2,31.28171052631629
33,sensor_3,3,20.193171315789222
33,sensor_3,4,11.981343157894537
33,sensor_3,5,11.395974736842193
33,sensor_3,6,21.663421052631314
33,sensor_3,7,26.99545552631521
33,sensor_3,8,23.862676578946967
33,sensor_3,9,11.38510631578924
33,sensor_3,10,18.356173421052528
33,sensor_4,1,12.40640105263165
33,sensor_4,2,17.81083578947377
33,sensor_4,3,17.71766184210525
33,sensor_4,4,22.42170631578982
33,sensor_4,5,26.46355236842066
33,sensor_4,6,24.753701052631783
33,sensor_4,7,27.563188157894466
33,sensor_4,8,27.91003263157962
33,sensor_4,9,28.934553684211313
33,sensor_4,10,26.851160789474463
33,sensor_5,1,0.0
33,sensor_5,2,0.0
33,sensor_5,3,0.0
33,sensor_5,4,0.0
33,sensor_5,5,0.0
33,sensor_5,6,0.0
33,sensor_5,7,0.0
33,sensor_5,8,0.0
33,sensor_5,9,0.0
33,sensor_5,10,0.0
33,sensor_6,1,2.3947368421046078e-05
33,sensor_6,2,1.342105263157026e-05
33,sensor_6,3,1.3421052631570149e-05
33,sensor_6,4,9.473684210526875e-06
33,sensor_6,5,0.0
33,sensor_6,6,9.47368421051312e-06
33,sensor_6,7,0.0
33,sensor_6,8,4.999999999998876e-06
33,sensor_6,9,0.0
33,sensor_6,10,0.0
33,sensor_7,1,0.15447789473684115
33,sensor_7,2,0.09012736842103337
33,sensor_7,3,0.14795026315789475
33,sensor_7,4,0.13938815789475592
33,sensor_7,5,0.15305552631579558
33,sensor_7,6,0.23467868421049468
33,sensor_7,7,0.06610947368421141
33,sensor_7,8,0.2598631578947465
33,sensor_7,9,0.18303447368422687
33,sensor_7,10,0.25008421052633995
33,sensor_8,1,0.0006092105263257952
33,sensor_8,2,0.001235789473692839
33,sensor_8,3,0.0008115789473696157
33,sensor_8,4,0.0008197368421056431
33,sensor_8,5,0.0009776315789462471
33,sensor_8,6,0.001185263157891075
33,sensor_8,7,0.000950263157897893
33,sensor_8,8,0.0003944736842009297
33,sensor_8,9,0.0012260526315882759
33,sensor_8,10,0.0017102631578731118
33,sensor_9,1,24.204827368419206
33,sensor_9,2,17.44084210526576
33,sensor_9,3,12.984078684211456
33,sensor_9,4,26.844423947367485
33,sensor_9,5,21.41445368421285
33,sensor_9,6,19.97684631578915
33,sensor_9,7,32.234069473681394
33,sensor_9,8,13.875131315787646
33,sensor_9,9,18.907093684209
33,sensor_9,10,14.804346052631393
33,sensor_10,1,0.0
33,sensor_10,2,0.0
33,sensor_10,3,0.0
33,sensor_10,4,0.0
33,sensor_10,5,0.0
33,sensor_10,6,0.0
33,sensor_10,7,0.0
33,sensor_10,8,0.0
33,sensor_10,9,0.0
33,sensor_10,10,0.0
33,sensor_11,1,0.006583947368421039
33,sensor_11,2,0.010234473684210637
33,sensor_11,3,0.011167105263157855
33,sensor_11,4,0.005642105263157951
33,sensor_11,5,0.012069473684210788
33,sensor_11,6,0.00931473684210512
33,sensor_11,7,0.007304210526315625
33,sensor_11,8,0.01770526315789483
33,sensor_11,9,0.011419736842104565
33,sensor_11,10,0.025836578947369047
33,sensor_12,1,0.1590618421052649
33,sensor_12,2,0.1372431578947283
33,sensor_12,3,0.12346605263160519
33,sensor_12,4,0.13603657894737395
33,sensor_12,5,0.165918684210507
33,sensor_12,6,0.09422394736840904
33,sensor_12,7,0.09433552631578689
33,sensor_12,8,0.07746605263154488
33,sensor_12,9,0.10679368421054478
33,sensor_12,10,0.1889713157894931
33,sensor_13,1,0.0005102631579013593
33,sensor_13,2,0.0011536842105344905
33,sensor_13,3,0.0008315789473710681
33,sensor_13,4,0.0009313157894821475
33,sensor_13,5,0.0010852631579001978
33,sensor_13,6,0.001047105263165545
33,sensor_13,7,0.0008260526315785588
33,sensor_13,8,0.0009713157894762801
33,sensor_13,9,0.0009944736842045752
33,sensor_13,10,0.002329210526311092
33,sensor_14,1,7.9322273684212234
33,sensor_14,2,11.825556578947939
33,sensor_14,3,8.774318684211536
33,sensor_14,4,10.797332631577845
33,sensor_14,5,9.270110263158694
33,sensor_14,6,10.89763657894649
33,sensor_14,7,17.726743157895548
33,sensor_14,8,11.735908157894114
33,sensor_14,9,10.118068157896008
33,sensor_14,10,18.47527368421577
33,sensor_15,1,0.0004388847105263192
33,sensor_15,2,0.00034634115789474877
33,sensor_15,3,0.00031662765789473705
33,sensor_15,4,0.0004987752368421115
33,sensor_15,5,0.00040983957894735404
33,sensor_15,6,0.00038998421052630864
33,sensor_15,7,0.00020686936842105429
33,sensor_15,8,0.00043214252631576695
33,sensor_15,9,0.0006330320000000013
33,sensor_15,10,0.0008634478684210555
33,sensor_16,1,0.0
33,sensor_16,2,0.0
33,sensor_16,3,0.0
33,sensor_16,4,0.0
33,sensor_16,5,0.0
33,sensor_16,6,0.0
33,sensor_16,7,0.0
33,sensor_16,8,0.0
33,sensor_16,9,0.0
33,sensor_16,10,0.0
33,sensor_17,1,0.7236842105263301
33,sensor_17,2,0.9763157894736892
33,sensor_17,3,0.5763157894736606
33,sensor_17,4,0.871052631578945
33,sensor_17,5,1.0631578947368387
33,sensor_17,6,0.8921052631579063
33,sensor_17,7,1.2078947368421058
33,sensor_17,8,0.8710526315789499
33,sensor_17,9,0.9342105263157898
33,sensor_17,10,1.4315789473684475
33,sensor_18,1,0.0
33,sensor_18,2,0.0
33,sensor_18,3,0.0
33,sensor_18,4,0.0
33,sensor_18,5,0.0
33,sensor_18,6,0.0
33,sensor_18,7,0.0
33,sensor_18,8,0.0
33,sensor_18,9,0.0
33,sensor_18,10,0.0
33,sensor_19,1,0.0
33,sensor_19,2,0.0
33,sensor_19,3,0.0
33,sensor_19,4,0.0
33,sensor_19,5,0.0
33,sensor_19,6,0.0
33,sensor_19,7,0.0
33,sensor_19,8,0.0
33,sensor_19,9,0.0
33,sensor_19,10,0.0
33,sensor_20,1,0.007615526315789466
33,sensor_20,2,0.007721052631578947
33,sensor_20,3,0.010013421052632043
33,sensor_20,4,0.009141842105263259
33,sensor_20,5,0.009609210526315963
33,sensor_20,6,0.01780289473684204
33,sensor_20,7,0.01353263157894657
33,sensor_20,8,0.010314736842105222
33,sensor_20,9,0.013943157894737063
33,sensor_20,10,0.012981842105262749
33,sensor_21,1,0.004799878394736795
33,sensor_21,2,0.0035049693684210256
33,sensor_21,3,0.004187782210526296
33,sensor_21,4,0.002944782105263197
33,sensor_21,5,0.004285557131578989
33,sensor_21,6,0.002565783052631645
33,sensor_21,7,0.0028465916842104625
33,sensor_21,8,0.0036707237894737614
33,sensor_21,9,0.0046327811578946694
33,sensor_21,10,0.0083408362894738
34,setting_1,1,3.6919999999999995e-06
34,setting_1,2,7.629415204678362e-06
34,setting_1,3,4.878394736842104e-06
34,setting_1,4,3.0924561403508772e-06
34,setting_1,5,7.343657894736841e-06
34,setting_1,6,2.7406432748538004e-06
34,setting_1,7,4.980350877192982e-06
34,setting_1,8,4.843657894736843e-06
34,setting_1,9,4.427309941520468e-06
34,setting_1,10,5.422210526315791e-06
34,setting_2,1,8.050000000000001e-08
34,setting_2,2,1.0175438596491229e-07
34,setting_2,3,9.292105263157891e-08
34,setting_2,4,7.590643274853801e-08
34,setting_2,5,9.418421052631579e-08
34,setting_2,6,8.204678362573099e-08
34,setting_2,7,8.251461988304094e-08
34,setting_2,8,3.8315789473684216e-08
34,setting_2,9,7.818713450292397e-08
34,setting_2,10,8.576315789473684e-08
34,setting_3,1,0.0
34,setting_3,2,0.0
34,setting_3,3,0.0
34,setting_3,4,0.0
34,setting_3,5,0.0
34,setting_3,6,0.0
34,setting_3,7,0.0
34,setting_3,8,0.0
34,setting_3,9,0.0
34,setting_3,10,0.0
34,sensor_1,1,0.0
34,sensor_1,2,0.0
34,sensor_1,3,0.0
34,sensor_1,4,0.0
34,sensor_1,5,0.0
34,sensor_1,6,0.0
34,sensor_1,7,0.0
34,sensor_1,8,0.0
34,sensor_1,9,0.0
34,sensor_1,10,0.0
34,sensor_2,1,0.13484736842104822
34,sensor_2,2,0.09514502923975435
34,sensor_2,3,0.14919447368421218
34,sensor_2,4,0.13613742690059008
34,sensor_2,5,0.1143042105263141
34,sensor_2,6,0.09176491228070206
34,sensor_2,7,0.08385555555556244
34,sensor_2,8,0.07757894736842161
34,sensor_2,9,0.07231754385965312
34,sensor_2,10,0.07092631578947495
34,sensor_3,1,20.038802894736854
34,sensor_3,2,19.649148538011282
34,sensor_3,3,21.153981842106152
34,sensor_3,4,15.583576023391702
34,sensor_3,5,15.52822526315746
34,sensor_3,6,10.899691228070445
34,sensor_3,7,15.149359064327307
34,sensor_3,8,22.21568421052643
34,sensor_3,9,34.27200058479576
34,sensor_3,10,13.185009210525848
34,sensor_4,1,17.951194473684296
34,sensor_4,2,19.51715964912286
34,sensor_4,3,17.73020631578953
34,sensor_4,4,16.687821052631435
34,sensor_4,5,12.869468157894566
34,sensor_4,6,19.654311111111
34,sensor_4,7,16.991356140350813
34,sensor_4,8,20.534590526316354
34,sensor_4,9,12.288153801170028
34,sensor_4,10,28.057768421051737
34,sensor_5,1,0.0
34,sensor_5,2,0.0
34,sensor_5,3,0.0
34,sensor_5,4,0.0
34,sensor_5,5,0.0
34,sensor_5,6,0.0
34,sensor_5,7,0.0
34,sensor_5,8,0.0
34,sensor_5,9,0.0
34,sensor_5,10,0.0
34,sensor_6,1,0.0
34,sensor_6,2,0.0
34,sensor_6,3,4.9999999999980505e-06
34,sensor_6,4,0.0
34,sensor_6,5,0.0
34,sensor_6,6,0.0
34,sensor_6,7,0.0
34,sensor_6,8,0.0
34,sensor_6,9,0.0
34,sensor_6,10,0.0
34,sensor_7,1,0.20929973684207506
34,sensor_7,2,0.3074146198830664
34,sensor_7,3,0.12218394736840876
34,sensor_7,4,0.28883216374271875
34,sensor_7,5,0.21860921052630652
34,sensor_7,6,0.16172573099415077
34,sensor_7,7,0.25388187134503737
34,sensor_7,8,0.11688315789473408
34,sensor_7,9,0.18573625730994514
34,sensor_7,10,0.16317131578952143
34,sensor_8,1,0.0008344736842152703
34,sensor_8,2,0.0010397660818705545
34,sensor_8,3,0.0007607894736843755
34,sensor_8,4,0.0009251461988326673
34,sensor_8,5,0.0010252631578937918
34,sensor_8,6,0.001114035087706722
34,sensor_8,7,0.0008701754385951695
34,sensor_8,8,0.0007052631578934274
34,sensor_8,9,0.00046549707602115367
34,sensor_8,10,0.0007186842105178305
34,sensor_9,1,19.036309473683
34,sensor_9,2,24.574322807017694
34,sensor_9,3,21.193826052629685
34,sensor_9,4,18.244454385967188
34,sensor_9,5,17.942930526315905
34,sensor_9,6,23.54614269006798
34,sensor_9,7,23.192150877197513
34,sensor_9,8,47.240948421043115
34,sensor_9,9,58.0808286549416
34,sensor_9,10,216.84789763158
34,sensor_10,1,0.0
34,sensor_10,2,0.0
34,sensor_10,3,0.0
34,sensor_10,4,0.0
34,sensor_10,5,0.0
34,sensor_10,6,0.0
34,sensor_10,7,0.0
34,sensor_10,8,0.0
34,sensor_10,9,0.0
34,sensor_10,10,0.0
34,sensor_11,1,0.02028421052631576
34,sensor_11,2,0.014709356725146108
34,sensor_11,3,0.007636842105263106
34,sensor_11,4,0.009102923976608
34,sensor_11,5,0.009268157894736765
34,sensor_11,6,0.00789883040935694
34,sensor_11,7,0.0072339181286546084
34,sensor_11,8,0.009045000000000171
34,sensor_11,9,0.012881286549707879
34,sensor_11,10,0.027030263157893884
34,sensor_12,1,0.10738394736840705
34,sensor_12,2,0.05881637426901203
34,sensor_12,3,0.06855157894737235
34,sensor_12,4,0.03023976608186715
34,sensor_12,5,0.10237263157894212
34,sensor_12,6,0.10768771929825377
34,sensor_12,7,0.05738771929824403
34,sensor_12,8,0.11978815789472662
34,sensor_12,9,0.12783391812867248
34,sensor_12,10,0.1431042105263154
34,sensor_13,1,0.0011989473684229314
34,sensor_13,2,0.0011941520467852445
34,sensor_13,3,0.0007042105263162909
34,sensor_13,4,0.0006052631578935263
34,sensor_13,5,0.0013502631579114712
34,sensor_13,6,0.0008812865497072279
34,sensor_13,7,0.0008432748537985984
34,sensor_13,8,0.0010028947368401725
34,sensor_13,9,0.0007175438596487918
34,sensor_13,10,0.0009852631578963595
34,sensor_14,1,11.487781842105262
34,sensor_14,2,7.941339766081764
34,sensor_14,3,10.49864210526261
34,sensor_14,4,10.152220467835356
34,sensor_14,5,12.10510947368403
34,sensor_14,6,10.137687134502745
34,sensor_14,7,16.321348538009012
34,sensor_14,8,30.584099736841537
34,sensor_14,9,45.83198771929288
34,sensor_14,10,151.81548710529196
34,sensor_15,1,0.00023380936842104904
34,sensor_15,2,0.00027685064327485253
34,sensor_15,3,0.0004941335789473674
34,sensor_15,4,0.00018233263157894466
34,sensor_15,5,0.0002184398684210487
34,sensor_15,6,0.000477392514619884
34,sensor_15,7,0.0001427602339181305
34,sensor_15,8,0.00039511839473683574
34,sensor_15,9,0.0002661780701754415
34,sensor_15,10,0.000238440421052632
34,sensor_16,1,0.0
34,sensor_16,2,0.0
34,sensor_16,3,0.0
34,sensor_16,4,0.0
34,sensor_16,5,0.0
34,sensor_16,6,0.0
34,sensor_16,7,0.0
34,sensor_16,8,0.0
34,sensor_16,9,0.0
34,sensor_16,10,0.0
34,sensor_17,1,1.5157894736842
34,sensor_17,2,0.7017543859649011
34,sensor_17,3,0.5368421052631481
34,sensor_17,4,0.7192982456140268
34,sensor_17,5,0.9052631578946982
34,sensor_17,6,0.6081871345029471
34,sensor_17,7,1.315789473684223
34,sensor_17,8,1.2500000000000486
34,sensor_17,9,1.47953216374268
34,sensor_17,10,0.4710526315789748
34,sensor_18,1,0.0
34,sensor_18,2,0.0
34,sensor_18,3,0.0
34,sensor_18,4,0.0
34,sensor_18,5,0.0
34,sensor_18,6,0.0
34,sensor_18,7,0.0
34,sensor_18,8,0.0
34,sensor_18,9,0.0
34,sensor_18,10,0.0
34,sensor_19,1,0.0
34,sensor_19,2,0.0
34,sensor_19,3,0.0
34,sensor_19,4,0.0
34,sensor_19,5,0.0
34,sensor_19,6,0.0
34,sensor_19,7,0.0
34,sensor_19,8,0.0
34,sensor_19,9,0.0
34,sensor_19,10,0.0
34,sensor_20,1,0.007146052631578739
34,sensor_20,2,0.0071035087719298375
34,sensor_20,3,0.008781842105263447
34,sensor_20,4,0.008598245614034961
34,sensor_20,5,0.005762105263158039
34,sensor_20,6,0.011766666666666738
34,sensor_20,7,0.020722222222222125
34,sensor_20,8,0.004910263157894928
34,sensor_20,9,0.010081286549707314
34,sensor_20,10,0.012805000000000821
34,sensor_21,1,0.004014870000000011
34,sensor_21,2,0.006739440233918177
34,sensor_21,3,0.0042510463157894775
34,sensor_21,4,0.002455344327485389
34,sensor_21,5,0.004495187263158046
34,sensor_21,6,0.004635112105263221
34,sensor_21,7,0.004439932046783609
34,sensor_21,8,0.005494065684210328
34,sensor_21,9,0.004135231111110993
34,sensor_21,10,0.0051168423947367805
35,setting_1,1,5.4846783625731e-06
35,setting_1,2,2.505882352941177e-06
35,setting_1,3,4.258692810457517e-06
35,setting_1,4,4.635065359477124e-06
35,setting_1,5,5.190359477124183e-06
35,setting_1,6,5.690588235294116e-06
35,setting_1,7,5.128161764705882e-06
35,setting_1,8,2.7765497076023387e-06
35,setting_1,9,6.58470588235294e-06
35,setting_1,10,6.6508496732026145e-06
35,setting_2,1,8.45029239766082e-08
35,setting_2,2,8.470588235294119e-08
35,setting_2,3,1.0016339869281048e-07
35,setting_2,4,1.1176470588235293e-07
35,setting_2,5,8.500000000000001e-08
35,setting_2,6,8.41830065359477e-08
35,setting_2,7,7.845588235294118e-08
35,setting_2,8,9.16374269005848e-08
35,setting_2,9,9.663398692810458e-08
35,setting_2,10,9.006535947712418e-08
35,setting_3,1,0.0
35,setting_3,2,0.0
35,setting_3,3,0.0
35,setting_3,4,0.0
35,setting_3,5,0.0
35,setting_3,6,0.0
35,setting_3,7,0.0
35,setting_3,8,0.0
35,setting_3,9,0.0
35,setting_3,10,0.0
35,sensor_1,1,0.0
35,sensor_1,2,0.0
35,sensor_1,3,0.0
35,sensor_1,4,0.0
35,sensor_1,5,0.0
35,sensor_1,6,0.0
35,sensor_1,7,0.0
35,sensor_1,8,0.0
35,sensor_1,9,0.0
35,sensor_1,10,0.0
35,sensor_2,1,0.05151403508771596
35,sensor_2,2,0.12396339869282068
35,sensor_2,3,0.1343986928104633
35,sensor_2,4,0.05577516339870296
35,sensor_2,5,0.12149705882353076
35,sensor_2,6,0.11147222222220493
35,sensor_2,7,0.10768602941175989
35,sensor_2,8,0.17357602339181435
35,sensor_2,9,0.0901411764706023
35,sensor_2,10,0.11152058823528066
35,sensor_3,1,10.656249707602205
35,sensor_3,2,15.479625163398525
35,sensor_3,3,29.505179411764715
35,sensor_3,4,12.705571241830372
35,sensor_3,5,16.24305751633934
35,sensor_3,6,9.396677124183292
35,sensor_3,7,13.377477941176704
35,sensor_3,8,10.156465497076255
35,sensor_3,9,11.04698986928089
35,sensor_3,10,11.626316339869097
35,sensor_4,1,21.04710233918179
35,sensor_4,2,14.710944117647307
35,sensor_4,3,17.190626143791015
35,sensor_4,4,21.39116470588259
35,sensor_4,5,10.346835294117366
35,sensor_4,6,13.857186928104596
35,sensor_4,7,17.873523529411578
35,sensor_4,8,9.370558479532429
35,sensor_4,9,23.68815457516246
35,sensor_4,10,15.120447058823625
35,sensor_5,1,0.0
35,sensor_5,2,0.0
35,sensor_5,3,0.0
35,sensor_5,4,0.0
35,sensor_5,5,0.0
35,sensor_5,6,0.0
35,sensor_5,7,0.0
35,sensor_5,8,0.0
35,sensor_5,9,0.0
35,sensor_5,10,0.0
35,sensor_6,1,0.0
35,sensor_6,2,0.0
35,sensor_6,3,0.0
35,sensor_6,4,0.0
35,sensor_6,5,0.0
35,sensor_6,6,0.0
35,sensor_6,7,0.0
35,sensor_6,8,0.0
35,sensor_6,9,0.0
35,sensor_6,10,0.0
35,sensor_7,1,0.1315953216374272
35,sensor_7,2,0.09723790849673059
35,sensor_7,3,0.2731555555555576
35,sensor_7,4,0.3559075163398794
35,sensor_7,5,0.14594117647060464
35,sensor_7,6,0.1208823529411838
35,sensor_7,7,0.1492529411764533
35,sensor_7,8,0.187200000000013
35,sensor_7,9,0.15674117647059424
35,sensor_7,10,0.18497941176473098
35,sensor_8,1,0.0002923976608200871
35,sensor_8,2,0.0008928104575111792
35,sensor_8,3,0.0008235294117689775
35,sensor_8,4,0.0014222222222189846
35,sensor_8,5,0.0009441176470620251
35,sensor_8,6,0.0009294117647107154
35,sensor_8,7,0.0009433823529380618
35,sensor_8,8,0.0008397660818742202
35,sensor_8,9,0.0009529411764615558
35,sensor_8,10,0.001473202614387113
35,sensor_9,1,29.632439766085568
35,sensor_9,2,18.727006535948643
35,sensor_9,3,25.862849999998225
35,sensor_9,4,23.166155555557683
35,sensor_9,5,19.72636764705677
35,sensor_9,6,14.021544117647936
35,sensor_9,7,21.865927941171563
35,sensor_9,8,19.120920467834928
35,sensor_9,9,19.49671143790453
35,sensor_9,10,28.740379411765147
35,sensor_10,1,0.0
35,sensor_10,2,0.0
35,sensor_10,3,0.0
35,sensor_10,4,0.0
35,sensor_10,5,0.0
35,sensor_10,6,0.0
35,sensor_10,7,0.0
35,sensor_10,8,0.0
35,sensor_10,9,0.0
35,sensor_10,10,0.0
35,sensor_11,1,0.011538596491228112
35,sensor_11,2,0.008094117647058838
35,sensor_11,3,0.016492810457516383
35,sensor_11,4,0.007341176470588338
35,sensor_11,5,0.01201437908496715
35,sensor_11,6,0.010622222222222559
35,sensor_11,7,0.007611764705882444
35,sensor_11,8,0.013339766081871221
35,sensor_11,9,0.009147712418300216
35,sensor_11,10,0.00943692810457509
35,sensor_12,1,0.14006959064324817
35,sensor_12,2,0.09632941176471231
35,sensor_12,3,0.05778986928103051
35,sensor_12,4,0.08741470588236001
35,sensor_12,5,0.041097058823531166
35,sensor_12,6,0.08813496732027133
35,sensor_12,7,0.08682573529411763
35,sensor_12,8,0.1009374269005869
35,sensor_12,9,0.08936470588235458
35,sensor_12,10,0.06663398692809365
35,sensor_13,1,0.0007368421052614053
35,sensor_13,2,0.0007712418300656954
35,sensor_13,3,0.0007058823529389758
35,sensor_13,4,0.0008143790849658106
35,sensor_13,5,0.0007349673202572198
35,sensor_13,6,0.0009516339869263294
35,sensor_13,7,0.0005066176470534578
35,sensor_13,8,0.0010432748538042212
35,sensor_13,9,0.0005271241830084141
35,sensor_13,10,0.0011882352941217885
35,sensor_14,1,8.10471345029243
35,sensor_14,2,7.929582026143396
35,sensor_14,3,5.572057516340631
35,sensor_14,4,10.838546732026323
35,sensor_14,5,6.104164705881617
35,sensor_14,6,18.250637908492887
35,sensor_14,7,11.589538970589567
35,sensor_14,8,7.739004093566527
35,sensor_14,9,10.951300653595279
35,sensor_14,10,17.15664705882739
35,sensor_15,1,0.00044226543859648574
35,sensor_15,2,0.00012617624183007523
35,sensor_15,3,0.0002474869281045759
35,sensor_15,4,0.0006050712418300561
35,sensor_15,5,0.0005138477124182959
35,sensor_15,6,0.0004375928104575118
35,sensor_15,7,0.00046768617647060715
35,sensor_15,8,0.00035770374269006723
35,sensor_15,9,0.00023954470588234174
35,sensor_15,10,0.00032747320261436143
35,sensor_16,1,0.0
35,sensor_16,2,0.0
35,sensor_16,3,0.0
35,sensor_16,4,0.0
35,sensor_16,5,0.0
35,sensor_16,6,0.0
35,sensor_16,7,0.0
35,sensor_16,8,0.0
35,sensor_16,9,0.0
35,sensor_16,10,0.0
35,sensor_17,1,0.8128654970760276
35,sensor_17,2,0.7712418300653561
35,sensor_17,3,1.3104575163398766
35,sensor_17,4,0.33006535947711635
35,sensor_17,5,0.9705882352941314
35,sensor_17,6,0.8529411764705825
35,sensor_17,7,0.8897058823529408
35,sensor_17,8,0.8187134502923752
35,sensor_17,9,0.9673202614379143
35,sensor_17,10,0.7058823529411465
35,sensor_18,1,0.0
35,sensor_18,2,0.0
35,sensor_18,3,0.0
35,sensor_18,4,0.0
35,sensor_18,5,0.0
35,sensor_18,6,0.0
35,sensor_18,7,0.0
35,sensor_18,8,0.0
35,sensor_18,9,0.0
35,sensor_18,10,0.0
35,sensor_19,1,0.0
35,sensor_19,2,0.0
35,sensor_19,3,0.0
35,sensor_19,4,0.0
35,sensor_19,5,0.0
35,sensor_19,6,0.0
35,sensor_19,7,0.0
35,sensor_19,8,0.0
35,sensor_19,9,0.0
35,sensor_19,10,0.0
35,sensor_20,1,0.008437426900584678
35,sensor_20,2,0.014989869281045506
35,sensor_20,3,0.01529705882352946
35,sensor_20,4,0.01026143790849629
35,sensor_20,5,0.010422222222222315
35,sensor_20,6,0.008473529411764958
35,sensor_20,7,0.00976397058823558
35,sensor_20,8,0.008761988304093504
35,sensor_20,9,0.009896732026144018
35,sensor_20,10,0.008723202614379122
35,sensor_21,1,0.0032294491228069856
35,sensor_21,2,0.0024448602614379248
35,sensor_21,3,0.0018384327124183059
35,sensor_21,4,0.005484800555555555
35,sensor_21,5,0.003644564999999957
35,sensor_21,6,0.0037764400000000653
35,sensor_21,7,0.004403041838235291
35,sensor_21,8,0.003993330058479662
35,sensor_21,9,0.002593917124183029
35,sensor_21,10,0.006392680261437911
36,setting_1,1,4.644291666666666e-06
36,setting_1,2,2.9719999999999997e-06
36,setting_1,3,2.5024999999999998e-06
36,setting_1,4,3.6920952380952375e-06
36,setting_1,5,7.765166666666665e-06
36,setting_1,6,6.452666666666667e-06
36,setting_1,7,6.722666666666668e-06
36,setting_1,8,3.388666666666666e-06
36,setting_1,9,1.2516666666666667e-05
36,setting_1,10,3.277625e-06
36,setting_2,1,7.45e-08
36,setting_2,2,7.450000000000001e-08
36,setting_2,3,6.999999999999999e-08
36,setting_2,4,7.82857142857143e-08
36,setting_2,5,1.0862499999999998e-07
36,setting_2,6,5.1833333333333354e-08
36,setting_2,7,6.923809523809525e-08
36,setting_2,8,7.466666666666667e-08
36,setting_2,9,4.9166666666666664e-08
36,setting_2,10,7.866666666666666e-08
36,setting_3,1,0.0
36,setting_3,2,0.0
36,setting_3,3,0.0
36,setting_3,4,0.0
36,setting_3,5,0.0
36,setting_3,6,0.0
36,setting_3,7,0.0
36,setting_3,8,0.0
36,setting_3,9,0.0
36,setting_3,10,0.0
36,sensor_1,1,0.0
36,sensor_1,2,0.0
36,sensor_1,3,0.0
36,sensor_1,4,0.0
36,sensor_1,5,0.0
36,sensor_1,6,0.0
36,sensor_1,7,0.0
36,sensor_1,8,0.0
36,sensor_1,9,0.0
36,sensor_1,10,0.0
36,sensor_2,1,0.08439333333335594
36,sensor_2,2,0.09818666666665472
36,sensor_2,3,0.0783983333333282
36,sensor_2,4,0.07858857142857796
36,sensor_2,5,0.10149333333333346
36,sensor_2,6,0.1493695833333427
36,sensor_2,7,0.11894000000000192
36,sensor_2,8,0.09677166666667612
36,sensor_2,9,0.1409849999999951
36,sensor_2,10,0.04334624999999321
36,sensor_3,1,9.18437624999995
36,sensor_3,2,12.53710958333412
36,sensor_3,3,6.686371666666713
36,sensor_3,4,13.064231428571413
36,sensor_3,5,17.329253333333146
36,sensor_3,6,17.615358333333056
36,sensor_3,7,15.725840000000092
36,sensor_3,8,23.90619625000022
36,sensor_3,9,18.82318625000043
36,sensor_3,10,10.923291666666637
36,sensor_4,1,8.802746249999814
36,sensor_4,2,9.129029583333493
36,sensor_4,3,22.90909291666715
36,sensor_4,4,17.27427142857153
36,sensor_4,5,33.44006624999995
36,sensor_4,6,11.55850958333318
36,sensor_4,7,9.088598095238142
36,sensor_4,8,14.291478333332616
36,sensor_4,9,17.96676666666678
36,sensor_4,10,17.90601958333376
36,sensor_5,1,0.0
36,sensor_5,2,0.0
36,sensor_5,3,0.0
36,sensor_5,4,0.0
36,sensor_5,5,0.0
36,sensor_5,6,0.0
36,sensor_5,7,0.0
36,sensor_5,8,0.0
36,sensor_5,9,0.0
36,sensor_5,10,0.0
36,sensor_6,1,0.0
36,sensor_6,2,0.0
36,sensor_6,3,0.0
36,sensor_6,4,0.0
36,sensor_6,5,0.0
36,sensor_6,6,0.0
36,sensor_6,7,0.0
36,sensor_6,8,0.0
36,sensor_6,9,0.0
36,sensor_6,10,0.0
36,sensor_7,1,0.09817999999999388
36,sensor_7,2,0.13187833333330998
36,sensor_7,3,0.1653795833333482
36,sensor_7,4,0.09307428571430094
36,sensor_7,5,0.20630958333333943
36,sensor_7,6,0.13994000000000462
36,sensor_7,7,0.19712666666667486
36,sensor_7,8,0.0956066666666719
36,sensor_7,9,0.17373333333334393
36,sensor_7,10,0.11688291666665523
36,sensor_8,1,0.0013195833333254415
36,sensor_8,2,0.0006933333333338886
36,sensor_8,3,0.00044666666666659635
36,sensor_8,4,0.00037809523809370464
36,sensor_8,5,0.0008383333333293898
36,sensor_8,6,0.0004133333333324576
36,sensor_8,7,0.0003857142857126243
36,sensor_8,8,0.0004862500000029868
36,sensor_8,9,0.0005449999999922932
36,sensor_8,10,0.0014529166666774663
36,sensor_9,1,13.81319291666407
36,sensor_9,2,17.780640000000105
36,sensor_9,3,23.447522916669957
36,sensor_9,4,11.850449523803961
36,sensor_9,5,18.198093333328764
36,sensor_9,6,14.392426250003325
36,sensor_9,7,6.778283809523836
36,sensor_9,8,11.915172916666076
36,sensor_9,9,11.784545000000566
36,sensor_9,10,25.143571666665828
36,sensor_10,1,0.0
36,sensor_10,2,0.0
36,sensor_10,3,0.0
36,sensor_10,4,0.0
36,sensor_10,5,0.0
36,sensor_10,6,0.0
36,sensor_10,7,0.0
36,sensor_10,8,0.0
36,sensor_10,9,0.0
36,sensor_10,10,0.0
36,sensor_11,1,0.019686666666666977
36,sensor_11,2,0.009612916666666593
36,sensor_11,3,0.007293333333333338
36,sensor_11,4,0.005197142857143372
36,sensor_11,5,0.010464999999999829
36,sensor_11,6,0.012499583333333394
36,sensor_11,7,0.008655238095238485
36,sensor_11,8,0.010909583333333604
36,sensor_11,9,0.011518333333333353
36,sensor_11,10,0.012679999999999523
36,sensor_12,1,0.04687958333334622
36,sensor_12,2,0.12037958333333781
36,sensor_12,3,0.09085291666666458
36,sensor_12,4,0.09076952380951124
36,sensor_12,5,0.10355958333333702
36,sensor_12,6,0.1043262499999913
36,sensor_12,7,0.14649809523810114
36,sensor_12,8,0.13242625000000616
36,sensor_12,9,0.08978958333335751
36,sensor_12,10,0.12516624999997097
36,sensor_13,1,0.0003029166666658268
36,sensor_13,2,0.001213333333333497
36,sensor_13,3,0.0008516666666539626
36,sensor_13,4,0.00045714285713275
36,sensor_13,5,0.0010666666666726923
36,sensor_13,6,0.0008529166666678182
36,sensor_13,7,0.0006923809523835397
36,sensor_13,8,0.0009983333333321433
36,sensor_13,9,0.0005583333333304505
36,sensor_13,10,0.0009716666666705405
36,sensor_14,1,7.969786666666429
36,sensor_14,2,12.191926249999261
36,sensor_14,3,4.7533183333338975
36,sensor_14,4,18.15026380952528
36,sensor_14,5,9.70010958333266
36,sensor_14,6,12.14178000000062
36,sensor_14,7,12.151795238096494
36,sensor_14,8,10.267625000001809
36,sensor_14,9,9.856612916665917
36,sensor_14,10,15.729316249998709
36,sensor_15,1,0.0004457353333333304
36,sensor_15,2,0.0003250959583333252
36,sensor_15,3,0.0003157091666666582
36,sensor_15,4,0.0003286285714285908
36,sensor_15,5,0.0005274462916666647
36,sensor_15,6,0.0003319211666666748
36,sensor_15,7,0.0004266969523809626
36,sensor_15,8,0.0007315766249999962
36,sensor_15,9,0.0002649586249999927
36,sensor_15,10,0.00034345529166667844
36,sensor_16,1,0.0
36,sensor_16,2,0.0
36,sensor_16,3,0.0
36,sensor_16,4,0.0
36,sensor_16,5,0.0
36,sensor_16,6,0.0
36,sensor_16,7,0.0
36,sensor_16,8,0.0
36,sensor_16,9,0.0
36,sensor_16,10,0.0
36,sensor_17,1,0.729166666666657
36,sensor_17,2,1.5291666666666521
36,sensor_17,3,1.199999999999989
36,sensor_17,4,1.4000000000000088
36,sensor_17,5,0.7833333333333333
36,sensor_17,6,0.7625000000000008
36,sensor_17,7,0.5523809523809672
36,sensor_17,8,1.0291666666666686
36,sensor_17,9,0.8958333333333207
36,sensor_17,10,0.8666666666666756
36,sensor_18,1,0.0
36,sensor_18,2,0.0
36,sensor_18,3,0.0
36,sensor_18,4,0.0
36,sensor_18,5,0.0
36,sensor_18,6,0.0
36,sensor_18,7,0.0
36,sensor_18,8,0.0
36,sensor_18,9,0.0
36,sensor_18,10,0.0
36,sensor_19,1,0.0
36,sensor_19,2,0.0
36,sensor_19,3,0.0
36,sensor_19,4,0.0
36,sensor_19,5,0.0
36,sensor_19,6,0.0
36,sensor_19,7,0.0
36,sensor_19,8,0.0
36,sensor_19,9,0.0
36,sensor_19,10,0.0
36,sensor_20,1,0.01015833333333314
36,sensor_20,2,0.01402000000000005
36,sensor_20,3,0.007979583333333696
36,sensor_20,4,0.006285714285714489
36,sensor_20,5,0.02087958333333389
36,sensor_20,6,0.007998333333333338
36,sensor_20,7,0.013535238095238265
36,sensor_20,8,0.0105229166666667
36,sensor_20,9,0.010189583333333226
36,sensor_20,10,0.011624999999999665
36,sensor_21,1,0.0031727799999999753
36,sensor_21,2,0.004496747291666676
36,sensor_21,3,0.0016450599999999482
36,sensor_21,4,0.00329373409523807
36,sensor_21,5,0.004907229333333243
36,sensor_21,6,0.0035445878333332887
36,sensor_21,7,0.0029706783809523634
36,sensor_21,8,0.0024115849583333793
36,sensor_21,9,0.0032184479583333
36,sensor_21,10,0.004269272291666851
37,setting_1,1,8.620294117647059e-06
37,setting_1,2,6.484044117647059e-06
37,setting_1,3,4.0125e-06
37,setting_1,4,6.6486764705882355e-06
37,setting_1,5,4.775955882352942e-06
37,setting_1,6,3.938455882352941e-06
37,setting_1,7,6.036323529411765e-06
37,setting_1,8,5.163676470588236e-06
37,setting_1,9,5.534044117647059e-06
37,setting_1,10,4.225073529411764e-06
37,setting_2,1,9.066176470588236e-08
37,setting_2,2,7e-08
37,setting_2,3,8.183823529411763e-08
37,setting_2,4,7.308823529411765e-08
37,setting_2,5,1.2058823529411769e-07
37,setting_2,6,1.0985294117647063e-07
37,setting_2,7,8.404411764705881e-08
37,setting_2,8,1.1470588235294118e-07
37,setting_2,9,8.514705882352944e-08
37,setting_2,10,5.308823529411764e-08
37,setting_3,1,0.0
37,setting_3,2,0.0
37,setting_3,3,0.0
37,setting_3,4,0.0
37,setting_3,5,0.0
37,setting_3,6,0.0
37,setting_3,7,0.0
37,setting_3,8,0.0
37,setting_3,9,0.0
37,setting_3,10,0.0
37,sensor_1,1,0.0
37,sensor_1,2,0.0
37,sensor_1,3,0.0
37,sensor_1,4,0.0
37,sensor_1,5,0.0
37,sensor_1,6,0.0
37,sensor_1,7,0.0
37,sensor_1,8,0.0
37,sensor_1,9,0.0
37,sensor_1,10,0.0
37,sensor_2,1,0.19039852941176946
37,sensor_2,2,0.06373161764705232
37,sensor_2,3,0.06666838235295042
37,sensor_2,4,0.06683749999999433
37,sensor_2,5,0.052919117647057264
37,sensor_2,6,0.10314705882353314
37,sensor_2,7,0.09626176470585908
37,sensor_2,8,0.09013823529411384
37,sensor_2,9,0.04609411764705668
37,sensor_2,10,0.05981838235293963
37,sensor_3,1,14.014106617646927
37,sensor_3,2,15.963936029411927
37,sensor_3,3,11.888336764705949
37,sensor_3,4,25.80824338235284
37,sensor_3,5,14.651727941176409
37,sensor_3,6,16.775011029412
37,sensor_3,7,13.241062499999993
37,sensor_3,8,21.201975735294695
37,sensor_3,9,13.130222058823476
37,sensor_3,10,18.084102941176454
37,sensor_4,1,16.739600000000223
37,sensor_4,2,16.85462573529421
37,sensor_4,3,14.186240441176395
37,sensor_4,4,28.51959926470548
37,sensor_4,5,6.334947058823646
37,sensor_4,6,13.784144117647067
37,sensor_4,7,21.102797058823544
37,sensor_4,8,7.128397058823415
37,sensor_4,9,21.172663235293758
37,sensor_4,10,15.396640441175753
37,sensor_5,1,0.0
37,sensor_5,2,0.0
37,sensor_5,3,0.0
37,sensor_5,4,0.0
37,sensor_5,5,0.0
37,sensor_5,6,0.0
37,sensor_5,7,0.0
37,sensor_5,8,0.0
37,sensor_5,9,0.0
37,sensor_5,10,0.0
37,sensor_6,1,0.0
37,sensor_6,2,0.0
37,sensor_6,3,0.0
37,sensor_6,4,0.0
37,sensor_6,5,0.0
37,sensor_6,6,0.0
37,sensor_6,7,0.0
37,sensor_6,8,0.0
37,sensor_6,9,0.0
37,sensor_6,10,0.0
37,sensor_7,1,0.11426323529415365
37,sensor_7,2,0.1578433823529388
37,sensor_7,3,0.12455588235294207
37,sensor_7,4,0.19049338235294505
37,sensor_7,5,0.12274926470588139
37,sensor_7,6,0.14863161764706698
37,sensor_7,7,0.23947352941175654
37,sensor_7,8,0.14333749999999507
37,sensor_7,9,0.16111250000001143
37,sensor_7,10,0.2326816176470815
37,sensor_8,1,0.0009654411764650956
37,sensor_8,2,0.0009992647058781837
37,sensor_8,3,0.000687499999993503
37,sensor_8,4,0.0011742647058737442
37,sensor_8,5,0.0005617647058778873
37,sensor_8,6,0.0013139705882347738
37,sensor_8,7,0.0009389705882335055
37,sensor_8,8,0.0008235294117611443
37,sensor_8,9,0.0009933823529495712
37,sensor_8,10,0.0016889705882425852
37,sensor_9,1,18.357977941178632
37,sensor_9,2,23.587863235295018
37,sensor_9,3,20.639049999998498
37,sensor_9,4,26.590718382351177
37,sensor_9,5,24.143859558821077
37,sensor_9,6,23.195194117649955
37,sensor_9,7,17.418450735298627
37,sensor_9,8,9.984225000004008
37,sensor_9,9,23.61913088235508
37,sensor_9,10,33.07652647058566
37,sensor_10,1,0.0
37,sensor_10,2,0.0
37,sensor_10,3,0.0
37,sensor_10,4,0.0
37,sensor_10,5,0.0
37,sensor_10,6,0.0
37,sensor_10,7,0.0
37,sensor_10,8,0.0
37,sensor_10,9,0.0
37,sensor_10,10,0.0
37,sensor_11,1,0.00515147058823522
37,sensor_11,2,0.007326470588235209
37,sensor_11,3,0.009376470588235337
37,sensor_11,4,0.007152941176470695
37,sensor_11,5,0.01496323529411792
37,sensor_11,6,0.01032352941176437
37,sensor_11,7,0.0104124999999999
37,sensor_11,8,0.013188970588235302
37,sensor_11,9,0.029590441176470222
37,sensor_11,10,0.01479705882352918
37,sensor_12,1,0.06527647058823904
37,sensor_12,2,0.06107647058822423
37,sensor_12,3,0.09556176470589041
37,sensor_12,4,0.08020147058823923
37,sensor_12,5,0.0558735294117679
37,sensor_12,6,0.11353897058824869
37,sensor_12,7,0.1815654411764354
37,sensor_12,8,0.061890441176464306
37,sensor_12,9,0.08269705882352933
37,sensor_12,10,0.15794705882353788
37,sensor_13,1,0.0007058823529312846
37,sensor_13,2,0.0011154411764734682
37,sensor_13,3,0.0010742647058763718
37,sensor_13,4,0.0006014705882322499
37,sensor_13,5,0.0008014705882309121
37,sensor_13,6,0.0011514705882302917
37,sensor_13,7,0.0013514705882188606
37,sensor_13,8,0.0009610294117568002
37,sensor_13,9,0.0009345588235276466
37,sensor_13,10,0.0026058823529388005
37,sensor_14,1,10.933372058823435
37,sensor_14,2,12.942463970588939
37,sensor_14,3,5.1114625000002745
37,sensor_14,4,10.372311029412318
37,sensor_14,5,5.1369632352933206
37,sensor_14,6,7.665825735295181
37,sensor_14,7,12.31175588235282
37,sensor_14,8,7.7345485294122325
37,sensor_14,9,6.6254860294118085
37,sensor_14,10,11.454969117646472
37,sensor_15,1,0.00031477529411765297
37,sensor_15,2,0.00016226279411764587
37,sensor_15,3,0.0003662352941176434
37,sensor_15,4,0.0003384969117647172
37,sensor_15,5,0.0003658102941176648
37,sensor_15,6,0.0004717559558823412
37,sensor_15,7,0.00042638191176472317
37,sensor_15,8,0.000512788897058827
37,sensor_15,9,0.0006484924264706286
37,sensor_15,10,0.0005809352941176264
37,sensor_16,1,0.0
37,sensor_16,2,0.0
37,sensor_16,3,0.0
37,sensor_16,4,0.0
37,sensor_16,5,0.0
37,sensor_16,6,0.0
37,sensor_16,7,0.0
37,sensor_16,8,0.0
37,sensor_16,9,0.0
37,sensor_16,10,0.0
37,sensor_17,1,1.0588235294117496
37,sensor_17,2,0.6176470588235303
37,sensor_17,3,0.47058823529411514
37,sensor_17,4,0.48529411764705677
37,sensor_17,5,1.0147058823529478
37,sensor_17,6,1.058823529411764
37,sensor_17,7,0.9705882352941518
37,sensor_17,8,0.845588235294111
37,sensor_17,9,0.882352941176479
37,sensor_17,10,1.139705882352954
37,sensor_18,1,0.0
37,sensor_18,2,0.0
37,sensor_18,3,0.0
37,sensor_18,4,0.0
37,sensor_18,5,0.0
37,sensor_18,6,0.0
37,sensor_18,7,0.0
37,sensor_18,8,0.0
37,sensor_18,9,0.0
37,sensor_18,10,0.0
37,sensor_19,1,0.0
37,sensor_19,2,0.0
37,sensor_19,3,0.0
37,sensor_19,4,0.0
37,sensor_19,5,0.0
37,sensor_19,6,0.0
37,sensor_19,7,0.0
37,sensor_19,8,0.0
37,sensor_19,9,0.0
37,sensor_19,10,0.0
37,sensor_20,1,0.01265147058823551
37,sensor_20,2,0.005281617647058502
37,sensor_20,3,0.011886029411764863
37,sensor_20,4,0.014797058823529807
37,sensor_20,5,0.012284558823529378
37,sensor_20,6,0.00982647058823554
37,sensor_20,7,0.007105882352941172
37,sensor_20,8,0.0173132352941174
37,sensor_20,9,0.011356617647058653
37,sensor_20,10,0.009838970588235222
37,sensor_21,1,0.004278471544117641
37,sensor_21,2,0.0024682161764706338
37,sensor_21,3,0.0035838859558823544
37,sensor_21,4,0.002979676544117639
37,sensor_21,5,0.003494952352941213
37,sensor_21,6,0.004440490588235254
37,sensor_21,7,0.0032896576470587747
37,sensor_21,8,0.0022818988970588726
37,sensor_21,9,0.005584402500000034
37,sensor_21,10,0.003366226397058782
38,setting_1,1,4.823657894736842e-06
38,setting_1,2,1.7256140350877196e-06
38,setting_1,3,5.542105263157896e-06
38,setting_1,4,3.918315789473685e-06
38,setting_1,5,5.198304093567252e-06
38,setting_1,6,8.279883040935673e-06
38,setting_1,7,2.640921052631579e-06
38,setting_1,8,5.289122807017545e-06
38,setting_1,9,4.529181286549707e-06
38,setting_1,10,3.8405263157894734e-06
38,setting_2,1,6.681578947368421e-08
38,setting_2,2,6.09356725146199e-08
38,setting_2,3,1.0450292397660817e-07
38,setting_2,4,6.799999999999999e-08
38,setting_2,5,3.988304093567251e-08
38,setting_2,6,8.11111111111111e-08
38,setting_2,7,8.660526315789474e-08
38,setting_2,8,1.0596491228070178e-07
38,setting_2,9,6.152046783625732e-08
38,setting_2,10,8.094736842105264e-08
38,setting_3,1,0.0
38,setting_3,2,0.0
38,setting_3,3,0.0
38,setting_3,4,0.0
38,setting_3,5,0.0
38,setting_3,6,0.0
38,setting_3,7,0.0
38,setting_3,8,0.0
38,setting_3,9,0.0
38,setting_3,10,0.0
38,sensor_1,1,0.0
38,sensor_1,2,0.0
38,sensor_1,3,0.0
38,sensor_1,4,0.0
38,sensor_1,5,0.0
38,sensor_1,6,0.0
38,sensor_1,7,0.0
38,sensor_1,8,0.0
38,sensor_1,9,0.0
38,sensor_1,10,0.0
38,sensor_2,1,0.13852921052630776
38,sensor_2,2,0.11758421052633161
38,sensor_2,3,0.10400058479533522
38,sensor_2,4,0.09624710526316266
38,sensor_2,5,0.13439181286548038
38,sensor_2,6,0.09975906432748802
38,sensor_2,7,0.12170105263158604
38,sensor_2,8,0.13983157894737205
38,sensor_2,9,0.06716959064327872
38,sensor_2,10,0.09620947368423101
38,sensor_3,1,11.509741842105266
38,sensor_3,2,16.959558479532163
38,sensor_3,3,22.328887719298002
38,sensor_3,4,18.957721052631506
38,sensor_3,5,10.424831578947364
38,sensor_3,6,17.017098830409093
38,sensor_3,7,18.051737894736814
38,sensor_3,8,27.752037426900344
38,sensor_3,9,29.482221052631594
38,sensor_3,10,23.89203052631544
38,sensor_4,1,15.919457631579414
38,sensor_4,2,30.869747953216105
38,sensor_4,3,12.789070175438432
38,sensor_4,4,12.65386210526303
38,sensor_4,5,13.362302339181358
38,sensor_4,6,25.328784210526447
38,sensor_4,7,19.434500000000043
38,sensor_4,8,19.583226315789055
38,sensor_4,9,20.879976608187185
38,sensor_4,10,22.9503273684212
38,sensor_5,1,0.0
38,sensor_5,2,0.0
38,sensor_5,3,0.0
38,sensor_5,4,0.0
38,sensor_5,5,0.0
38,sensor_5,6,0.0
38,sensor_5,7,0.0
38,sensor_5,8,0.0
38,sensor_5,9,0.0
38,sensor_5,10,0.0
38,sensor_6,1,0.0
38,sensor_6,2,0.0
38,sensor_6,3,0.0
38,sensor_6,4,0.0
38,sensor_6,5,0.0
38,sensor_6,6,0.0
38,sensor_6,7,0.0
38,sensor_6,8,0.0
38,sensor_6,9,0.0
38,sensor_6,10,0.0
38,sensor_7,1,0.24674605263158378
38,sensor_7,2,0.1438005847953247
38,sensor_7,3,0.14175614035087014
38,sensor_7,4,0.14305552631579777
38,sensor_7,5,0.1566596491227878
38,sensor_7,6,0.18780994152047734
38,sensor_7,7,0.0883431578947438
38,sensor_7,8,0.16738304093572642
38,sensor_7,9,0.17626081871344873
38,sensor_7,10,0.23134315789476906
38,sensor_8,1,0.0015628947368530517
38,sensor_8,2,0.0012730994152120988
38,sensor_8,3,0.0010146198830428864
38,sensor_8,4,0.0009418421052611037
38,sensor_8,5,0.000626315789468471
38,sensor_8,6,0.0017719298245583164
38,sensor_8,7,0.0008431578947400528
38,sensor_8,8,0.0009777777777805472
38,sensor_8,9,0.0010467836257271573
38,sensor_8,10,0.0018221052631639124
38,sensor_9,1,27.17464842105186
38,sensor_9,2,19.01164736841994
38,sensor_9,3,10.104370175440197
38,sensor_9,4,18.66985763157966
38,sensor_9,5,20.121459064326622
38,sensor_9,6,32.43373333333588
38,sensor_9,7,21.656213421056165
38,sensor_9,8,39.42470935671575
38,sensor_9,9,61.5479245614144
38,sensor_9,10,199.86682605263445
38,sensor_10,1,0.0
38,sensor_10,2,0.0
38,sensor_10,3,0.0
38,sensor_10,4,0.0
38,sensor_10,5,0.0
38,sensor_10,6,0.0
38,sensor_10,7,0.0
38,sensor_10,8,0.0
38,sensor_10,9,0.0
38,sensor_10,10,0.0
38,sensor_11,1,0.011223947368420981
38,sensor_11,2,0.006187719298245584
38,sensor_11,3,0.0052695906432751564
38,sensor_11,4,0.006257631578947457
38,sensor_11,5,0.005159064327485464
38,sensor_11,6,0.00833391812865484
38,sensor_11,7,0.007585263157894689
38,sensor_11,8,0.009859064327485166
38,sensor_11,9,0.013816374269004743
38,sensor_11,10,0.026651578947368932
38,sensor_12,1,0.07400289473685302
38,sensor_12,2,0.12233742690059543
38,sensor_12,3,0.06761169590644206
38,sensor_12,4,0.10129973684210168
38,sensor_12,5,0.06461637426900319
38,sensor_12,6,0.09990643274853994
38,sensor_12,7,0.11660499999999337
38,sensor_12,8,0.10029181286549849
38,sensor_12,9,0.1015356725146057
38,sensor_12,10,0.266027368421106
38,sensor_13,1,0.0008957894736851747
38,sensor_13,2,0.0005116959064335975
38,sensor_13,3,0.0018695906432729685
38,sensor_13,4,0.0007726315789509528
38,sensor_13,5,0.0010830409356659889
38,sensor_13,6,0.0007807017543854663
38,sensor_13,7,0.0007671052631525928
38,sensor_13,8,0.0010356725146135738
38,sensor_13,9,0.0008918128654983823
38,sensor_13,10,0.0007305263157909382
38,sensor_14,1,12.391032631578867
38,sensor_14,2,8.457071929825197
38,sensor_14,3,9.439056140350322
38,sensor_14,4,10.742887105262515
38,sensor_14,5,17.42581111111117
38,sensor_14,6,16.71122046783296
38,sensor_14,7,13.186209473683215
38,sensor_14,8,24.369959064328615
38,sensor_14,9,52.14768771929636
38,sensor_14,10,181.730971315772
38,sensor_15,1,0.0005581337894737005
38,sensor_15,2,0.00033109315789473805
38,sensor_15,3,0.00042440596491226845
38,sensor_15,4,0.00032043410526316714
38,sensor_15,5,0.00037206467836257577
38,sensor_15,6,0.0006035148538011654
38,sensor_15,7,0.0007824530526315926
38,sensor_15,8,0.0006597376023391807
38,sensor_15,9,0.0003393314035087754
38,sensor_15,10,0.0006382297631578732
38,sensor_16,1,0.0
38,sensor_16,2,0.0
38,sensor_16,3,0.0
38,sensor_16,4,0.0
38,sensor_16,5,0.0
38,sensor_16,6,0.0
38,sensor_16,7,0.0
38,sensor_16,8,0.0
38,sensor_16,9,0.0
38,sensor_16,10,0.0
38,sensor_17,1,0.5763157894736821
38,sensor_17,2,0.8771929824561234
38,sensor_17,3,0.7192982456140405
38,sensor_17,4,0.7368421052631564
38,sensor_17,5,0.8011695906432822
38,sensor_17,6,0.5964912280701962
38,sensor_17,7,0.5763157894736745
38,sensor_17,8,0.8128654970760101
38,sensor_17,9,0.9415204678362689
38,sensor_17,10,1.0421052631578966
38,sensor_18,1,0.0
38,sensor_18,2,0.0
38,sensor_18,3,0.0
38,sensor_18,4,0.0
38,sensor_18,5,0.0
38,sensor_18,6,0.0
38,sensor_18,7,0.0
38,sensor_18,8,0.0
38,sensor_18,9,0.0
38,sensor_18,10,0.0
38,sensor_19,1,0.0
38,sensor_19,2,0.0
38,sensor_19,3,0.0
38,sensor_19,4,0.0
38,sensor_19,5,0.0
38,sensor_19,6,0.0
38,sensor_19,7,0.0
38,sensor_19,8,0.0
38,sensor_19,9,0.0
38,sensor_19,10,0.0
38,sensor_20,1,0.011852631578947491
38,sensor_20,2,0.005198830409356772
38,sensor_20,3,0.011660818713450129
38,sensor_20,4,0.014430263157894654
38,sensor_20,5,0.008791812865497134
38,sensor_20,6,0.013989473684210392
38,sensor_20,7,0.012962894736842215
38,sensor_20,8,0.009080701754385863
38,sensor_20,9,0.007969590643274741
38,sensor_20,10,0.012887105263157835
38,sensor_21,1,0.003759703026315775
38,sensor_21,2,0.0029115649707601747
38,sensor_21,3,0.0034069361988304414
38,sensor_21,4,0.0051474013421052844
38,sensor_21,5,0.004082380526315864
38,sensor_21,6,0.0045599881286551005
38,sensor_21,7,0.004139911473684213
38,sensor_21,8,0.0029545936257309576
38,sensor_21,9,0.004774435847953079
38,sensor_21,10,0.0035893763157891926
39,setting_1,1,8.415769230769232e-06
39,setting_1,2,8.163333333333332e-06
39,setting_1,3,1.2510256410256413e-06
39,setting_1,4,4.4069696969696965e-06
39,setting_1,5,2.080897435897436e-06
39,setting_1,6,3.0142307692307695e-06
39,setting_1,7,6.7960606060606065e-06
39,setting_1,8,5.782692307692308e-06
39,setting_1,9,6.049358974358975e-06
39,setting_1,10,9.217307692307692e-06
39,setting_2,1,7.730769230769232e-08
39,setting_2,2,6.935897435897435e-08
39,setting_2,3,6.564102564102564e-08
39,setting_2,4,1.0969696969696972e-07
39,setting_2,5,1.0525641025641023e-07
39,setting_2,6,1.1474358974358973e-07
39,setting_2,7,8.265151515151514e-08
39,setting_2,8,7.73076923076923e-08
39,setting_2,9,7.089743589743589e-08
39,setting_2,10,8.999999999999999e-08
39,setting_3,1,0.0
39,setting_3,2,0.0
39,setting_3,3,0.0
39,setting_3,4,0.0
39,setting_3,5,0.0
39,setting_3,6,0.0
39,setting_3,7,0.0
39,setting_3,8,0.0
39,setting_3,9,0.0
39,setting_3,10,0.0
39,sensor_1,1,0.0
39,sensor_1,2,0.0
39,sensor_1,3,0.0
39,sensor_1,4,0.0
39,sensor_1,5,0.0
39,sensor_1,6,0.0
39,sensor_1,7,0.0
39,sensor_1,8,0.0
39,sensor_1,9,0.0
39,sensor_1,10,0.0
39,sensor_2,1,0.10840641025641656
39,sensor_2,2,0.14139102564101913
39,sensor_2,3,0.0450474358974381
39,sensor_2,4,0.10946287878788573
39,sensor_2,5,0.11559358974357187
39,sensor_2,6,0.11073076923077309
39,sensor_2,7,0.07155378787878088
39,sensor_2,8,0.09627435897435034
39,sensor_2,9,0.1217243589743519
39,sensor_2,10,0.09432564102565995
39,sensor_3,1,12.23852307692279
39,sensor_3,2,15.412189743590204
39,sensor_3,3,14.655130769230782
39,sensor_3,4,16.343426515151503
39,sensor_3,5,25.043697435897958
39,sensor_3,6,22.731239743589597
39,sensor_3,7,6.1831060606061135
39,sensor_3,8,27.983819230769186
39,sensor_3,9,34.21764358974333
39,sensor_3,10,12.49840769230745
39,sensor_4,1,13.406975641025603
39,sensor_4,2,18.456430769230426
39,sensor_4,3,15.580493589744
39,sensor_4,4,12.206881060606138
39,sensor_4,5,11.058200000000243
39,sensor_4,6,12.164224358974336
39,sensor_4,7,15.310069696969567
39,sensor_4,8,23.75531025640984
39,sensor_4,9,28.390143589743673
39,sensor_4,10,16.643893589743293
39,sensor_5,1,0.0
39,sensor_5,2,0.0
39,sensor_5,3,0.0
39,sensor_5,4,0.0
39,sensor_5,5,0.0
39,sensor_5,6,0.0
39,sensor_5,7,0.0
39,sensor_5,8,0.0
39,sensor_5,9,0.0
39,sensor_5,10,0.0
39,sensor_6,1,0.0
39,sensor_6,2,0.0
39,sensor_6,3,0.0
39,sensor_6,4,0.0
39,sensor_6,5,0.0
39,sensor_6,6,0.0
39,sensor_6,7,0.0
39,sensor_6,8,0.0
39,sensor_6,9,0.0
39,sensor_6,10,0.0
39,sensor_7,1,0.12937564102561006
39,sensor_7,2,0.04526410256410821
39,sensor_7,3,0.1352974358974332
39,sensor_7,4,0.17702424242423986
39,sensor_7,5,0.229860256410256
39,sensor_7,6,0.32056025641025304
39,sensor_7,7,0.20827499999997573
39,sensor_7,8,0.12151923076921652
39,sensor_7,9,0.2166064102563979
39,sensor_7,10,0.466630769230763
39,sensor_8,1,0.00040256410256273603
39,sensor_8,2,0.0010897435897370773
39,sensor_8,3,0.0006358974358999679
39,sensor_8,4,0.0006446969696976009
39,sensor_8,5,0.0011576923076916067
39,sensor_8,6,0.0012076923076879955
39,sensor_8,7,0.0009515151515112147
39,sensor_8,8,0.00045256410256276874
39,sensor_8,9,0.0014910256410324127
39,sensor_8,10,0.0018076923077083903
39,sensor_9,1,22.488589743593938
39,sensor_9,2,25.398693589742933
39,sensor_9,3,17.261325641024236
39,sensor_9,4,15.11780833333364
39,sensor_9,5,17.151692307692457
39,sensor_9,6,15.033607692306711
39,sensor_9,7,21.4729151515096
39,sensor_9,8,22.1904256410253
39,sensor_9,9,26.468885897436536
39,sensor_9,10,24.40430897435863
39,sensor_10,1,0.0
39,sensor_10,2,0.0
39,sensor_10,3,0.0
39,sensor_10,4,0.0
39,sensor_10,5,0.0
39,sensor_10,6,0.0
39,sensor_10,7,0.0
39,sensor_10,8,0.0
39,sensor_10,9,0.0
39,sensor_10,10,0.0
39,sensor_11,1,0.011541025641025696
39,sensor_11,2,0.006102564102564442
39,sensor_11,3,0.011366666666667205
39,sensor_11,4,0.009911363636363902
39,sensor_11,5,0.006573076923077102
39,sensor_11,6,0.007952564102564036
39,sensor_11,7,0.006651515151515467
39,sensor_11,8,0.01888076923076941
39,sensor_11,9,0.010757692307692615
39,sensor_11,10,0.014585897435897636
39,sensor_12,1,0.06931410256407194
39,sensor_12,2,0.0993089743589628
39,sensor_12,3,0.11001410256411444
39,sensor_12,4,0.028317424242422895
39,sensor_12,5,0.08290897435898238
39,sensor_12,6,0.11418076923077734
39,sensor_12,7,0.0578424242424244
39,sensor_12,8,0.04865769230769441
39,sensor_12,9,0.1846474358974327
39,sensor_12,10,0.12937692307691742
39,sensor_13,1,0.0005743589743501431
39,sensor_13,2,0.0004641025641026681
39,sensor_13,3,0.0011525641025606661
39,sensor_13,4,0.0007818181818184871
39,sensor_13,5,0.0012910256410260826
39,sensor_13,6,0.0005910256410243327
39,sensor_13,7,0.0006265151515114312
39,sensor_13,8,0.000623076923075784
39,sensor_13,9,0.0012910256410326516
39,sensor_13,10,0.0014307692307730425
39,sensor_14,1,11.64232435897601
39,sensor_14,2,13.24448076922944
39,sensor_14,3,16.76025641025652
39,sensor_14,4,4.742378787878653
39,sensor_14,5,8.420293589742672
39,sensor_14,6,7.41057435897532
39,sensor_14,7,11.541990151516842
39,sensor_14,8,8.953057692306816
39,sensor_14,9,13.240989743589068
39,sensor_14,10,10.927606410254796
39,sensor_15,1,0.0005243125641025472
39,sensor_15,2,0.0004565752564102644
39,sensor_15,3,0.000564115641025634
39,sensor_15,4,0.00029415060606060754
39,sensor_15,5,0.0003451116666666571
39,sensor_15,6,0.0002578014102564138
39,sensor_15,7,0.00024807000000000914
39,sensor_15,8,0.00019751807692306597
39,sensor_15,9,0.0004984914102564028
39,sensor_15,10,0.0002502402564102529
39,sensor_16,1,0.0
39,sensor_16,2,0.0
39,sensor_16,3,0.0
39,sensor_16,4,0.0
39,sensor_16,5,0.0
39,sensor_16,6,0.0
39,sensor_16,7,0.0
39,sensor_16,8,0.0
39,sensor_16,9,0.0
39,sensor_16,10,0.0
39,sensor_17,1,1.397435897435905
39,sensor_17,2,0.8974358974359099
39,sensor_17,3,1.2435897435897398
39,sensor_17,4,0.4469696969696969
39,sensor_17,5,0.6025641025641048
39,sensor_17,6,0.8589743589743625
39,sensor_17,7,0.9696969696969634
39,sensor_17,8,0.9230769230769164
39,sensor_17,9,0.8974358974359052
39,sensor_17,10,1.1025641025641097
39,sensor_18,1,0.0
39,sensor_18,2,0.0
39,sensor_18,3,0.0
39,sensor_18,4,0.0
39,sensor_18,5,0.0
39,sensor_18,6,0.0
39,sensor_18,7,0.0
39,sensor_18,8,0.0
39,sensor_18,9,0.0
39,sensor_18,10,0.0
39,sensor_19,1,0.0
39,sensor_19,2,0.0
39,sensor_19,3,0.0
39,sensor_19,4,0.0
39,sensor_19,5,0.0
39,sensor_19,6,0.0
39,sensor_19,7,0.0
39,sensor_19,8,0.0
39,sensor_19,9,0.0
39,sensor_19,10,0.0
39,sensor_20,1,0.007226923076923057
39,sensor_20,2,0.009219230769230825
39,sensor_20,3,0.009133333333333545
39,sensor_20,4,0.011917424242423987
39,sensor_20,5,0.007323076923077119
39,sensor_20,6,0.01338589743589768
39,sensor_20,7,0.01691742424242409
39,sensor_20,8,0.006474358974359023
39,sensor_20,9,0.012206410256410139
39,sensor_20,10,0.007907692307692017
39,sensor_21,1,0.00575665923076929
39,sensor_21,2,0.003786741923076936
39,sensor_21,3,0.0015455250000000265
39,sensor_21,4,0.005313708181818189
39,sensor_21,5,0.0023097923076921914
39,sensor_21,6,0.0021577173076923113
39,sensor_21,7,0.002152326363636384
39,sensor_21,8,0.00503933410256401
39,sensor_21,9,0.004090864230769158
39,sensor_21,10,0.003108174102564198
40,setting_1,1,4.019883040935672e-06
40,setting_1,2,3.976198830409357e-06
40,setting_1,3,2.654795321637427e-06
40,setting_1,4,3.7429084967320255e-06
40,setting_1,5,1.0871754385964914e-05
40,setting_1,6,5.129122807017544e-06
40,setting_1,7,2.9276143790849675e-06
40,setting_1,8,3.4146783625730993e-06
40,setting_1,9,4.3176023391812855e-06
40,setting_1,10,5.08485380116959e-06
40,setting_2,1,7.450292397660818e-08
40,setting_2,2,8.543859649122805e-08
40,setting_2,3,8.374269005847954e-08
40,setting_2,4,8.496732026143792e-08
40,setting_2,5,6.04093567251462e-08
40,setting_2,6,6.356725146198831e-08
40,setting_2,7,6.823529411764705e-08
40,setting_2,8,3.649122807017543e-08
40,setting_2,9,8.590643274853802e-08
40,setting_2,10,1.1432748538011697e-07
40,setting_3,1,0.0
40,setting_3,2,0.0
40,setting_3,3,0.0
40,setting_3,4,0.0
40,setting_3,5,0.0
40,setting_3,6,0.0
40,setting_3,7,0.0
40,setting_3,8,0.0
40,setting_3,9,0.0
40,setting_3,10,0.0
40,sensor_1,1,0.0
40,sensor_1,2,0.0
40,sensor_1,3,0.0
40,sensor_1,4,0.0
40,sensor_1,5,0.0
40,sensor_1,6,0.0
40,sensor_1,7,0.0
40,sensor_1,8,0.0
40,sensor_1,9,0.0
40,sensor_1,10,0.0
40,sensor_2,1,0.08483684210526922
40,sensor_2,2,0.09180409356725
40,sensor_2,3,0.0770222222222192
40,sensor_2,4,0.10078823529410658
40,sensor_2,5,0.11975964912283316
40,sensor_2,6,0.11784736842103734
40,sensor_2,7,0.12340163398692361
40,sensor_2,8,0.11998947368422375
40,sensor_2,9,0.07813859649121262
40,sensor_2,10,0.0816578947368443
40,sensor_3,1,12.530513450292478
40,sensor_3,2,11.562881871344759
40,sensor_3,3,12.42942514619903
40,sensor_3,4,17.365339869280863
40,sensor_3,5,6.641702339181349
40,sensor_3,6,14.395547953216656
40,sensor_3,7,12.48882647058831
40,sensor_3,8,10.395969005848185
40,sensor_3,9,14.950337426900653
40,sensor_3,10,23.141376608188317
40,sensor_4,1,20.39598070175457
40,sensor_4,2,15.070589473684059
40,sensor_4,3,15.98105614035064
40,sensor_4,4,11.523069281046148
40,sensor_4,5,13.277635672514627
40,sensor_4,6,15.30359239766063
40,sensor_4,7,16.47115065359406
40,sensor_4,8,12.277233918128575
40,sensor_4,9,13.814202923975335
40,sensor_4,10,20.238377777777956
40,sensor_5,1,0.0
40,sensor_5,2,0.0
40,sensor_5,3,0.0
40,sensor_5,4,0.0
40,sensor_5,5,0.0
40,sensor_5,6,0.0
40,sensor_5,7,0.0
40,sensor_5,8,0.0
40,sensor_5,9,0.0
40,sensor_5,10,0.0
40,sensor_6,1,0.0
40,sensor_6,2,0.0
40,sensor_6,3,0.0
40,sensor_6,4,0.0
40,sensor_6,5,0.0
40,sensor_6,6,0.0
40,sensor_6,7,0.0
40,sensor_6,8,0.0
40,sensor_6,9,0.0
40,sensor_6,10,0.0
40,sensor_7,1,0.2700842105263047
40,sensor_7,2,0.2233385964912308
40,sensor_7,3,0.055005263157892476
40,sensor_7,4,0.17177418300651545
40,sensor_7,5,0.20424853801166754
40,sensor_7,6,0.23670526315790827
40,sensor_7,7,0.20777941176468268
40,sensor_7,8,0.19497309941519486
40,sensor_7,9,0.17829122807016087
40,sensor_7,10,0.2654426900585372
40,sensor_8,1,0.0011140350877155312
40,sensor_8,2,0.0012251461988318304
40,sensor_8,3,0.0005812865497029086
40,sensor_8,4,0.001087908496735978
40,sensor_8,5,0.0009263157894708603
40,sensor_8,6,0.0010099415204711448
40,sensor_8,7,0.0010183006535929267
40,sensor_8,8,0.0014701754385764813
40,sensor_8,9,0.0011538011695809522
40,sensor_8,10,0.0009385964912278155
40,sensor_9,1,21.546925730989898
40,sensor_9,2,19.25524502924262
40,sensor_9,3,20.41182865496989
40,sensor_9,4,5.7291986928103995
40,sensor_9,5,7.589770175437792
40,sensor_9,6,13.34961403508897
40,sensor_9,7,12.018813398695482
40,sensor_9,8,29.02364678363017
40,sensor_9,9,56.726347953205355
40,sensor_9,10,111.72130292398694
40,sensor_10,1,0.0
40,sensor_10,2,0.0
40,sensor_10,3,0.0
40,sensor_10,4,0.0
40,sensor_10,5,0.0
40,sensor_10,6,0.0
40,sensor_10,7,0.0
40,sensor_10,8,0.0
40,sensor_10,9,0.0
40,sensor_10,10,0.0
40,sensor_11,1,0.010314035087718883
40,sensor_11,2,0.009191812865497239
40,sensor_11,3,0.00632105263157859
40,sensor_11,4,0.006013398692810361
40,sensor_11,5,0.00711345029239735
40,sensor_11,6,0.0070877192982455855
40,sensor_11,7,0.01283300653594805
40,sensor_11,8,0.010302339181286709
40,sensor_11,9,0.012860818713450437
40,sensor_11,10,0.010725146198829751
40,sensor_12,1,0.07056666666669838
40,sensor_12,2,0.11968713450291944
40,sensor_12,3,0.13716198830409027
40,sensor_12,4,0.07018986928105794
40,sensor_12,5,0.08693216374269072
40,sensor_12,6,0.09748187134503622
40,sensor_12,7,0.09849673202615984
40,sensor_12,8,0.0596064327485344
40,sensor_12,9,0.05923157894736813
40,sensor_12,10,0.12010350877193421
40,sensor_13,1,0.0005619883040914651
40,sensor_13,2,0.0007005847953158013
40,sensor_13,3,0.0018538011695800694
40,sensor_13,4,0.000888888888890658
40,sensor_13,5,0.0010035087719257368
40,sensor_13,6,0.0005701754385937311
40,sensor_13,7,0.0006330065359439319
40,sensor_13,8,0.000992397660815812
40,sensor_13,9,0.0009783625730924788
40,sensor_13,10,0.0015923976608183082
40,sensor_14,1,8.671554385964392
40,sensor_14,2,4.826977777777514
40,sensor_14,3,6.990880116959222
40,sensor_14,4,10.448882352940537
40,sensor_14,5,13.472425730993098
40,sensor_14,6,8.98154795321593
40,sensor_14,7,8.016955555556295
40,sensor_14,8,25.852376023384434
40,sensor_14,9,17.834724561404368
40,sensor_14,10,62.52373625730997
40,sensor_15,1,0.0001791542690058413
40,sensor_15,2,0.0004347657894736809
40,sensor_15,3,0.0004556960818713418
40,sensor_15,4,0.0006149300653594583
40,sensor_15,5,0.00024027251461988442
40,sensor_15,6,0.0003697380701754446
40,sensor_15,7,0.0003218884967320094
40,sensor_15,8,0.0005473571929824795
40,sensor_15,9,0.00014844672514620312
40,sensor_15,10,0.00043100912280701954
40,sensor_16,1,0.0
40,sensor_16,2,0.0
40,sensor_16,3,0.0
40,sensor_16,4,0.0
40,sensor_16,5,0.0
40,sensor_16,6,0.0
40,sensor_16,7,0.0
40,sensor_16,8,0.0
40,sensor_16,9,0.0
40,sensor_16,10,0.0
40,sensor_17,1,0.8947368421052722
40,sensor_17,2,1.315789473684213
40,sensor_17,3,0.9181286549707615
40,sensor_17,4,1.1241830065359384
40,sensor_17,5,0.5964912280701697
40,sensor_17,6,0.719298245614027
40,sensor_17,7,0.6045751633986971
40,sensor_17,8,1.1169590643274898
40,sensor_17,9,2.1403508771929864
40,sensor_17,10,1.3333333333332944
40,sensor_18,1,0.0
40,sensor_18,2,0.0
40,sensor_18,3,0.0
40,sensor_18,4,0.0
40,sensor_18,5,0.0
40,sensor_18,6,0.0
40,sensor_18,7,0.0
40,sensor_18,8,0.0
40,sensor_18,9,0.0
40,sensor_18,10,0.0
40,sensor_19,1,0.0
40,sensor_19,2,0.0
40,sensor_19,3,0.0
40,sensor_19,4,0.0
40,sensor_19,5,0.0
40,sensor_19,6,0.0
40,sensor_19,7,0.0
40,sensor_19,8,0.0
40,sensor_19,9,0.0
40,sensor_19,10,0.0
40,sensor_20,1,0.008781286549707593
40,sensor_20,2,0.011877777777778152
40,sensor_20,3,0.012581286549707478
40,sensor_20,4,0.013201633986928606
40,sensor_20,5,0.0102116959064329
40,sensor_20,6,0.010457894736841592
40,sensor_20,7,0.0071624183006537626
40,sensor_20,8,0.010621052631578545
40,sensor_20,9,0.008569590643275029
40,sensor_20,10,0.010417543859649535
40,sensor_21,1,0.003386455964912368
40,sensor_21,2,0.0024704959064328225
40,sensor_21,3,0.004040582573099392
40,sensor_21,4,0.0028004971241830396
40,sensor_21,5,0.004348123625730949
40,sensor_21,6,0.00440106608187123
40,sensor_21,7,0.006451047352941028
40,sensor_21,8,0.00355090654970761
40,sensor_21,9,0.004458158070175484
40,sensor_21,10,0.0055026625146199735
41,setting_1,1,7.0939393939393934e-06
41,setting_1,2,4.567272727272727e-06
41,setting_1,3,4.843619047619046e-06
41,setting_1,4,4.543722943722944e-06
41,setting_1,5,3.967e-06
41,setting_1,6,2.1235714285714287e-06
41,setting_1,7,3.6586190476190474e-06
41,setting_1,8,5.847034632034632e-06
41,setting_1,9,5.996619047619048e-06
41,setting_1,10,5.177857142857143e-06
41,setting_2,1,1.3203463203463202e-07
41,setting_2,2,9.612554112554116e-08
41,setting_2,3,9.947619047619045e-08
41,setting_2,4,6.337662337662339e-08
41,setting_2,5,1.0214285714285714e-07
41,setting_2,6,8.095238095238097e-08
41,setting_2,7,6.314285714285714e-08
41,setting_2,8,8.02813852813853e-08
41,setting_2,9,6.09047619047619e-08
41,setting_2,10,7.967532467532469e-08
41,setting_3,1,0.0
41,setting_3,2,0.0
41,setting_3,3,0.0
41,setting_3,4,0.0
41,setting_3,5,0.0
41,setting_3,6,0.0
41,setting_3,7,0.0
41,setting_3,8,0.0
41,setting_3,9,0.0
41,setting_3,10,0.0
41,sensor_1,1,0.0
41,sensor_1,2,0.0
41,sensor_1,3,0.0
41,sensor_1,4,0.0
41,sensor_1,5,0.0
41,sensor_1,6,0.0
41,sensor_1,7,0.0
41,sensor_1,8,0.0
41,sensor_1,9,0.0
41,sensor_1,10,0.0
41,sensor_2,1,0.10237077922077513
41,sensor_2,2,0.06995844155844519
41,sensor_2,3,0.10738619047617796
41,sensor_2,4,0.1495872294372322
41,sensor_2,5,0.1234561904761955
41,sensor_2,6,0.0752374458874164
41,sensor_2,7,0.09283476190475534
41,sensor_2,8,0.11414047619046891
41,sensor_2,9,0.09426571428571676
41,sensor_2,10,0.17359675324672935
41,sensor_3,1,13.160900432900817
41,sensor_3,2,10.42162077922084
41,sensor_3,3,16.488805714286208
41,sensor_3,4,28.39677424242415
41,sensor_3,5,17.76335619047621
41,sensor_3,6,11.167899783549679
41,sensor_3,7,17.768206190476022
41,sensor_3,8,15.271457142857063
41,sensor_3,9,17.73747142857044
41,sensor_3,10,18.534885714285412
41,sensor_4,1,20.737618398268662
41,sensor_4,2,18.524644155844197
41,sensor_4,3,17.322725714285173
41,sensor_4,4,25.338340476190584
41,sensor_4,5,19.470509047619423
41,sensor_4,6,22.79079567099582
41,sensor_4,7,14.178793333333862
41,sensor_4,8,10.200854545454598
41,sensor_4,9,17.50194476190497
41,sensor_4,10,29.03050238095225
41,sensor_5,1,0.0
41,sensor_5,2,0.0
41,sensor_5,3,0.0
41,sensor_5,4,0.0
41,sensor_5,5,0.0
41,sensor_5,6,0.0
41,sensor_5,7,0.0
41,sensor_5,8,0.0
41,sensor_5,9,0.0
41,sensor_5,10,0.0
41,sensor_6,1,1.5584415584412923e-05
41,sensor_6,2,8.658008658006933e-06
41,sensor_6,3,0.0
41,sensor_6,4,4.54545454545289e-06
41,sensor_6,5,0.0
41,sensor_6,6,4.545454545453404e-06
41,sensor_6,7,0.0
41,sensor_6,8,0.0
41,sensor_6,9,0.0
41,sensor_6,10,0.0
41,sensor_7,1,0.16379567099565776
41,sensor_7,2,0.12293506493507496
41,sensor_7,3,0.17868476190476562
41,sensor_7,4,0.16974740259740095
41,sensor_7,5,0.112616190476193
41,sensor_7,6,0.16658008658009532
41,sensor_7,7,0.13601476190475542
41,sensor_7,8,0.1854409090909572
41,sensor_7,9,0.2330557142857154
41,sensor_7,10,0.2848885281385278
41,sensor_8,1,0.000768831168834426
41,sensor_8,2,0.001128354978355076
41,sensor_8,3,0.0007861904761980452
41,sensor_8,4,0.0006833333333253449
41,sensor_8,5,0.001133333333339104
41,sensor_8,6,0.0009110389610394583
41,sensor_8,7,0.0008561904761846092
41,sensor_8,8,0.0012571428571408337
41,sensor_8,9,0.0009461904761883544
41,sensor_8,10,0.0012337662337467573
41,sensor_9,1,11.68518961039262
41,sensor_9,2,20.24375757576112
41,sensor_9,3,11.552132857143443
41,sensor_9,4,21.342446969691984
41,sensor_9,5,29.266506190477447
41,sensor_9,6,16.308116017309896
41,sensor_9,7,21.338434761904644
41,sensor_9,8,44.87355952381174
41,sensor_9,9,73.96251333332394
41,sensor_9,10,138.753349783558
41,sensor_10,1,0.0
41,sensor_10,2,0.0
41,sensor_10,3,0.0
41,sensor_10,4,0.0
41,sensor_10,5,0.0
41,sensor_10,6,0.0
41,sensor_10,7,0.0
41,sensor_10,8,0.0
41,sensor_10,9,0.0
41,sensor_10,10,0.0
41,sensor_11,1,0.006006926406926387
41,sensor_11,2,0.0064562770562770965
41,sensor_11,3,0.01726476190476233
41,sensor_11,4,0.011703896103896225
41,sensor_11,5,0.008292857142857194
41,sensor_11,6,0.016117965367965465
41,sensor_11,7,0.01768476190476268
41,sensor_11,8,0.014367965367965545
41,sensor_11,9,0.014916190476189913
41,sensor_11,10,0.02877748917748867
41,sensor_12,1,0.10557424242425158
41,sensor_12,2,0.0951231601731685
41,sensor_12,3,0.0655290476190741
41,sensor_12,4,0.13009285714285618
41,sensor_12,5,0.05734619047617606
41,sensor_12,6,0.10946320346318843
41,sensor_12,7,0.15618904761902982
41,sensor_12,8,0.1444761904761988
41,sensor_12,9,0.18617619047623957
41,sensor_12,10,0.12452554112553381
41,sensor_13,1,0.0012346320346355302
41,sensor_13,2,0.0008017316017371918
41,sensor_13,3,0.0009514285714341403
41,sensor_13,4,0.0005974025974076526
41,sensor_13,5,0.0011047619047644685
41,sensor_13,6,0.0012348484848468742
41,sensor_13,7,0.0012890476190504845
41,sensor_13,8,0.000672943722940105
41,sensor_13,9,0.0009328571428591148
41,sensor_13,10,0.0010380952380944996
41,sensor_14,1,13.309668398267247
41,sensor_14,2,8.88061125541219
41,sensor_14,3,7.890124761904454
41,sensor_14,4,9.841337012986557
41,sensor_14,5,9.805539047618995
41,sensor_14,6,10.8816132034628
41,sensor_14,7,6.96478476190368
41,sensor_14,8,21.875856277053188
41,sensor_14,9,53.474143333334794
41,sensor_14,10,80.42092748915654
41,sensor_15,1,0.0003340997619047693
41,sensor_15,2,0.0003140778354978354
41,sensor_15,3,0.0003133289047619037
41,sensor_15,4,0.000401678008658014
41,sensor_15,5,0.0005642004761904707
41,sensor_15,6,0.0003492290259740277
41,sensor_15,7,0.0002678849047618864
41,sensor_15,8,0.0005334967965367805
41,sensor_15,9,0.00040560261904759804
41,sensor_15,10,0.0006370721428571155
41,sensor_16,1,0.0
41,sensor_16,2,0.0
41,sensor_16,3,0.0
41,sensor_16,4,0.0
41,sensor_16,5,0.0
41,sensor_16,6,0.0
41,sensor_16,7,0.0
41,sensor_16,8,0.0
41,sensor_16,9,0.0
41,sensor_16,10,0.0
41,sensor_17,1,0.6233766233766312
41,sensor_17,2,1.4653679653679557
41,sensor_17,3,1.0904761904761884
41,sensor_17,4,0.8073593073593031
41,sensor_17,5,1.0619047619047524
41,sensor_17,6,1.0389610389610326
41,sensor_17,7,1.2904761904761872
41,sensor_17,8,0.8138528138527957
41,sensor_17,9,0.9571428571428113
41,sensor_17,10,1.3787878787879624
41,sensor_18,1,0.0
41,sensor_18,2,0.0
41,sensor_18,3,0.0
41,sensor_18,4,0.0
41,sensor_18,5,0.0
41,sensor_18,6,0.0
41,sensor_18,7,0.0
41,sensor_18,8,0.0
41,sensor_18,9,0.0
41,sensor_18,10,0.0
41,sensor_19,1,0.0
41,sensor_19,2,0.0
41,sensor_19,3,0.0
41,sensor_19,4,0.0
41,sensor_19,5,0.0
41,sensor_19,6,0.0
41,sensor_19,7,0.0
41,sensor_19,8,0.0
41,sensor_19,9,0.0
41,sensor_19,10,0.0
41,sensor_20,1,0.009433116883116875
41,sensor_20,2,0.005329870129870139
41,sensor_20,3,0.005645714285714272
41,sensor_20,4,0.010434632034631866
41,sensor_20,5,0.010572857142856858
41,sensor_20,6,0.010552380952381127
41,sensor_20,7,0.008601428571428378
41,sensor_20,8,0.007578354978355358
41,sensor_20,9,0.009289047619047478
41,sensor_20,10,0.016956926406926306
41,sensor_21,1,0.002893087272727261
41,sensor_21,2,0.005066794220779195
41,sensor_21,3,0.0034345405714286265
41,sensor_21,4,0.004660224415584511
41,sensor_21,5,0.004440288904761795
41,sensor_21,6,0.003187307121212157
41,sensor_21,7,0.0025155069047618677
41,sensor_21,8,0.002349218463203407
41,sensor_21,9,0.002680964476190465
41,sensor_21,10,0.004953089458874594
42,setting_1,1,6.9085263157894735e-06
42,setting_1,2,6.170526315789474e-06
42,setting_1,3,1.9559064327485376e-06
42,setting_1,4,6.2015526315789486e-06
42,setting_1,5,5.279298245614035e-06
42,setting_1,6,3.435657894736842e-06
42,setting_1,7,4.934795321637427e-06
42,setting_1,8,3.1405000000000003e-06
42,setting_1,9,2.9203508771929834e-06
42,setting_1,10,5.450815789473684e-06
42,setting_2,1,8.357894736842107e-08
42,setting_2,2,1.0642105263157896e-07
42,setting_2,3,9.356725146198832e-08
42,setting_2,4,7.421052631578945e-08
42,setting_2,5,8.649122807017543e-08
42,setting_2,6,8.092105263157892e-08
42,setting_2,7,1.0146198830409358e-07
42,setting_2,8,9.642105263157894e-08
42,setting_2,9,7.654970760233919e-08
42,setting_2,10,7.713157894736843e-08
42,setting_3,1,0.0
42,setting_3,2,0.0
42,setting_3,3,0.0
42,setting_3,4,0.0
42,setting_3,5,0.0
42,setting_3,6,0.0
42,setting_3,7,0.0
42,setting_3,8,0.0
42,setting_3,9,0.0
42,setting_3,10,0.0
42,sensor_1,1,0.0
42,sensor_1,2,0.0
42,sensor_1,3,0.0
42,sensor_1,4,0.0
42,sensor_1,5,0.0
42,sensor_1,6,0.0
42,sensor_1,7,0.0
42,sensor_1,8,0.0
42,sensor_1,9,0.0
42,sensor_1,10,0.0
42,sensor_2,1,0.12102605263158447
42,sensor_2,2,0.02453131578947532
42,sensor_2,3,0.11953859649123359
42,sensor_2,4,0.1471042105263083
42,sensor_2,5,0.1038584795321627
42,sensor_2,6,0.05631026315790224
42,sensor_2,7,0.07234736842105312
42,sensor_2,8,0.09094631578946022
42,sensor_2,9,0.1294397660818604
42,sensor_2,10,0.08897342105263427
42,sensor_3,1,9.292795789473619
42,sensor_3,2,14.758282894736439
42,sensor_3,3,15.314376023391743
42,sensor_3,4,18.44440499999965
42,sensor_3,5,19.25843859649136
42,sensor_3,6,10.931339736841878
42,sensor_3,7,18.079783040935666
42,sensor_3,8,22.663790526315278
42,sensor_3,9,25.30601461988252
42,sensor_3,10,8.803616842105365
42,sensor_4,1,13.46441552631517
42,sensor_4,2,9.401135526316004
42,sensor_4,3,15.556198245613537
42,sensor_4,4,10.395779999999924
42,sensor_4,5,8.953370175438582
42,sensor_4,6,23.466893421052458
42,sensor_4,7,15.21007660818744
42,sensor_4,8,13.19065157894764
42,sensor_4,9,16.605426315789654
42,sensor_4,10,9.495682894737019
42,sensor_5,1,0.0
42,sensor_5,2,0.0
42,sensor_5,3,0.0
42,sensor_5,4,0.0
42,sensor_5,5,0.0
42,sensor_5,6,0.0
42,sensor_5,7,0.0
42,sensor_5,8,0.0
42,sensor_5,9,0.0
42,sensor_5,10,0.0
42,sensor_6,1,4.999999999998876e-06
42,sensor_6,2,9.473684210524776e-06
42,sensor_6,3,5.263157894733628e-06
42,sensor_6,4,0.0
42,sensor_6,5,0.0
42,sensor_6,6,0.0
42,sensor_6,7,0.0
42,sensor_6,8,0.0
42,sensor_6,9,0.0
42,sensor_6,10,0.0
42,sensor_7,1,0.18372078947367104
42,sensor_7,2,0.1815673684210314
42,sensor_7,3,0.1599871345029341
42,sensor_7,4,0.14382394736839613
42,sensor_7,5,0.1516842105263116
42,sensor_7,6,0.1442305263157916
42,sensor_7,7,0.14106549707602414
42,sensor_7,8,0.13834605263159738
42,sensor_7,9,0.2403871345029196
42,sensor_7,10,0.1140450000000341
42,sensor_8,1,0.0011818421052566333
42,sensor_8,2,0.0006618421052549048
42,sensor_8,3,0.0014005847953271467
42,sensor_8,4,0.0004789473684197853
42,sensor_8,5,0.0006584795321577432
42,sensor_8,6,0.0008831578947270236
42,sensor_8,7,0.001845029239755405
42,sensor_8,8,0.0006681578947395006
42,sensor_8,9,0.0013257309941574313
42,sensor_8,10,0.0016957894736897487
42,sensor_9,1,21.830919999996894
42,sensor_9,2,13.06985763157987
42,sensor_9,3,14.861269005849518
42,sensor_9,4,19.619188421051618
42,sensor_9,5,13.023260818708248
42,sensor_9,6,13.658288421053529
42,sensor_9,7,16.97005380116552
42,sensor_9,8,18.04797342105473
42,sensor_9,9,30.192447368421874
42,sensor_9,10,18.925098947367104
42,sensor_10,1,0.0
42,sensor_10,2,0.0
42,sensor_10,3,0.0
42,sensor_10,4,0.0
42,sensor_10,5,0.0
42,sensor_10,6,0.0
42,sensor_10,7,0.0
42,sensor_10,8,0.0
42,sensor_10,9,0.0
42,sensor_10,10,0.0
42,sensor_11,1,0.007968421052631652
42,sensor_11,2,0.012241052631579005
42,sensor_11,3,0.006471929824561538
42,sensor_11,4,0.00866184210526328
42,sensor_11,5,0.012676023391812981
42,sensor_11,6,0.009556578947368272
42,sensor_11,7,0.010555555555555846
42,sensor_11,8,0.012005000000000059
42,sensor_11,9,0.01187076023391767
42,sensor_11,10,0.010015526315789235
42,sensor_12,1,0.13743026315788628
42,sensor_12,2,0.08122605263158576
42,sensor_12,3,0.06415906432749124
42,sensor_12,4,0.08877342105262778
42,sensor_12,5,0.05356549707602531
42,sensor_12,6,0.07981973684210557
42,sensor_12,7,0.10530643274852956
42,sensor_12,8,0.09361999999998732
42,sensor_12,9,0.09464327485379648
42,sensor_12,10,0.1420660526315503
42,sensor_13,1,0.0007292105263180315
42,sensor_13,2,0.0010660526315799158
42,sensor_13,3,0.0010064327485395902
42,sensor_13,4,0.0005818421052626074
42,sensor_13,5,0.0009497076023357088
42,sensor_13,6,0.0006155263157865713
42,sensor_13,7,0.001669005847954687
42,sensor_13,8,0.0008934210526287704
42,sensor_13,9,0.0009339181286648678
42,sensor_13,10,0.0014694736842253684
42,sensor_14,1,9.99723578947388
42,sensor_14,2,4.817364210527214
42,sensor_14,3,8.860970760233657
42,sensor_14,4,13.099202894737562
42,sensor_14,5,19.61740409356825
42,sensor_14,6,6.340873684210526
42,sensor_14,7,12.772059649122282
42,sensor_14,8,5.150369473683689
42,sensor_14,9,7.678470175437937
42,sensor_14,10,8.510648421053189
42,sensor_15,1,0.0004652098947368447
42,sensor_15,2,0.0003226360789473641
42,sensor_15,3,0.00033049801169591163
42,sensor_15,4,0.00047399923684210464
42,sensor_15,5,0.00031384719298245897
42,sensor_15,6,0.00041896134210524304
42,sensor_15,7,0.00024065432748537405
42,sensor_15,8,0.0005937710263157881
42,sensor_15,9,0.0005153324561403321
42,sensor_15,10,0.0006909851578947359
42,sensor_16,1,0.0
42,sensor_16,2,0.0
42,sensor_16,3,0.0
42,sensor_16,4,0.0
42,sensor_16,5,0.0
42,sensor_16,6,0.0
42,sensor_16,7,0.0
42,sensor_16,8,0.0
42,sensor_16,9,0.0
42,sensor_16,10,0.0
42,sensor_17,1,0.9763157894736689
42,sensor_17,2,0.9052631578947378
42,sensor_17,3,1.1754385964912224
42,sensor_17,4,0.8710526315789427
42,sensor_17,5,0.7836257309941729
42,sensor_17,6,0.9342105263157807
42,sensor_17,7,0.5789473684210514
42,sensor_17,8,0.7868421052631557
42,sensor_17,9,1.3976608187134187
42,sensor_17,10,1.326315789473681
42,sensor_18,1,0.0
42,sensor_18,2,0.0
42,sensor_18,3,0.0
42,sensor_18,4,0.0
42,sensor_18,5,0.0
42,sensor_18,6,0.0
42,sensor_18,7,0.0
42,sensor_18,8,0.0
42,sensor_18,9,0.0
42,sensor_18,10,0.0
42,sensor_19,1,0.0
42,sensor_19,2,0.0
42,sensor_19,3,0.0
42,sensor_19,4,0.0
42,sensor_19,5,0.0
42,sensor_19,6,0.0
42,sensor_19,7,0.0
42,sensor_19,8,0.0
42,sensor_19,9,0.0
42,sensor_19,10,0.0
42,sensor_20,1,0.009583157894736963
42,sensor_20,2,0.009855526315789384
42,sensor_20,3,0.013573099415204464
42,sensor_20,4,0.016164210526316045
42,sensor_20,5,0.012916374269006135
42,sensor_20,6,0.015600000000000374
42,sensor_20,7,0.011232163742689861
42,sensor_20,8,0.013485263157893971
42,sensor_20,9,0.010387719298245626
42,sensor_20,10,0.016662105263157496
42,sensor_21,1,0.0027646150263157337
42,sensor_21,2,0.0028803531315788815
42,sensor_21,3,0.002882148713450341
42,sensor_21,4,0.004193520526315817
42,sensor_21,5,0.004237275614035127
42,sensor_21,6,0.0031854878947367364
42,sensor_21,7,0.004452077017543883
42,sensor_21,8,0.004259403657894703
42,sensor_21,9,0.0035754737426900805
42,sensor_21,10,0.0037579535526315526
43,setting_1,1,4.399904761904763e-06
43,setting_1,2,6.952333333333334e-06
43,setting_1,3,4.995368421052632e-06
43,setting_1,4,3.91647619047619e-06
43,setting_1,5,6.286476190476191e-06
43,setting_1,6,4.0023947368421044e-06
43,setting_1,7,5.758619047619048e-06
43,setting_1,8,5.931868421052632e-06
43,setting_1,9,3.5611428571428576e-06
43,setting_1,10,7.339e-06
43,setting_2,1,9.528571428571429e-08
43,setting_2,2,9.557142857142858e-08
43,setting_2,3,7.98684210526316e-08
43,setting_2,4,5.8571428571428576e-08
43,setting_2,5,9.614285714285714e-08
43,setting_2,6,8.513157894736844e-08
43,setting_2,7,1.074761904761905e-07
43,setting_2,8,8.997368421052631e-08
43,setting_2,9,1.1790476190476192e-07
43,setting_2,10,6.79047619047619e-08
43,setting_3,1,0.0
43,setting_3,2,0.0
43,setting_3,3,0.0
43,setting_3,4,0.0
43,setting_3,5,0.0
43,setting_3,6,0.0
43,setting_3,7,0.0
43,setting_3,8,0.0
43,setting_3,9,0.0
43,setting_3,10,0.0
43,sensor_1,1,0.0
43,sensor_1,2,0.0
43,sensor_1,3,0.0
43,sensor_1,4,0.0
43,sensor_1,5,0.0
43,sensor_1,6,0.0
43,sensor_1,7,0.0
43,sensor_1,8,0.0
43,sensor_1,9,0.0
43,sensor_1,10,0.0
43,sensor_2,1,0.14049904761905174
43,sensor_2,2,0.13764999999997868
43,sensor_2,3,0.10904078947368155
43,sensor_2,4,0.0637290476190471
43,sensor_2,5,0.058639047619046814
43,sensor_2,6,0.09789973684210679
43,sensor_2,7,0.11749285714282176
43,sensor_2,8,0.07755894736841287
43,sensor_2,9,0.14750285714289824
43,sensor_2,10,0.1396900000000167
43,sensor_3,1,8.584492857143145
43,sensor_3,2,13.55625000000029
43,sensor_3,3,27.64326605263175
43,sensor_3,4,5.194594761904828
43,sensor_3,5,10.785799047619484
43,sensor_3,6,12.734402894736741
43,sensor_3,7,10.664876190476175
43,sensor_3,8,16.60069578947405
43,sensor_3,9,13.012195714285713
43,sensor_3,10,23.955564761904036
43,sensor_4,1,28.76183333333276
43,sensor_4,2,8.014406190476278
43,sensor_4,3,17.83934605263185
43,sensor_4,4,15.428765714285884
43,sensor_4,5,9.886722857142763
43,sensor_4,6,15.081126315789518
43,sensor_4,7,17.485731428571587
43,sensor_4,8,17.635609473684212
43,sensor_4,9,23.00469333333278
43,sensor_4,10,21.133195714285673
43,sensor_5,1,0.0
43,sensor_5,2,0.0
43,sensor_5,3,0.0
43,sensor_5,4,0.0
43,sensor_5,5,0.0
43,sensor_5,6,0.0
43,sensor_5,7,0.0
43,sensor_5,8,0.0
43,sensor_5,9,0.0
43,sensor_5,10,0.0
43,sensor_6,1,9.047619047618911e-06
43,sensor_6,2,1.2857142857134853e-05
43,sensor_6,3,0.0
43,sensor_6,4,0.0
43,sensor_6,5,0.0
43,sensor_6,6,4.999999999997261e-06
43,sensor_6,7,0.0
43,sensor_6,8,0.0
43,sensor_6,9,0.0
43,sensor_6,10,0.0
43,sensor_7,1,0.18542619047620162
43,sensor_7,2,0.08667285714287618
43,sensor_7,3,0.09613552631578842
43,sensor_7,4,0.25867333333331216
43,sensor_7,5,0.14561285714286923
43,sensor_7,6,0.15335657894734878
43,sensor_7,7,0.16003333333333392
43,sensor_7,8,0.26958526315789727
43,sensor_7,9,0.13518476190477619
43,sensor_7,10,0.18676619047618792
43,sensor_8,1,0.0005061904761909526
43,sensor_8,2,0.00045476190476520333
43,sensor_8,3,0.0010642105263160494
43,sensor_8,4,0.001653333333336942
43,sensor_8,5,0.0007828571428587771
43,sensor_8,6,0.0016871052631573626
43,sensor_8,7,0.0006447619047622059
43,sensor_8,8,0.0010239473684214848
43,sensor_8,9,0.0012314285714178745
43,sensor_8,10,0.0021357142857011523
43,sensor_9,1,10.961603333334288
43,sensor_9,2,21.3269747619046
43,sensor_9,3,24.063794473682545
43,sensor_9,4,17.182404761905612
43,sensor_9,5,14.766346190473678
43,sensor_9,6,11.093251315790141
43,sensor_9,7,17.774181428572767
43,sensor_9,8,13.140362105267096
43,sensor_9,9,11.194291428570423
43,sensor_9,10,18.378025714285183
43,sensor_10,1,0.0
43,sensor_10,2,0.0
43,sensor_10,3,0.0
43,sensor_10,4,0.0
43,sensor_10,5,0.0
43,sensor_10,6,0.0
43,sensor_10,7,0.0
43,sensor_10,8,0.0
43,sensor_10,9,0.0
43,sensor_10,10,0.0
43,sensor_11,1,0.008441428571428568
43,sensor_11,2,0.014999047619047523
43,sensor_11,3,0.006535789473684209
43,sensor_11,4,0.007102857142857086
43,sensor_11,5,0.010022857142857274
43,sensor_11,6,0.0035642105263160723
43,sensor_11,7,0.015753333333333442
43,sensor_11,8,0.010002894736842119
43,sensor_11,9,0.017134761904761486
43,sensor_11,10,0.014246190476191056
43,sensor_12,1,0.06319285714286123
43,sensor_12,2,0.04108904761904245
43,sensor_12,3,0.07431026315787571
43,sensor_12,4,0.11928904761905616
43,sensor_12,5,0.06581904761905112
43,sensor_12,6,0.09918184210525018
43,sensor_12,7,0.07330142857142434
43,sensor_12,8,0.08926815789473834
43,sensor_12,9,0.1619847619047004
43,sensor_12,10,0.11667904761903088
43,sensor_13,1,0.0006947619047671647
43,sensor_13,2,0.0006628571428585991
43,sensor_13,3,0.0011818421052655396
43,sensor_13,4,0.0005857142857179534
43,sensor_13,5,0.0013390476190446358
43,sensor_13,6,0.0014660526315870615
43,sensor_13,7,0.0009947619047556294
43,sensor_13,8,0.0011081578947317562
43,sensor_13,9,0.000969047619042796
43,sensor_13,10,0.0021447619047693925
43,sensor_14,1,8.206553333333924
43,sensor_14,2,10.252134761904674
43,sensor_14,3,9.343234473684822
43,sensor_14,4,6.664552857143612
43,sensor_14,5,6.732634761904945
43,sensor_14,6,12.597720789475046
43,sensor_14,7,7.086059047618757
43,sensor_14,8,7.13458315789526
43,sensor_14,9,6.795899047619757
43,sensor_14,10,15.326224761903324
43,sensor_15,1,0.0003791305714285644
43,sensor_15,2,0.0004591694761904703
43,sensor_15,3,0.0005300811578947338
43,sensor_15,4,0.00038067599999998486
43,sensor_15,5,0.000496355476190483
43,sensor_15,6,0.00018713734210527093
43,sensor_15,7,0.00037331490476191835
43,sensor_15,8,0.0006145026052631206
43,sensor_15,9,0.0005549441428571507
43,sensor_15,10,0.00045926833333332024
43,sensor_16,1,0.0
43,sensor_16,2,0.0
43,sensor_16,3,0.0
43,sensor_16,4,0.0
43,sensor_16,5,0.0
43,sensor_16,6,0.0
43,sensor_16,7,0.0
43,sensor_16,8,0.0
43,sensor_16,9,0.0
43,sensor_16,10,0.0
43,sensor_17,1,0.6619047619047522
43,sensor_17,2,1.0142857142856987
43,sensor_17,3,1.2078947368420876
43,sensor_17,4,0.7142857142857575
43,sensor_17,5,0.9619047619047691
43,sensor_17,6,0.9973684210525944
43,sensor_17,7,0.714285714285723
43,sensor_17,8,0.6947368421052714
43,sensor_17,9,0.828571428571428
43,sensor_17,10,0.9571428571428111
43,sensor_18,1,0.0
43,sensor_18,2,0.0
43,sensor_18,3,0.0
43,sensor_18,4,0.0
43,sensor_18,5,0.0
43,sensor_18,6,0.0
43,sensor_18,7,0.0
43,sensor_18,8,0.0
43,sensor_18,9,0.0
43,sensor_18,10,0.0
43,sensor_19,1,0.0
43,sensor_19,2,0.0
43,sensor_19,3,0.0
43,sensor_19,4,0.0
43,sensor_19,5,0.0
43,sensor_19,6,0.0
43,sensor_19,7,0.0
43,sensor_19,8,0.0
43,sensor_19,9,0.0
43,sensor_19,10,0.0
43,sensor_20,1,0.009656190476190233
43,sensor_20,2,0.0058647619047618735
43,sensor_20,3,0.008413421052631492
43,sensor_20,4,0.008624761904761885
43,sensor_20,5,0.0073414285714285665
43,sensor_20,6,0.009077894736842161
43,sensor_20,7,0.0065161904761903465
43,sensor_20,8,0.006809210526315824
43,sensor_20,9,0.007834761904761746
43,sensor_20,10,0.018029999999999383
43,sensor_21,1,0.0024370284761904724
43,sensor_21,2,0.004990825285714302
43,sensor_21,3,0.004745232921052584
43,sensor_21,4,0.004157213904761855
43,sensor_21,5,0.0031913582857143693
43,sensor_21,6,0.0030271768421052184
43,sensor_21,7,0.003395707476190548
43,sensor_21,8,0.00395784871052648
43,sensor_21,9,0.003147718999999955
43,sensor_21,10,0.00620804533333336
44,setting_1,1,3.823657894736841e-06
44,setting_1,2,4.839532163742689e-06
44,setting_1,3,4.496725146198829e-06
44,setting_1,4,4.7345029239766085e-06
44,setting_1,5,7.609532163742689e-06
44,setting_1,6,5.016959064327486e-06
44,setting_1,7,3.859532163742691e-06
44,setting_1,8,3.6856140350877197e-06
44,setting_1,9,3.314327485380117e-06
44,setting_1,10,4.660499999999999e-06
44,setting_2,1,8.828947368421052e-08
44,setting_2,2,9.175438596491228e-08
44,setting_2,3,7.690058479532165e-08
44,setting_2,4,7.339181286549707e-08
44,setting_2,5,1.1210526315789475e-07
44,setting_2,6,7.649122807017544e-08
44,setting_2,7,5.760233918128656e-08
44,setting_2,8,8.333333333333336e-08
44,setting_2,9,1.0801169590643274e-07
44,setting_2,10,7.06315789473684e-08
44,setting_3,1,0.0
44,setting_3,2,0.0
44,setting_3,3,0.0
44,setting_3,4,0.0
44,setting_3,5,0.0
44,setting_3,6,0.0
44,setting_3,7,0.0
44,setting_3,8,0.0
44,setting_3,9,0.0
44,setting_3,10,0.0
44,sensor_1,1,0.0
44,sensor_1,2,0.0
44,sensor_1,3,0.0
44,sensor_1,4,0.0
44,sensor_1,5,0.0
44,sensor_1,6,0.0
44,sensor_1,7,0.0
44,sensor_1,8,0.0
44,sensor_1,9,0.0
44,sensor_1,10,0.0
44,sensor_2,1,0.07442605263159008
44,sensor_2,2,0.050681871345034796
44,sensor_2,3,0.08113742690057273
44,sensor_2,4,0.10697309941521772
44,sensor_2,5,0.06754795321636956
44,sensor_2,6,0.09739532163742483
44,sensor_2,7,0.06660350877190878
44,sensor_2,8,0.10292105263161089
44,sensor_2,9,0.08515906432746412
44,sensor_2,10,0.09040421052638771
44,sensor_3,1,7.277022105263444
44,sensor_3,2,7.625287719298179
44,sensor_3,3,11.413261988304685
44,sensor_3,4,21.637449707602237
44,sensor_3,5,11.834033918129022
44,sensor_3,6,17.563357894736683
44,sensor_3,7,21.32525087719295
44,sensor_3,8,18.288760818713254
44,sensor_3,9,14.56191111111165
44,sensor_3,10,30.503714473683186
44,sensor_4,1,5.769872631578993
44,sensor_4,2,19.51077192982573
44,sensor_4,3,14.77522631578935
44,sensor_4,4,12.572003508771438
44,sensor_4,5,8.428373099415262
44,sensor_4,6,12.98987017543908
44,sensor_4,7,19.178491228070065
44,sensor_4,8,26.24527076023335
44,sensor_4,9,23.62492573099448
44,sensor_4,10,27.78994315789321
44,sensor_5,1,0.0
44,sensor_5,2,0.0
44,sensor_5,3,0.0
44,sensor_5,4,0.0
44,sensor_5,5,0.0
44,sensor_5,6,0.0
44,sensor_5,7,0.0
44,sensor_5,8,0.0
44,sensor_5,9,0.0
44,sensor_5,10,0.0
44,sensor_6,1,0.0
44,sensor_6,2,5.263157894736237e-06
44,sensor_6,3,5.263157894733812e-06
44,sensor_6,4,9.941520467823672e-06
44,sensor_6,5,5.263157894735521e-06
44,sensor_6,6,0.0
44,sensor_6,7,0.0
44,sensor_6,8,0.0
44,sensor_6,9,0.0
44,sensor_6,10,0.0
44,sensor_7,1,0.2149063157894647
44,sensor_7,2,0.1260584795321719
44,sensor_7,3,0.14698713450292622
44,sensor_7,4,0.0805146198830438
44,sensor_7,5,0.13647192982455347
44,sensor_7,6,0.08646491228069457
44,sensor_7,7,0.16728304093564747
44,sensor_7,8,0.1246561403508785
44,sensor_7,9,0.28256081871345134
44,sensor_7,10,0.13857342105263717
44,sensor_8,1,0.0010723684210541906
44,sensor_8,2,0.0007432748538034481
44,sensor_8,3,0.0007251461988342252
44,sensor_8,4,0.0006245614035142584
44,sensor_8,5,0.0009912280701783853
44,sensor_8,6,0.0009052631578925932
44,sensor_8,7,0.0005374269005814432
44,sensor_8,8,0.0008467836257273019
44,sensor_8,9,0.0011929824561481219
44,sensor_8,10,0.002043157894720879
44,sensor_9,1,21.05614184210746
44,sensor_9,2,21.76986959064213
44,sensor_9,3,14.25191520467534
44,sensor_9,4,11.832695321635283
44,sensor_9,5,9.407943274852032
44,sensor_9,6,11.286598830412052
44,sensor_9,7,23.531127485382346
44,sensor_9,8,20.932459649123395
44,sensor_9,9,13.2726830409359
44,sensor_9,10,21.268324999997745
44,sensor_10,1,0.0
44,sensor_10,2,0.0
44,sensor_10,3,0.0
44,sensor_10,4,0.0
44,sensor_10,5,0.0
44,sensor_10,6,0.0
44,sensor_10,7,0.0
44,sensor_10,8,0.0
44,sensor_10,9,0.0
44,sensor_10,10,0.0
44,sensor_11,1,0.008153684210526407
44,sensor_11,2,0.012073099415204756
44,sensor_11,3,0.008277777777777886
44,sensor_11,4,0.003991812865497041
44,sensor_11,5,0.010206432748537865
44,sensor_11,6,0.011576023391812539
44,sensor_11,7,0.010215204678362694
44,sensor_11,8,0.011583040935672502
44,sensor_11,9,0.017583040935672277
44,sensor_11,10,0.009979999999999233
44,sensor_12,1,0.058257631578940434
44,sensor_12,2,0.10093742690059956
44,sensor_12,3,0.1309000000000129
44,sensor_12,4,0.09303684210525255
44,sensor_12,5,0.0716251461988228
44,sensor_12,6,0.0765479532163798
44,sensor_12,7,0.08019298245614381
44,sensor_12,8,0.05735380116957684
44,sensor_12,9,0.13330643274851905
44,sensor_12,10,0.1068515789473265
44,sensor_13,1,0.0006431578947318492
44,sensor_13,2,0.0009672514619899887
44,sensor_13,3,0.000443274853801791
44,sensor_13,4,0.0007210526315780697
44,sensor_13,5,0.0011608187134511025
44,sensor_13,6,0.0013426900584824215
44,sensor_13,7,0.001026315789477112
44,sensor_13,8,0.0018432748538005858
44,sensor_13,9,0.000709941520462396
44,sensor_13,10,0.0014305263157849903
44,sensor_14,1,10.715804210525567
44,sensor_14,2,15.157981286549983
44,sensor_14,3,6.70678304093518
44,sensor_14,4,6.733994152047023
44,sensor_14,5,5.622881286550122
44,sensor_14,6,16.51929415204699
44,sensor_14,7,12.004570760233852
44,sensor_14,8,4.984946783625505
44,sensor_14,9,12.665291228069165
44,sensor_14,10,8.537640789473778
44,sensor_15,1,0.0002913232631578841
44,sensor_15,2,0.0006598853801169744
44,sensor_15,3,0.0006859849707602375
44,sensor_15,4,0.0003530388888888995
44,sensor_15,5,0.0005524005263157927
44,sensor_15,6,0.0005585492982456161
44,sensor_15,7,0.0005552627485379707
44,sensor_15,8,0.0003165698830409249
44,sensor_15,9,0.00024616035087718824
44,sensor_15,10,0.00021590302631578574
44,sensor_16,1,0.0
44,sensor_16,2,0.0
44,sensor_16,3,0.0
44,sensor_16,4,0.0
44,sensor_16,5,0.0
44,sensor_16,6,0.0
44,sensor_16,7,0.0
44,sensor_16,8,0.0
44,sensor_16,9,0.0
44,sensor_16,10,0.0
44,sensor_17,1,1.0105263157894726
44,sensor_17,2,0.5087719298245602
44,sensor_17,3,1.6198830409356586
44,sensor_17,4,1.0292397660818757
44,sensor_17,5,1.064327485380142
44,sensor_17,6,1.3742690058479572
44,sensor_17,7,0.9532163742690201
44,sensor_17,8,0.7309941520467788
44,sensor_17,9,0.8421052631579111
44,sensor_17,10,1.4105263157894614
44,sensor_18,1,0.0
44,sensor_18,2,0.0
44,sensor_18,3,0.0
44,sensor_18,4,0.0
44,sensor_18,5,0.0
44,sensor_18,6,0.0
44,sensor_18,7,0.0
44,sensor_18,8,0.0
44,sensor_18,9,0.0
44,sensor_18,10,0.0
44,sensor_19,1,0.0
44,sensor_19,2,0.0
44,sensor_19,3,0.0
44,sensor_19,4,0.0
44,sensor_19,5,0.0
44,sensor_19,6,0.0
44,sensor_19,7,0.0
44,sensor_19,8,0.0
44,sensor_19,9,0.0
44,sensor_19,10,0.0
44,sensor_20,1,0.006466052631578625
44,sensor_20,2,0.012587719298245661
44,sensor_20,3,0.010849707602339062
44,sensor_20,4,0.00866959064327475
44,sensor_20,5,0.02108771929824549
44,sensor_20,6,0.007911111111111185
44,sensor_20,7,0.012039766081871218
44,sensor_20,8,0.012000000000000127
44,sensor_20,9,0.010559649122807387
44,sensor_20,10,0.012872631578947288
44,sensor_21,1,0.005812552500000033
44,sensor_21,2,0.005373684970760219
44,sensor_21,3,0.002999117192982468
44,sensor_21,4,0.0029657005263158103
44,sensor_21,5,0.005126924970760445
44,sensor_21,6,0.0029048581286549844
44,sensor_21,7,0.003010758421052714
44,sensor_21,8,0.004804238421052613
44,sensor_21,9,0.005351229122807102
44,sensor_21,10,0.006459199236842454
45,setting_1,1,4.067958333333334e-06
45,setting_1,2,4.497625000000001e-06
45,setting_1,3,7.239624999999999e-06
45,setting_1,4,4.482666666666666e-06
45,setting_1,5,7.747833333333332e-06
45,setting_1,6,4.1865e-06
45,setting_1,7,3.526952380952381e-06
45,setting_1,8,5.621291666666666e-06
45,setting_1,9,3.270666666666666e-06
45,setting_1,10,8.409166666666669e-06
45,setting_2,1,6.533333333333331e-08
45,setting_2,2,7.85e-08
45,setting_2,3,1.1929166666666666e-07
45,setting_2,4,1.020952380952381e-07
45,setting_2,5,7.05e-08
45,setting_2,6,8.999999999999999e-08
45,setting_2,7,6.685714285714287e-08
45,setting_2,8,5.7625e-08
45,setting_2,9,6.295833333333334e-08
45,setting_2,10,7.049999999999999e-08
45,setting_3,1,0.0
45,setting_3,2,0.0
45,setting_3,3,0.0
45,setting_3,4,0.0
45,setting_3,5,0.0
45,setting_3,6,0.0
45,setting_3,7,0.0
45,setting_3,8,0.0
45,setting_3,9,0.0
45,setting_3,10,0.0
45,sensor_1,1,0.0
45,sensor_1,2,0.0
45,sensor_1,3,0.0
45,sensor_1,4,0.0
45,sensor_1,5,0.0
45,sensor_1,6,0.0
45,sensor_1,7,0.0
45,sensor_1,8,0.0
45,sensor_1,9,0.0
45,sensor_1,10,0.0
45,sensor_2,1,0.07020958333333151
45,sensor_2,2,0.14749166666667632
45,sensor_2,3,0.09378958333332424
45,sensor_2,4,0.10758380952380953
45,sensor_2,5,0.0838862500000067
45,sensor_2,6,0.13303833333333365
45,sensor_2,7,0.05310285714285883
45,sensor_2,8,0.09278499999999809
45,sensor_2,9,0.15037333333334216
45,sensor_2,10,0.13881166666667744
45,sensor_3,1,17.665599999999912
45,sensor_3,2,14.44815833333357
45,sensor_3,3,15.904638333333569
45,sensor_3,4,16.785639999999997
45,sensor_3,5,20.982919583332848
45,sensor_3,6,12.45539833333304
45,sensor_3,7,17.888598095238198
45,sensor_3,8,8.535179999999945
45,sensor_3,9,18.448346666666634
45,sensor_3,10,9.159826666667092
45,sensor_4,1,9.003120000000242
45,sensor_4,2,26.78330624999994
45,sensor_4,3,13.249232916666541
45,sensor_4,4,18.716149523809488
45,sensor_4,5,16.80767333333318
45,sensor_4,6,13.257929583333356
45,sensor_4,7,30.57892666666685
45,sensor_4,8,8.043202916666651
45,sensor_4,9,33.973749583334104
45,sensor_4,10,31.022786666667415
45,sensor_5,1,0.0
45,sensor_5,2,0.0
45,sensor_5,3,0.0
45,sensor_5,4,0.0
45,sensor_5,5,0.0
45,sensor_5,6,0.0
45,sensor_5,7,0.0
45,sensor_5,8,0.0
45,sensor_5,9,0.0
45,sensor_5,10,0.0
45,sensor_6,1,6.249999999998716e-06
45,sensor_6,2,1.624999999999011e-05
45,sensor_6,3,0.0
45,sensor_6,4,0.0
45,sensor_6,5,0.0
45,sensor_6,6,6.249999999998592e-06
45,sensor_6,7,0.0
45,sensor_6,8,0.0
45,sensor_6,9,0.0
45,sensor_6,10,0.0
45,sensor_7,1,0.052726666666679675
45,sensor_7,2,0.12941958333333778
45,sensor_7,3,0.25371958333333106
45,sensor_7,4,0.11368095238096894
45,sensor_7,5,0.16330666666666768
45,sensor_7,6,0.11475291666668007
45,sensor_7,7,0.1796923809523622
45,sensor_7,8,0.4743183333333399
45,sensor_7,9,0.2553600000000121
45,sensor_7,10,0.276319583333343
45,sensor_8,1,0.0011666666666681395
45,sensor_8,2,0.0006562500000053994
45,sensor_8,3,0.0011562500000093688
45,sensor_8,4,0.0007123809523887864
45,sensor_8,5,0.0003995833333339726
45,sensor_8,6,0.0012095833333429327
45,sensor_8,7,0.001283809523810759
45,sensor_8,8,0.0007583333333264039
45,sensor_8,9,0.001906250000005921
45,sensor_8,10,0.0009029166666658997
45,sensor_9,1,17.327825000000036
45,sensor_9,2,11.718386666666955
45,sensor_9,3,23.135319583333896
45,sensor_9,4,28.327740952388137
45,sensor_9,5,11.720896250001973
45,sensor_9,6,11.656189583331365
45,sensor_9,7,22.087188571427088
45,sensor_9,8,11.402760000001928
45,sensor_9,9,9.7766650000016
45,sensor_9,10,23.427692916671887
45,sensor_10,1,0.0
45,sensor_10,2,0.0
45,sensor_10,3,0.0
45,sensor_10,4,0.0
45,sensor_10,5,0.0
45,sensor_10,6,0.0
45,sensor_10,7,0.0
45,sensor_10,8,0.0
45,sensor_10,9,0.0
45,sensor_10,10,0.0
45,sensor_11,1,0.012091666666666532
45,sensor_11,2,0.007598333333333078
45,sensor_11,3,0.006913333333333399
45,sensor_11,4,0.008420952380952477
45,sensor_11,5,0.00649958333333296
45,sensor_11,6,0.01322000000000052
45,sensor_11,7,0.005902857142856935
45,sensor_11,8,0.009733333333333751
45,sensor_11,9,0.01502958333333301
45,sensor_11,10,0.025426250000000265
45,sensor_12,1,0.11221291666666179
45,sensor_12,2,0.06427291666667803
45,sensor_12,3,0.07220291666666714
45,sensor_12,4,0.10086380952380085
45,sensor_12,5,0.11818500000000419
45,sensor_12,6,0.11754625000000189
45,sensor_12,7,0.11274571428569788
45,sensor_12,8,0.12753958333332865
45,sensor_12,9,0.15227999999997524
45,sensor_12,10,0.13771999999995518
45,sensor_13,1,0.0011429166666677626
45,sensor_13,2,0.0007316666666687956
45,sensor_13,3,0.0011316666666743695
45,sensor_13,4,0.0011695238095238483
45,sensor_13,5,0.0006262500000048751
45,sensor_13,6,0.000819999999997817
45,sensor_13,7,0.0013742857142926012
45,sensor_13,8,0.0005066666666652465
45,sensor_13,9,0.001065000000012881
45,sensor_13,10,0.0013662499999997555
45,sensor_14,1,14.464393333333511
45,sensor_14,2,11.093313333333619
45,sensor_14,3,10.641366666666967
45,sensor_14,4,8.944188571429114
45,sensor_14,5,10.325436249999917
45,sensor_14,6,11.351696249999513
45,sensor_14,7,10.836745714285684
45,sensor_14,8,11.72219833333272
45,sensor_14,9,8.562879583332297
45,sensor_14,10,13.231940000001128
45,sensor_15,1,0.00030929695833334457
45,sensor_15,2,0.00048595829166667127
45,sensor_15,3,0.0003802302916666671
45,sensor_15,4,0.00025739923809524383
45,sensor_15,5,0.0002954362916666494
45,sensor_15,6,0.00042699849999999637
45,sensor_15,7,0.0004796063809523837
45,sensor_15,8,0.0009238122916666796
45,sensor_15,9,0.00041067466666667676
45,sensor_15,10,0.0006963166666666274
45,sensor_16,1,0.0
45,sensor_16,2,0.0
45,sensor_16,3,0.0
45,sensor_16,4,0.0
45,sensor_16,5,0.0
45,sensor_16,6,0.0
45,sensor_16,7,0.0
45,sensor_16,8,0.0
45,sensor_16,9,0.0
45,sensor_16,10,0.0
45,sensor_17,1,0.6666666666666801
45,sensor_17,2,0.7625000000000067
45,sensor_17,3,1.3333333333333461
45,sensor_17,4,0.9714285714285652
45,sensor_17,5,1.5291666666666346
45,sensor_17,6,0.78333333333331
45,sensor_17,7,1.0666666666666842
45,sensor_17,8,0.7833333333333565
45,sensor_17,9,0.6666666666666637
45,sensor_17,10,0.7833333333333469
45,sensor_18,1,0.0
45,sensor_18,2,0.0
45,sensor_18,3,0.0
45,sensor_18,4,0.0
45,sensor_18,5,0.0
45,sensor_18,6,0.0
45,sensor_18,7,0.0
45,sensor_18,8,0.0
45,sensor_18,9,0.0
45,sensor_18,10,0.0
45,sensor_19,1,0.0
45,sensor_19,2,0.0
45,sensor_19,3,0.0
45,sensor_19,4,0.0
45,sensor_19,5,0.0
45,sensor_19,6,0.0
45,sensor_19,7,0.0
45,sensor_19,8,0.0
45,sensor_19,9,0.0
45,sensor_19,10,0.0
45,sensor_20,1,0.008082916666666365
45,sensor_20,2,0.010646666666666693
45,sensor_20,3,0.00764291666666651
45,sensor_20,4,0.010183809523809692
45,sensor_20,5,0.009584999999999963
45,sensor_20,6,0.006399999999999717
45,sensor_20,7,0.010898095238095184
45,sensor_20,8,0.01846624999999982
45,sensor_20,9,0.01379833333333335
45,sensor_20,10,0.015946666666666474
45,sensor_21,1,0.002786957958333353
45,sensor_21,2,0.004025720958333313
45,sensor_21,3,0.003909148666666677
45,sensor_21,4,0.0025594535238094647
45,sensor_21,5,0.004542133333333317
45,sensor_21,6,0.002479886624999999
45,sensor_21,7,0.0037578628571428114
45,sensor_21,8,0.0029443173333334183
45,sensor_21,9,0.005706327333333353
45,sensor_21,10,0.0055585972916664585
46,setting_1,1,3.94713846153846e-06
46,setting_1,2,4.781984615384615e-06
46,setting_1,3,4.630899999999999e-06
46,setting_1,4,5.3961846153846155e-06
46,setting_1,5,4.920733333333333e-06
46,setting_1,6,4.964446153846153e-06
46,setting_1,7,7.159733333333335e-06
46,setting_1,8,8.524015384615385e-06
46,setting_1,9,4.637233333333334e-06
46,setting_1,10,4.2519538461538455e-06
46,setting_2,1,8.166153846153846e-08
46,setting_2,2,8.720000000000001e-08
46,setting_2,3,1.0173333333333337e-07
46,setting_2,4,9.366153846153846e-08
46,setting_2,5,1.0126666666666667e-07
46,setting_2,6,1.2018461538461537e-07
46,setting_2,7,8.306666666666666e-08
46,setting_2,8,9.95846153846154e-08
46,setting_2,9,1.0206666666666665e-07
46,setting_2,10,7.34153846153846e-08
46,setting_3,1,0.0
46,setting_3,2,0.0
46,setting_3,3,0.0
46,setting_3,4,0.0
46,setting_3,5,0.0
46,setting_3,6,0.0
46,setting_3,7,0.0
46,setting_3,8,0.0
46,setting_3,9,0.0
46,setting_3,10,0.0
46,sensor_1,1,0.0
46,sensor_1,2,0.0
46,sensor_1,3,0.0
46,sensor_1,4,0.0
46,sensor_1,5,0.0
46,sensor_1,6,0.0
46,sensor_1,7,0.0
46,sensor_1,8,0.0
46,sensor_1,9,0.0
46,sensor_1,10,0.0
46,sensor_2,1,0.07834953846154862
46,sensor_2,2,0.11921415384615758
46,sensor_2,3,0.09746666666663541
46,sensor_2,4,0.06640000000001733
46,sensor_2,5,0.10242599999999531
46,sensor_2,6,0.0428444615384602
46,sensor_2,7,0.08305400000001346
46,sensor_2,8,0.07526646153845361
46,sensor_2,9,0.10691733333332631
46,sensor_2,10,0.19072753846161197
46,sensor_3,1,35.71577061538476
46,sensor_3,2,9.99090415384629
46,sensor_3,3,23.84378566666649
46,sensor_3,4,10.00886784615407
46,sensor_3,5,20.21710766666672
46,sensor_3,6,26.70939138461505
46,sensor_3,7,13.906074999999555
46,sensor_3,8,14.186319538461357
46,sensor_3,9,14.75844066666699
46,sensor_3,10,19.21454215384631
46,sensor_4,1,18.580195846153934
46,sensor_4,2,9.52233538461577
46,sensor_4,3,20.021391666666215
46,sensor_4,4,12.761884461538372
46,sensor_4,5,12.207811000000158
46,sensor_4,6,15.233236461538672
46,sensor_4,7,17.87325000000005
46,sensor_4,8,20.56897661538471
46,sensor_4,9,27.873824333333854
46,sensor_4,10,27.42195461538438
46,sensor_5,1,0.0
46,sensor_5,2,0.0
46,sensor_5,3,0.0
46,sensor_5,4,0.0
46,sensor_5,5,0.0
46,sensor_5,6,0.0
46,sensor_5,7,0.0
46,sensor_5,8,0.0
46,sensor_5,9,0.0
46,sensor_5,10,0.0
46,sensor_6,1,1.353846153845272e-05
46,sensor_6,2,3.846153846152638e-06
46,sensor_6,3,3.9999999999980745e-06
46,sensor_6,4,1.3538461538455537e-05
46,sensor_6,5,0.0
46,sensor_6,6,0.0
46,sensor_6,7,0.0
46,sensor_6,8,0.0
46,sensor_6,9,0.0
46,sensor_6,10,0.0
46,sensor_7,1,0.176265384615377
46,sensor_7,2,0.17712938461539274
46,sensor_7,3,0.23757500000000265
46,sensor_7,4,0.15766661538460935
46,sensor_7,5,0.16313400000000944
46,sensor_7,6,0.1515224615384609
46,sensor_7,7,0.07595833333334247
46,sensor_7,8,0.20015261538460893
46,sensor_7,9,0.16561266666667127
46,sensor_7,10,0.32852999999998544
46,sensor_8,1,0.0007404615384616273
46,sensor_8,2,0.000801384615389342
46,sensor_8,3,0.0008806666666683912
46,sensor_8,4,0.0009380000000022238
46,sensor_8,5,0.0005190000000009383
46,sensor_8,6,0.0012604615384592885
46,sensor_8,7,0.0007940000000016419
46,sensor_8,8,0.0014161538461520556
46,sensor_8,9,0.0008500000000058215
46,sensor_8,10,0.0019995384615345974
46,sensor_9,1,21.82560015384267
46,sensor_9,2,9.697577846155983
46,sensor_9,3,24.4657526666702
46,sensor_9,4,12.753873846153594
46,sensor_9,5,17.370665666666202
46,sensor_9,6,12.30775153846269
46,sensor_9,7,18.579089333329737
46,sensor_9,8,17.420714615382767
46,sensor_9,9,19.142467666666892
46,sensor_9,10,21.709044461544103
46,sensor_10,1,0.0
46,sensor_10,2,0.0
46,sensor_10,3,0.0
46,sensor_10,4,0.0
46,sensor_10,5,0.0
46,sensor_10,6,0.0
46,sensor_10,7,0.0
46,sensor_10,8,0.0
46,sensor_10,9,0.0
46,sensor_10,10,0.0
46,sensor_11,1,0.00804384615384597
46,sensor_11,2,0.007425846153846028
46,sensor_11,3,0.013645999999999846
46,sensor_11,4,0.009476461538461413
46,sensor_11,5,0.011403999999999768
46,sensor_11,6,0.014068461538462407
46,sensor_11,7,0.013891666666666759
46,sensor_11,8,0.006266615384615447
46,sensor_11,9,0.015058333333332757
46,sensor_11,10,0.02928015384615415
46,sensor_12,1,0.05580261538461182
46,sensor_12,2,0.08432938461536715
46,sensor_12,3,0.10921600000000538
46,sensor_12,4,0.0687404615384445
46,sensor_12,5,0.06456933333333228
46,sensor_12,6,0.10648015384613874
46,sensor_12,7,0.11414100000000126
46,sensor_12,8,0.0732553846153864
46,sensor_12,9,0.14187733333333266
46,sensor_12,10,0.11962353846152794
46,sensor_13,1,0.0009913846153872252
46,sensor_13,2,0.0007755384615410647
46,sensor_13,3,0.0009333333333386527
46,sensor_13,4,0.0007446153846190554
46,sensor_13,5,0.001308333333333535
46,sensor_13,6,0.0008080000000003833
46,sensor_13,7,0.0009560000000011205
46,sensor_13,8,0.0014541538461551504
46,sensor_13,9,0.0012109999999960366
46,sensor_13,10,0.0017546153846052521
46,sensor_14,1,9.999860461538148
46,sensor_14,2,11.464748461538946
46,sensor_14,3,9.781040666666058
46,sensor_14,4,7.860407538461244
46,sensor_14,5,5.4446843333312644
46,sensor_14,6,10.715584153845791
46,sensor_14,7,11.28697733333587
46,sensor_14,8,10.710183999999858
46,sensor_14,9,15.149791666663658
46,sensor_14,10,13.566718153841522
46,sensor_15,1,0.00040722633846153815
46,sensor_15,2,0.0003634496153846349
46,sensor_15,3,0.00045422193333333655
46,sensor_15,4,0.00044791618461538133
46,sensor_15,5,0.0004533161000000146
46,sensor_15,6,0.0005027357538461692
46,sensor_15,7,0.00042102710000000966
46,sensor_15,8,0.0004509223384615433
46,sensor_15,9,0.0003744869333333288
46,sensor_15,10,0.0003137663538461434
46,sensor_16,1,0.0
46,sensor_16,2,0.0
46,sensor_16,3,0.0
46,sensor_16,4,0.0
46,sensor_16,5,0.0
46,sensor_16,6,0.0
46,sensor_16,7,0.0
46,sensor_16,8,0.0
46,sensor_16,9,0.0
46,sensor_16,10,0.0
46,sensor_17,1,0.7446153846153699
46,sensor_17,2,0.7384615384615459
46,sensor_17,3,0.8433333333333227
46,sensor_17,4,0.715384615384616
46,sensor_17,5,1.4566666666666575
46,sensor_17,6,0.7815384615384733
46,sensor_17,7,0.643333333333329
46,sensor_17,8,0.40615384615383676
46,sensor_17,9,1.206666666666717
46,sensor_17,10,1.0646153846153465
46,sensor_18,1,0.0
46,sensor_18,2,0.0
46,sensor_18,3,0.0
46,sensor_18,4,0.0
46,sensor_18,5,0.0
46,sensor_18,6,0.0
46,sensor_18,7,0.0
46,sensor_18,8,0.0
46,sensor_18,9,0.0
46,sensor_18,10,0.0
46,sensor_19,1,0.0
46,sensor_19,2,0.0
46,sensor_19,3,0.0
46,sensor_19,4,0.0
46,sensor_19,5,0.0
46,sensor_19,6,0.0
46,sensor_19,7,0.0
46,sensor_19,8,0.0
46,sensor_19,9,0.0
46,sensor_19,10,0.0
46,sensor_20,1,0.010437538461538262
46,sensor_20,2,0.008856000000000058
46,sensor_20,3,0.008595999999999987
46,sensor_20,4,0.007172461538461781
46,sensor_20,5,0.01742500000000009
46,sensor_20,6,0.007036461538461349
46,sensor_20,7,0.010966666666666847
46,sensor_20,8,0.01172861538461499
46,sensor_20,9,0.017749333333333724
46,sensor_20,10,0.011908461538461368
46,sensor_21,1,0.0023739952153846535
46,sensor_21,2,0.002857461661538491
46,sensor_21,3,0.003911711666666708
46,sensor_21,4,0.00379923679999993
46,sensor_21,5,0.0035435589333333174
46,sensor_21,6,0.003794362953846158
46,sensor_21,7,0.004423677433333432
46,sensor_21,8,0.0030475703999999987
46,sensor_21,9,0.0043411072333333165
46,sensor_21,10,0.0059619173538458525
47,setting_1,1,3.2868398268398275e-06
47,setting_1,2,4.189333333333332e-06
47,setting_1,3,5.0552857142857146e-06
47,setting_1,4,3.4069480519480517e-06
47,setting_1,5,5.605619047619048e-06
47,setting_1,6,1.1472285714285718e-05
47,setting_1,7,4.601645021645021e-06
47,setting_1,8,4.104904761904762e-06
47,setting_1,9,6.070142857142858e-06
47,setting_1,10,1.119922077922078e-05
47,setting_2,1,9.212121212121213e-08
47,setting_2,2,7.690476190476191e-08
47,setting_2,3,8.390476190476188e-08
47,setting_2,4,8.112554112554113e-08
47,setting_2,5,7.247619047619048e-08
47,setting_2,6,1.3061904761904762e-07
47,setting_2,7,9.326839826839827e-08
47,setting_2,8,7.147619047619047e-08
47,setting_2,9,5.9476190476190485e-08
47,setting_2,10,1.0190476190476191e-07
47,setting_3,1,0.0
47,setting_3,2,0.0
47,setting_3,3,0.0
47,setting_3,4,0.0
47,setting_3,5,0.0
47,setting_3,6,0.0
47,setting_3,7,0.0
47,setting_3,8,0.0
47,setting_3,9,0.0
47,setting_3,10,0.0
47,sensor_1,1,0.0
47,sensor_1,2,0.0
47,sensor_1,3,0.0
47,sensor_1,4,0.0
47,sensor_1,5,0.0
47,sensor_1,6,0.0
47,sensor_1,7,0.0
47,sensor_1,8,0.0
47,sensor_1,9,0.0
47,sensor_1,10,0.0
47,sensor_2,1,0.06598008658008406
47,sensor_2,2,0.15582904761904504
47,sensor_2,3,0.09344285714285726
47,sensor_2,4,0.0865326839826848
47,sensor_2,5,0.12255142857142036
47,sensor_2,6,0.08390333333333728
47,sensor_2,7,0.08502077922079201
47,sensor_2,8,0.1481957142857317
47,sensor_2,9,0.08087476190476697
47,sensor_2,10,0.11788852813850705
47,sensor_3,1,24.382218398268066
47,sensor_3,2,11.885799047619084
47,sensor_3,3,17.980349047618805
47,sensor_3,4,6.542321428571757
47,sensor_3,5,19.22950142857141
47,sensor_3,6,9.165402857142807
47,sensor_3,7,19.672001731601593
47,sensor_3,8,9.469084761904494
47,sensor_3,9,25.749851428571514
47,sensor_3,10,18.194865800866296
47,sensor_4,1,19.846529004328907
47,sensor_4,2,15.191753333333716
47,sensor_4,3,25.034914761904933
47,sensor_4,4,20.35638030303032
47,sensor_4,5,14.501089047618995
47,sensor_4,6,21.326149047618994
47,sensor_4,7,15.223706493506583
47,sensor_4,8,24.789255714286078
47,sensor_4,9,15.432183333332716
47,sensor_4,10,28.847205194805742
47,sensor_5,1,0.0
47,sensor_5,2,0.0
47,sensor_5,3,0.0
47,sensor_5,4,0.0
47,sensor_5,5,0.0
47,sensor_5,6,0.0
47,sensor_5,7,0.0
47,sensor_5,8,0.0
47,sensor_5,9,0.0
47,sensor_5,10,0.0
47,sensor_6,1,8.658008658006618e-06
47,sensor_6,2,9.047619047620206e-06
47,sensor_6,3,9.04761904761946e-06
47,sensor_6,4,8.658008658009308e-06
47,sensor_6,5,4.761904761903351e-06
47,sensor_6,6,0.0
47,sensor_6,7,0.0
47,sensor_6,8,0.0
47,sensor_6,9,0.0
47,sensor_6,10,0.0
47,sensor_7,1,0.23920173160172106
47,sensor_7,2,0.08204333333333698
47,sensor_7,3,0.11733619047616968
47,sensor_7,4,0.218746536796538
47,sensor_7,5,0.15992476190476998
47,sensor_7,6,0.24961619047619482
47,sensor_7,7,0.15861233766234756
47,sensor_7,8,0.13165571428571202
47,sensor_7,9,0.26421476190477544
47,sensor_7,10,0.26338982683979945
47,sensor_8,1,0.0010616883116913887
47,sensor_8,2,0.000786190476193664
47,sensor_8,3,0.000514761904769985
47,sensor_8,4,0.0011012987013004276
47,sensor_8,5,0.0009857142857195157
47,sensor_8,6,0.002066190476186294
47,sensor_8,7,0.001253679653683295
47,sensor_8,8,0.0007547619047600458
47,sensor_8,9,0.0011047619047649246
47,sensor_8,10,0.0015777056276844368
47,sensor_9,1,15.801062337660907
47,sensor_9,2,10.63804476190328
47,sensor_9,3,17.882719047621013
47,sensor_9,4,9.476329004329099
47,sensor_9,5,10.493426190475406
47,sensor_9,6,18.53193619047436
47,sensor_9,7,20.768941991341293
47,sensor_9,8,16.851765714287858
47,sensor_9,9,19.95250904762513
47,sensor_9,10,49.103618398283984
47,sensor_10,1,0.0
47,sensor_10,2,0.0
47,sensor_10,3,0.0
47,sensor_10,4,0.0
47,sensor_10,5,0.0
47,sensor_10,6,0.0
47,sensor_10,7,0.0
47,sensor_10,8,0.0
47,sensor_10,9,0.0
47,sensor_10,10,0.0
47,sensor_11,1,0.010140259740259897
47,sensor_11,2,0.00982904761904784
47,sensor_11,3,0.010066190476190742
47,sensor_11,4,0.014064285714285732
47,sensor_11,5,0.011763333333333448
47,sensor_11,6,0.01040476190476236
47,sensor_11,7,0.00947294372294393
47,sensor_11,8,0.011314761904762802
47,sensor_11,9,0.012611428571428598
47,sensor_11,10,0.018202813852814144
47,sensor_12,1,0.11762532467530643
47,sensor_12,2,0.07722904761902696
47,sensor_12,3,0.14493142857141916
47,sensor_12,4,0.09799415584415334
47,sensor_12,5,0.12982000000001662
47,sensor_12,6,0.0876347619047729
47,sensor_12,7,0.051373160173172595
47,sensor_12,8,0.09532904761908485
47,sensor_12,9,0.09011904761903776
47,sensor_12,10,0.12434220779220767
47,sensor_13,1,0.001104112554117137
47,sensor_13,2,0.0005547619047695172
47,sensor_13,3,0.001106190476190539
47,sensor_13,4,0.0012632034632038551
47,sensor_13,5,0.0009933333333344433
47,sensor_13,6,0.0003290476190501339
47,sensor_13,7,0.0006588744588761501
47,sensor_13,8,0.0011290476190543154
47,sensor_13,9,0.0006690476190466836
47,sensor_13,10,0.002149134199137003
47,sensor_14,1,8.888100432901563
47,sensor_14,2,5.2947828571430815
47,sensor_14,3,6.455844761904276
47,sensor_14,4,3.148884848484435
47,sensor_14,5,7.418604761904511
47,sensor_14,6,13.994169047619554
47,sensor_14,7,10.660452813852473
47,sensor_14,8,4.434196190476057
47,sensor_14,9,15.873519047618538
47,sensor_14,10,16.70564437229453
47,sensor_15,1,0.00039744909090904166
47,sensor_15,2,0.0003026369047618958
47,sensor_15,3,0.0005689425714285901
47,sensor_15,4,0.0004644748051948047
47,sensor_15,5,0.000518285619047627
47,sensor_15,6,0.0005554433333333311
47,sensor_15,7,0.00037376874458873227
47,sensor_15,8,0.00027040190476191207
47,sensor_15,9,0.00042296490476191937
47,sensor_15,10,0.0005684775974025705
47,sensor_16,1,0.0
47,sensor_16,2,0.0
47,sensor_16,3,0.0
47,sensor_16,4,0.0
47,sensor_16,5,0.0
47,sensor_16,6,0.0
47,sensor_16,7,0.0
47,sensor_16,8,0.0
47,sensor_16,9,0.0
47,sensor_16,10,0.0
47,sensor_17,1,1.2316017316017072
47,sensor_17,2,1.3619047619047577
47,sensor_17,3,0.6285714285714219
47,sensor_17,4,1.742424242424244
47,sensor_17,5,1.000000000000014
47,sensor_17,6,0.7285714285714481
47,sensor_17,7,0.833333333333328
47,sensor_17,8,0.7571428571428525
47,sensor_17,9,0.4904761904761837
47,sensor_17,10,0.9264069264069521
47,sensor_18,1,0.0
47,sensor_18,2,0.0
47,sensor_18,3,0.0
47,sensor_18,4,0.0
47,sensor_18,5,0.0
47,sensor_18,6,0.0
47,sensor_18,7,0.0
47,sensor_18,8,0.0
47,sensor_18,9,0.0
47,sensor_18,10,0.0
47,sensor_19,1,0.0
47,sensor_19,2,0.0
47,sensor_19,3,0.0
47,sensor_19,4,0.0
47,sensor_19,5,0.0
47,sensor_19,6,0.0
47,sensor_19,7,0.0
47,sensor_19,8,0.0
47,sensor_19,9,0.0
47,sensor_19,10,0.0
47,sensor_20,1,0.009742207792207719
47,sensor_20,2,0.012179047619047891
47,sensor_20,3,0.006066190476190639
47,sensor_20,4,0.012528354978355345
47,sensor_20,5,0.009754761904761685
47,sensor_20,6,0.017264761904761776
47,sensor_20,7,0.005841774891774708
47,sensor_20,8,0.010946190476190817
47,sensor_20,9,0.010479999999999759
47,sensor_20,10,0.01408138528138527
47,sensor_21,1,0.005342905627705666
47,sensor_21,2,0.00219095261904766
47,sensor_21,3,0.00186187990476194
47,sensor_21,4,0.0046232206277055975
47,sensor_21,5,0.0031971731428572193
47,sensor_21,6,0.0029329039047619387
47,sensor_21,7,0.0035850098917749587
47,sensor_21,8,0.0024751036190476276
47,sensor_21,9,0.002981944476190557
47,sensor_21,10,0.0032915196536797493
48,setting_1,1,4.855634057971016e-06
48,setting_1,2,3.652213438735178e-06
48,setting_1,3,4.642648221343874e-06
48,setting_1,4,3.3699604743082996e-06
48,setting_1,5,5.32909090909091e-06
48,setting_1,6,3.858577075098814e-06
48,setting_1,7,4.751106719367588e-06
48,setting_1,8,2.6433201581027674e-06
48,setting_1,9,2.5149407114624506e-06
48,setting_1,10,6.513636363636363e-06
48,setting_2,1,7.027173913043478e-08
48,setting_2,2,9.691699604743083e-08
48,setting_2,3,6.450592885375495e-08
48,setting_2,4,8.747035573122528e-08
48,setting_2,5,6.446640316205535e-08
48,setting_2,6,8.363636363636364e-08
48,setting_2,7,1.0241106719367588e-07
48,setting_2,8,9.134387351778656e-08
48,setting_2,9,8.403162055335968e-08
48,setting_2,10,8.90513833992095e-08
48,setting_3,1,0.0
48,setting_3,2,0.0
48,setting_3,3,0.0
48,setting_3,4,0.0
48,setting_3,5,0.0
48,setting_3,6,0.0
48,setting_3,7,0.0
48,setting_3,8,0.0
48,setting_3,9,0.0
48,setting_3,10,0.0
48,sensor_1,1,0.0
48,sensor_1,2,0.0
48,sensor_1,3,0.0
48,sensor_1,4,0.0
48,sensor_1,5,0.0
48,sensor_1,6,0.0
48,sensor_1,7,0.0
48,sensor_1,8,0.0
48,sensor_1,9,0.0
48,sensor_1,10,0.0
48,sensor_2,1,0.09073894927538265
48,sensor_2,2,0.049225691699604474
48,sensor_2,3,0.048789328063248934
48,sensor_2,4,0.11087035573121944
48,sensor_2,5,0.07732648221344274
48,sensor_2,6,0.0919719367588885
48,sensor_2,7,0.03926245059289467
48,sensor_2,8,0.1310272727272804
48,sensor_2,9,0.1399905138339921
48,sensor_2,10,0.15137865612653906
48,sensor_3,1,18.511127536231832
48,sensor_3,2,18.496444268775
48,sensor_3,3,15.872177075098762
48,sensor_3,4,8.615735177865577
48,sensor_3,5,16.8566166007903
48,sensor_3,6,15.04675138339921
48,sensor_3,7,14.155129249011964
48,sensor_3,8,25.900802766798794
48,sensor_3,9,18.005006719367593
48,sensor_3,10,16.79063320158127
48,sensor_4,1,19.5932896739132
48,sensor_4,2,18.20422411067184
48,sensor_4,3,17.411550988142707
48,sensor_4,4,17.410462450592863
48,sensor_4,5,11.721835968379422
48,sensor_4,6,22.772205928853673
48,sensor_4,7,17.28941462450621
48,sensor_4,8,17.54963280632382
48,sensor_4,9,15.74915296442706
48,sensor_4,10,42.32673517786546
48,sensor_5,1,0.0
48,sensor_5,2,0.0
48,sensor_5,3,0.0
48,sensor_5,4,0.0
48,sensor_5,5,0.0
48,sensor_5,6,0.0
48,sensor_5,7,0.0
48,sensor_5,8,0.0
48,sensor_5,9,0.0
48,sensor_5,10,0.0
48,sensor_6,1,1.141304347825827e-05
48,sensor_6,2,1.5019762845842228e-05
48,sensor_6,3,8.30039525691661e-06
48,sensor_6,4,4.347826086958424e-06
48,sensor_6,5,0.0
48,sensor_6,6,0.0
48,sensor_6,7,4.347826086957616e-06
48,sensor_6,8,4.347826086954948e-06
48,sensor_6,9,0.0
48,sensor_6,10,0.0
48,sensor_7,1,0.14267373188406535
48,sensor_7,2,0.20954426877470836
48,sensor_7,3,0.15014031620553994
48,sensor_7,4,0.11330000000002433
48,sensor_7,5,0.20136916996050006
48,sensor_7,6,0.21801699604743963
48,sensor_7,7,0.15910276679840388
48,sensor_7,8,0.2530150197628291
48,sensor_7,9,0.2923450592885189
48,sensor_7,10,0.3655632411067273
48,sensor_8,1,0.0007635869565214778
48,sensor_8,2,0.0005632411067220987
48,sensor_8,3,0.0006588932806320052
48,sensor_8,4,0.0007533596837934384
48,sensor_8,5,0.0008316205533611593
48,sensor_8,6,0.00046047430830187567
48,sensor_8,7,0.0009158102766827536
48,sensor_8,8,0.0005806324110696125
48,sensor_8,9,0.001540711462456109
48,sensor_8,10,0.009323715415004588
48,sensor_9,1,10.651904166666483
48,sensor_9,2,15.618781027666653
48,sensor_9,3,20.520872332012917
48,sensor_9,4,14.321425691698892
48,sensor_9,5,21.758289723321614
48,sensor_9,6,30.857386166018
48,sensor_9,7,33.851726086956546
48,sensor_9,8,48.050781422920515
48,sensor_9,9,121.71943596839331
48,sensor_9,10,431.1630802371586
48,sensor_10,1,0.0
48,sensor_10,2,0.0
48,sensor_10,3,0.0
48,sensor_10,4,0.0
48,sensor_10,5,0.0
48,sensor_10,6,0.0
48,sensor_10,7,0.0
48,sensor_10,8,0.0
48,sensor_10,9,0.0
48,sensor_10,10,0.0
48,sensor_11,1,0.01888532608695707
48,sensor_11,2,0.011122529644269068
48,sensor_11,3,0.004903952569169829
48,sensor_11,4,0.00654940711462448
48,sensor_11,5,0.009349802371541337
48,sensor_11,6,0.010963241106719111
48,sensor_11,7,0.012515019762845664
48,sensor_11,8,0.012433992094860846
48,sensor_11,9,0.013251383399209787
48,sensor_11,10,0.02280830039525731
48,sensor_12,1,0.06903025362316917
48,sensor_12,2,0.06953320158103471
48,sensor_12,3,0.0686537549407134
48,sensor_12,4,0.08348102766797995
48,sensor_12,5,0.05900671936759944
48,sensor_12,6,0.09449881422927192
48,sensor_12,7,0.1472221343873772
48,sensor_12,8,0.14162213438731572
48,sensor_12,9,0.1465976284585132
48,sensor_12,10,0.08578932806324155
48,sensor_13,1,0.00068623188406431
48,sensor_13,2,0.0010430830039526219
48,sensor_13,3,0.0017936758893310081
48,sensor_13,4,0.000735177865617281
48,sensor_13,5,0.0011442687747020945
48,sensor_13,6,0.0006948616600830808
48,sensor_13,7,0.0005770750988108816
48,sensor_13,8,0.0011272727272756558
48,sensor_13,9,0.0013446640316107485
48,sensor_13,10,0.010411067193682788
48,sensor_14,1,9.263736231884103
48,sensor_14,2,13.349860474308256
48,sensor_14,3,9.350756521740093
48,sensor_14,4,6.83447193675866
48,sensor_14,5,10.404576679841893
48,sensor_14,6,11.46910395256886
48,sensor_14,7,17.720293675888115
48,sensor_14,8,37.379994861656954
48,sensor_14,9,98.36631462450468
48,sensor_14,10,342.0074968379368
48,sensor_15,1,0.0002226365036231874
48,sensor_15,2,0.00037017221343873673
48,sensor_15,3,0.000364061778656132
48,sensor_15,4,0.0005780590513833991
48,sensor_15,5,0.0003383808300395121
48,sensor_15,6,0.00043288043478260967
48,sensor_15,7,0.0006424763241106657
48,sensor_15,8,0.000465680395256916
48,sensor_15,9,0.0004310858893280367
48,sensor_15,10,0.00033205837944662965
48,sensor_16,1,0.0
48,sensor_16,2,0.0
48,sensor_16,3,0.0
48,sensor_16,4,0.0
48,sensor_16,5,0.0
48,sensor_16,6,0.0
48,sensor_16,7,0.0
48,sensor_16,8,0.0
48,sensor_16,9,0.0
48,sensor_16,10,0.0
48,sensor_17,1,1.014492753623199
48,sensor_17,2,0.8853754940711481
48,sensor_17,3,0.8577075098814307
48,sensor_17,4,0.45454545454544987
48,sensor_17,5,0.7193675889327867
48,sensor_17,6,0.7549407114624419
48,sensor_17,7,0.9486166007905172
48,sensor_17,8,0.9644268774703562
48,sensor_17,9,1.300395256917039
48,sensor_17,10,1.086956521739148
48,sensor_18,1,0.0
48,sensor_18,2,0.0
48,sensor_18,3,0.0
48,sensor_18,4,0.0
48,sensor_18,5,0.0
48,sensor_18,6,0.0
48,sensor_18,7,0.0
48,sensor_18,8,0.0
48,sensor_18,9,0.0
48,sensor_18,10,0.0
48,sensor_19,1,0.0
48,sensor_19,2,0.0
48,sensor_19,3,0.0
48,sensor_19,4,0.0
48,sensor_19,5,0.0
48,sensor_19,6,0.0
48,sensor_19,7,0.0
48,sensor_19,8,0.0
48,sensor_19,9,0.0
48,sensor_19,10,0.0
48,sensor_20,1,0.009380978260869274
48,sensor_20,2,0.016971541501976266
48,sensor_20,3,0.010869565217391599
48,sensor_20,4,0.009760474308300257
48,sensor_20,5,0.012234782608695528
48,sensor_20,6,0.010592885375494621
48,sensor_20,7,0.008540316205533789
48,sensor_20,8,0.006399604743082905
48,sensor_20,9,0.01258577075098773
48,sensor_20,10,0.015194861660079067
48,sensor_21,1,0.003720974764492881
48,sensor_21,2,0.0035749143873517204
48,sensor_21,3,0.0034489507509881546
48,sensor_21,4,0.002969235138340001
48,sensor_21,5,0.005084303517786688
48,sensor_21,6,0.001973305731225307
48,sensor_21,7,0.004470577707509662
48,sensor_21,8,0.003700215335968404
48,sensor_21,9,0.006981305889328276
48,sensor_21,10,0.004615402411067224
49,setting_1,1,4.483311688311688e-06
49,setting_1,2,3.2606190476190476e-06
49,setting_1,3,4.034220779220779e-06
49,setting_1,4,4.780619047619047e-06
49,setting_1,5,3.3332467532467536e-06
49,setting_1,6,4.985904761904762e-06
49,setting_1,7,6.339571428571429e-06
49,setting_1,8,4.403722943722945e-06
49,setting_1,9,5.982571428571429e-06
49,setting_1,10,4.9945670995671e-06
49,setting_2,1,8.348484848484848e-08
49,setting_2,2,7.257142857142857e-08
49,setting_2,3,9.419913419913421e-08
49,setting_2,4,9.290476190476191e-08
49,setting_2,5,8.155844155844155e-08
49,setting_2,6,7.190476190476191e-08
49,setting_2,7,7.847619047619048e-08
49,setting_2,8,1.199134199134199e-07
49,setting_2,9,8.214285714285712e-08
49,setting_2,10,7.350649350649351e-08
49,setting_3,1,0.0
49,setting_3,2,0.0
49,setting_3,3,0.0
49,setting_3,4,0.0
49,setting_3,5,0.0
49,setting_3,6,0.0
49,setting_3,7,0.0
49,setting_3,8,0.0
49,setting_3,9,0.0
49,setting_3,10,0.0
49,sensor_1,1,0.0
49,sensor_1,2,0.0
49,sensor_1,3,0.0
49,sensor_1,4,0.0
49,sensor_1,5,0.0
49,sensor_1,6,0.0
49,sensor_1,7,0.0
49,sensor_1,8,0.0
49,sensor_1,9,0.0
49,sensor_1,10,0.0
49,sensor_2,1,0.06827792207791734
49,sensor_2,2,0.18713571428572195
49,sensor_2,3,0.06342770562769853
49,sensor_2,4,0.08732904761905805
49,sensor_2,5,0.08016103896102293
49,sensor_2,6,0.06347285714284304
49,sensor_2,7,0.1054157142857021
49,sensor_2,8,0.10438030303030732
49,sensor_2,9,0.1348447619047547
49,sensor_2,10,0.08485389610387946
49,sensor_3,1,23.976542207792292
49,sensor_3,2,12.01207571428597
49,sensor_3,3,19.05113073593179
49,sensor_3,4,19.332600000000404
49,sensor_3,5,21.06786082251088
49,sensor_3,6,15.608739047618888
49,sensor_3,7,16.93799333333325
49,sensor_3,8,14.250238095237856
49,sensor_3,9,13.772889047619339
49,sensor_3,10,16.658180952380654
49,sensor_4,1,25.29047900432899
49,sensor_4,2,8.799736190476175
49,sensor_4,3,11.872080735930533
49,sensor_4,4,11.405696190476117
49,sensor_4,5,15.21480454545459
49,sensor_4,6,14.174924761905146
49,sensor_4,7,17.069294761904747
49,sensor_4,8,19.41862077922137
49,sensor_4,9,19.303886190476465
49,sensor_4,10,16.79133852813865
49,sensor_5,1,0.0
49,sensor_5,2,0.0
49,sensor_5,3,0.0
49,sensor_5,4,0.0
49,sensor_5,5,0.0
49,sensor_5,6,0.0
49,sensor_5,7,0.0
49,sensor_5,8,0.0
49,sensor_5,9,0.0
49,sensor_5,10,0.0
49,sensor_6,1,0.0
49,sensor_6,2,0.0
49,sensor_6,3,0.0
49,sensor_6,4,0.0
49,sensor_6,5,0.0
49,sensor_6,6,0.0
49,sensor_6,7,0.0
49,sensor_6,8,0.0
49,sensor_6,9,0.0
49,sensor_6,10,0.0
49,sensor_7,1,0.11804177489178211
49,sensor_7,2,0.10903476190476531
49,sensor_7,3,0.1564528138528329
49,sensor_7,4,0.18727000000000857
49,sensor_7,5,0.12312294372295388
49,sensor_7,6,0.06309571428571457
49,sensor_7,7,0.10758142857142557
49,sensor_7,8,0.11044437229436213
49,sensor_7,9,0.2674914285714486
49,sensor_7,10,0.1865445887445595
49,sensor_8,1,0.0009179653679665437
49,sensor_8,2,0.0008547619047597091
49,sensor_8,3,0.0005941558441519322
49,sensor_8,4,0.000522857142847893
49,sensor_8,5,0.0003361471861460176
49,sensor_8,6,0.000809047619047344
49,sensor_8,7,0.0012290476190428157
49,sensor_8,8,0.0009826839826897703
49,sensor_8,9,0.0009647619047545369
49,sensor_8,10,0.0012060606060752075
49,sensor_9,1,28.57540865800999
49,sensor_9,2,15.197944761905333
49,sensor_9,3,21.057487445887503
49,sensor_9,4,18.94341333333388
49,sensor_9,5,26.654955194804675
49,sensor_9,6,19.39469571428817
49,sensor_9,7,28.620713333333203
49,sensor_9,8,14.961672727267429
49,sensor_9,9,25.108095714284314
49,sensor_9,10,29.85792294371666
49,sensor_10,1,0.0
49,sensor_10,2,0.0
49,sensor_10,3,0.0
49,sensor_10,4,0.0
49,sensor_10,5,0.0
49,sensor_10,6,0.0
49,sensor_10,7,0.0
49,sensor_10,8,0.0
49,sensor_10,9,0.0
49,sensor_10,10,0.0
49,sensor_11,1,0.007314285714286
49,sensor_11,2,0.01730904761904725
49,sensor_11,3,0.005270346320346456
49,sensor_11,4,0.011076190476190408
49,sensor_11,5,0.013660822510822781
49,sensor_11,6,0.01132619047619067
49,sensor_11,7,0.018071428571428967
49,sensor_11,8,0.01392748917748883
49,sensor_11,9,0.010543333333333798
49,sensor_11,10,0.01250757575757562
49,sensor_12,1,0.07435692640690945
49,sensor_12,2,0.058121428571434985
49,sensor_12,3,0.06772034632034918
49,sensor_12,4,0.060222857142858355
49,sensor_12,5,0.08458809523811454
49,sensor_12,6,0.05473285714284508
49,sensor_12,7,0.0714657142857093
49,sensor_12,8,0.08848744588744802
49,sensor_12,9,0.08592333333332745
49,sensor_12,10,0.13219913419917387
49,sensor_13,1,0.000659956709957466
49,sensor_13,2,0.0005761904761879577
49,sensor_13,3,0.0007774891774884027
49,sensor_13,4,0.000606190476188701
49,sensor_13,5,0.0010599567099508008
49,sensor_13,6,0.0006061904761795675
49,sensor_13,7,0.0005157142857126489
49,sensor_13,8,0.0008902597402585739
49,sensor_13,9,0.0005861904761873067
49,sensor_13,10,0.0015307359307532864
49,sensor_14,1,14.789789826840314
49,sensor_14,2,9.836294761905396
49,sensor_14,3,8.131349783548965
49,sensor_14,4,6.526359047618182
49,sensor_14,5,9.607276190476563
49,sensor_14,6,13.429639047619764
49,sensor_14,7,11.895216190476201
49,sensor_14,8,7.02883463203526
49,sensor_14,9,7.984729047618194
49,sensor_14,10,8.575123160173362
49,sensor_15,1,0.00027744155844155717
49,sensor_15,2,0.0005240163333333077
49,sensor_15,3,0.00041349402597403627
49,sensor_15,4,0.00041235333333332564
49,sensor_15,5,0.0004901491991341755
49,sensor_15,6,0.000535925619047609
49,sensor_15,7,0.00029069090476190236
49,sensor_15,8,0.0004849383766233929
49,sensor_15,9,0.00028327428571428277
49,sensor_15,10,0.0006541371428571317
49,sensor_16,1,0.0
49,sensor_16,2,0.0
49,sensor_16,3,0.0
49,sensor_16,4,0.0
49,sensor_16,5,0.0
49,sensor_16,6,0.0
49,sensor_16,7,0.0
49,sensor_16,8,0.0
49,sensor_16,9,0.0
49,sensor_16,10,0.0
49,sensor_17,1,0.7987012987013021
49,sensor_17,2,0.5619047619047632
49,sensor_17,3,0.27922077922076616
49,sensor_17,4,0.7904761904761906
49,sensor_17,5,0.9025974025974159
49,sensor_17,6,1.090476190476161
49,sensor_17,7,0.6904761904761869
49,sensor_17,8,1.021645021645035
49,sensor_17,9,0.8619047619047622
49,sensor_17,10,1.0757575757576079
49,sensor_18,1,0.0
49,sensor_18,2,0.0
49,sensor_18,3,0.0
49,sensor_18,4,0.0
49,sensor_18,5,0.0
49,sensor_18,6,0.0
49,sensor_18,7,0.0
49,sensor_18,8,0.0
49,sensor_18,9,0.0
49,sensor_18,10,0.0
49,sensor_19,1,0.0
49,sensor_19,2,0.0
49,sensor_19,3,0.0
49,sensor_19,4,0.0
49,sensor_19,5,0.0
49,sensor_19,6,0.0
49,sensor_19,7,0.0
49,sensor_19,8,0.0
49,sensor_19,9,0.0
49,sensor_19,10,0.0
49,sensor_20,1,0.008966450216450103
49,sensor_20,2,0.010711428571428306
49,sensor_20,3,0.011466017316016998
49,sensor_20,4,0.014461428571428667
49,sensor_20,5,0.00790757575757532
49,sensor_20,6,0.013792857142857037
49,sensor_20,7,0.012613333333333348
49,sensor_20,8,0.012328354978354978
49,sensor_20,9,0.006469047619047601
49,sensor_20,10,0.006077922077922144
49,sensor_21,1,0.00474088588744586
49,sensor_21,2,0.0031527976190476115
49,sensor_21,3,0.003985042272727262
49,sensor_21,4,0.003993086285714443
49,sensor_21,5,0.004203459329004246
49,sensor_21,6,0.00231563714285733
49,sensor_21,7,0.004250712904761849
49,sensor_21,8,0.004006585389610479
49,sensor_21,9,0.004010426571428647
49,sensor_21,10,0.004510021645021588
50,setting_1,1,5.265763157894736e-06
50,setting_1,2,8.517473684210527e-06
50,setting_1,3,5.154842105263158e-06
50,setting_1,4,5.648947368421053e-06
50,setting_1,5,4.497263157894737e-06
50,setting_1,6,6.752526315789472e-06
50,setting_1,7,4.589122807017543e-06
50,setting_1,8,4.378184210526316e-06
50,setting_1,9,6.89042105263158e-06
50,setting_1,10,6.1388157894736845e-06
50,setting_2,1,1.0660526315789473e-07
50,setting_2,2,1.0052631578947368e-07
50,setting_2,3,6.726315789473685e-08
50,setting_2,4,1.087719298245614e-07
50,setting_2,5,7.568421052631579e-08
50,setting_2,6,1.0555263157894738e-07
50,setting_2,7,9.321637426900586e-08
50,setting_2,8,4.673684210526315e-08
50,setting_2,9,9.842105263157894e-08
50,setting_2,10,5.2526315789473685e-08
50,setting_3,1,0.0
50,setting_3,2,0.0
50,setting_3,3,0.0
50,setting_3,4,0.0
50,setting_3,5,0.0
50,setting_3,6,0.0
50,setting_3,7,0.0
50,setting_3,8,0.0
50,setting_3,9,0.0
50,setting_3,10,0.0
50,sensor_1,1,0.0
50,sensor_1,2,0.0
50,sensor_1,3,0.0
50,sensor_1,4,0.0
50,sensor_1,5,0.0
50,sensor_1,6,0.0
50,sensor_1,7,0.0
50,sensor_1,8,0.0
50,sensor_1,9,0.0
50,sensor_1,10,0.0
50,sensor_2,1,0.07220105263157568
50,sensor_2,2,0.07872526315790418
50,sensor_2,3,0.12351026315789097
50,sensor_2,4,0.05557017543859434
50,sensor_2,5,0.048826052631584946
50,sensor_2,6,0.07234184210528012
50,sensor_2,7,0.07586081871344108
50,sensor_2,8,0.1588989473684269
50,sensor_2,9,0.051647105263148516
50,sensor_2,10,0.10903578947372031
50,sensor_3,1,12.284504210526379
50,sensor_3,2,14.718222105263036
50,sensor_3,3,12.125413421052723
50,sensor_3,4,15.213267251462238
50,sensor_3,5,13.855353684210698
50,sensor_3,6,19.357318684210412
50,sensor_3,7,27.602822807017176
50,sensor_3,8,18.46957263157855
50,sensor_3,9,13.590009210526445
50,sensor_3,10,21.41602000000025
50,sensor_4,1,7.882174736841932
50,sensor_4,2,16.56766605263189
50,sensor_4,3,23.83315368421055
50,sensor_4,4,12.516724561403269
50,sensor_4,5,23.097448421052736
50,sensor_4,6,13.040932631578817
50,sensor_4,7,21.493783040935956
50,sensor_4,8,13.869358947368609
50,sensor_4,9,14.950876578947259
50,sensor_4,10,25.270337894736365
50,sensor_5,1,0.0
50,sensor_5,2,0.0
50,sensor_5,3,0.0
50,sensor_5,4,0.0
50,sensor_5,5,0.0
50,sensor_5,6,0.0
50,sensor_5,7,0.0
50,sensor_5,8,0.0
50,sensor_5,9,0.0
50,sensor_5,10,0.0
50,sensor_6,1,0.0
50,sensor_6,2,4.999999999997992e-06
50,sensor_6,3,0.0
50,sensor_6,4,0.0
50,sensor_6,5,0.0
50,sensor_6,6,0.0
50,sensor_6,7,0.0
50,sensor_6,8,0.0
50,sensor_6,9,0.0
50,sensor_6,10,0.0
50,sensor_7,1,0.1804049999999874
50,sensor_7,2,0.19418184210523692
50,sensor_7,3,0.14908710526315153
50,sensor_7,4,0.25406198830416377
50,sensor_7,5,0.18160289473686594
50,sensor_7,6,0.10996710526315467
50,sensor_7,7,0.10536725146200518
50,sensor_7,8,0.14815236842103682
50,sensor_7,9,0.1779713157894889
50,sensor_7,10,0.18556421052629962
50,sensor_8,1,0.0007010526315841796
50,sensor_8,2,0.0007397368421040068
50,sensor_8,3,0.001036578947367668
50,sensor_8,4,0.0008450292397783449
50,sensor_8,5,0.0005249999999991122
50,sensor_8,6,0.001088421052626352
50,sensor_8,7,0.0008760233918145942
50,sensor_8,8,0.0007039473684210781
50,sensor_8,9,0.0007621052631642184
50,sensor_8,10,0.0005273684210561307
50,sensor_9,1,14.738015526315154
50,sensor_9,2,15.396016842106615
50,sensor_9,3,25.507143157895417
50,sensor_9,4,28.90816491228032
50,sensor_9,5,27.15213263158274
50,sensor_9,6,14.32645552631485
50,sensor_9,7,27.63542046783151
50,sensor_9,8,21.23871052632013
50,sensor_9,9,50.458951578932684
50,sensor_9,10,86.11470394738846
50,sensor_10,1,0.0
50,sensor_10,2,0.0
50,sensor_10,3,0.0
50,sensor_10,4,0.0
50,sensor_10,5,0.0
50,sensor_10,6,0.0
50,sensor_10,7,0.0
50,sensor_10,8,0.0
50,sensor_10,9,0.0
50,sensor_10,10,0.0
50,sensor_11,1,0.005277894736842141
50,sensor_11,2,0.007430526315789437
50,sensor_11,3,0.01888842105263163
50,sensor_11,4,0.014702339181286994
50,sensor_11,5,0.009360789473684019
50,sensor_11,6,0.009867368421052729
50,sensor_11,7,0.006238596491228247
50,sensor_11,8,0.008303947368421178
50,sensor_11,9,0.009590526315789556
50,sensor_11,10,0.011626052631578851
50,sensor_12,1,0.10381473684211175
50,sensor_12,2,0.11634315789470631
50,sensor_12,3,0.10272078947367196
50,sensor_12,4,0.13469415204678692
50,sensor_12,5,0.08137342105261892
50,sensor_12,6,0.06685368421052958
50,sensor_12,7,0.14777309941517613
50,sensor_12,8,0.1658378947368812
50,sensor_12,9,0.065588421052639
50,sensor_12,10,0.14241552631576984
50,sensor_13,1,0.001315789473685814
50,sensor_13,2,0.0009736842105345279
50,sensor_13,3,0.0005776315789481112
50,sensor_13,4,0.000905263157893889
50,sensor_13,5,0.0010673684210466146
50,sensor_13,6,0.0010828947368398
50,sensor_13,7,0.001292397660820656
50,sensor_13,8,0.0012642105263158951
50,sensor_13,9,0.0006471052631567956
50,sensor_13,10,0.0016694736842226016
50,sensor_14,1,5.975604999999573
50,sensor_14,2,12.798335526316245
50,sensor_14,3,5.453983947368497
50,sensor_14,4,12.519821052631793
50,sensor_14,5,10.217343157895046
50,sensor_14,6,6.408099736841842
50,sensor_14,7,16.568969005851947
50,sensor_14,8,11.809193684211044
50,sensor_14,9,16.2806673684188
50,sensor_14,10,64.58764315789115
50,sensor_15,1,0.0002756585263157909
50,sensor_15,2,0.0004971985263157738
50,sensor_15,3,0.0004270346052631711
50,sensor_15,4,0.0004979732163742646
50,sensor_15,5,0.00034430365789470276
50,sensor_15,6,0.0003663356578947383
50,sensor_15,7,0.00045838274853801506
50,sensor_15,8,0.0006857751578947252
50,sensor_15,9,0.000577209473684227
50,sensor_15,10,0.0004346983947368469
50,sensor_16,1,0.0
50,sensor_16,2,0.0
50,sensor_16,3,0.0
50,sensor_16,4,0.0
50,sensor_16,5,0.0
50,sensor_16,6,0.0
50,sensor_16,7,0.0
50,sensor_16,8,0.0
50,sensor_16,9,0.0
50,sensor_16,10,0.0
50,sensor_17,1,0.9973684210526393
50,sensor_17,2,0.7868421052631482
50,sensor_17,3,1.1052631578947343
50,sensor_17,4,0.7660818713450306
50,sensor_17,5,0.7868421052631609
50,sensor_17,6,0.828947368421055
50,sensor_17,7,1.040935672514567
50,sensor_17,8,0.9763157894736906
50,sensor_17,9,0.660526315789462
50,sensor_17,10,1.0105263157894673
50,sensor_18,1,0.0
50,sensor_18,2,0.0
50,sensor_18,3,0.0
50,sensor_18,4,0.0
50,sensor_18,5,0.0
50,sensor_18,6,0.0
50,sensor_18,7,0.0
50,sensor_18,8,0.0
50,sensor_18,9,0.0
50,sensor_18,10,0.0
50,sensor_19,1,0.0
50,sensor_19,2,0.0
50,sensor_19,3,0.0
50,sensor_19,4,0.0
50,sensor_19,5,0.0
50,sensor_19,6,0.0
50,sensor_19,7,0.0
50,sensor_19,8,0.0
50,sensor_19,9,0.0
50,sensor_19,10,0.0
50,sensor_20,1,0.00481973684210539
50,sensor_20,2,0.005327368421052724
50,sensor_20,3,0.0076344736842104115
50,sensor_20,4,0.014314035087718955
50,sensor_20,5,0.010635789473684508
50,sensor_20,6,0.015181842105263153
50,sensor_20,7,0.010459649122807061
50,sensor_20,8,0.013757894736841948
50,sensor_20,9,0.00972210526315761
50,sensor_20,10,0.014269473684210332
50,sensor_21,1,0.0034022131578947414
50,sensor_21,2,0.0030333168421052066
50,sensor_21,3,0.005944927657894725
50,sensor_21,4,0.0041517858479532144
50,sensor_21,5,0.004115164210526322
50,sensor_21,6,0.003342452736842132
50,sensor_21,7,0.0024337709356725954
50,sensor_21,8,0.003250580289473564
50,sensor_21,9,0.00418385957894726
50,sensor_21,10,0.003279436710526289
51,setting_1,1,5.8073593073593075e-06
51,setting_1,2,3.676904761904762e-06
51,setting_1,3,5.522285714285714e-06
51,setting_1,4,4.633476190476191e-06
51,setting_1,5,5.806320346320347e-06
51,setting_1,6,7.273904761904761e-06
51,setting_1,7,5.242571428571429e-06
51,setting_1,8,3.896904761904762e-06
51,setting_1,9,5.6655714285714285e-06
51,setting_1,10,3.418809523809524e-06
51,setting_2,1,9.361471861471863e-08
51,setting_2,2,1.0957142857142857e-07
51,setting_2,3,9.190476190476192e-08
51,setting_2,4,6.847619047619047e-08
51,setting_2,5,7.731601731601732e-08
51,setting_2,6,1.1133333333333332e-07
51,setting_2,7,8.247619047619048e-08
51,setting_2,8,7.29047619047619e-08
51,setting_2,9,8.433333333333332e-08
51,setting_2,10,1.0640692640692642e-07
51,setting_3,1,0.0
51,setting_3,2,0.0
51,setting_3,3,0.0
51,setting_3,4,0.0
51,setting_3,5,0.0
51,setting_3,6,0.0
51,setting_3,7,0.0
51,setting_3,8,0.0
51,setting_3,9,0.0
51,setting_3,10,0.0
51,sensor_1,1,0.0
51,sensor_1,2,0.0
51,sensor_1,3,0.0
51,sensor_1,4,0.0
51,sensor_1,5,0.0
51,sensor_1,6,0.0
51,sensor_1,7,0.0
51,sensor_1,8,0.0
51,sensor_1,9,0.0
51,sensor_1,10,0.0
51,sensor_2,1,0.08813939393939989
51,sensor_2,2,0.06185904761905149
51,sensor_2,3,0.0779390476190513
51,sensor_2,4,0.0975200000000136
51,sensor_2,5,0.0846374458874399
51,sensor_2,6,0.1192461904761722
51,sensor_2,7,0.03672285714284912
51,sensor_2,8,0.0769128571428653
51,sensor_2,9,0.11175904761902918
51,sensor_2,10,0.10241233766232559
51,sensor_3,1,20.632556060606216
51,sensor_3,2,16.782553333333237
51,sensor_3,3,11.53137476190467
51,sensor_3,4,25.4585147619053
51,sensor_3,5,14.391384632034265
51,sensor_3,6,14.597914761904766
51,sensor_3,7,10.851389047619053
51,sensor_3,8,11.426052857142416
51,sensor_3,9,16.945164761904852
51,sensor_3,10,37.140813203461754
51,sensor_4,1,36.87858701298649
51,sensor_4,2,14.633549047619109
51,sensor_4,3,14.453246190476472
51,sensor_4,4,13.290094761905001
51,sensor_4,5,19.539340259740364
51,sensor_4,6,12.276155714285533
51,sensor_4,7,18.2822747619049
51,sensor_4,8,7.659503333333452
51,sensor_4,9,25.15652904761769
51,sensor_4,10,39.39199567099492
51,sensor_5,1,0.0
51,sensor_5,2,0.0
51,sensor_5,3,0.0
51,sensor_5,4,0.0
51,sensor_5,5,0.0
51,sensor_5,6,0.0
51,sensor_5,7,0.0
51,sensor_5,8,0.0
51,sensor_5,9,0.0
51,sensor_5,10,0.0
51,sensor_6,1,4.545454545455686e-06
51,sensor_6,2,4.761904761902021e-06
51,sensor_6,3,1.2857142857128063e-05
51,sensor_6,4,4.761904761906013e-06
51,sensor_6,5,4.545454545456532e-06
51,sensor_6,6,4.761904761906901e-06
51,sensor_6,7,4.761904761901742e-06
51,sensor_6,8,0.0
51,sensor_6,9,0.0
51,sensor_6,10,0.0
51,sensor_7,1,0.21330043290041686
51,sensor_7,2,0.289954761904747
51,sensor_7,3,0.16469476190477117
51,sensor_7,4,0.2539590476190626
51,sensor_7,5,0.07495151515151162
51,sensor_7,6,0.21257142857144168
51,sensor_7,7,0.19638142857140287
51,sensor_7,8,0.1564000000000053
51,sensor_7,9,0.1662557142857029
51,sensor_7,10,0.34388484848493595
51,sensor_8,1,0.0007575757575824999
51,sensor_8,2,0.0007561904761966998
51,sensor_8,3,0.001196190476198751
51,sensor_8,4,0.0015657142857141732
51,sensor_8,5,0.0008735930735952916
51,sensor_8,6,0.0010147619047681973
51,sensor_8,7,0.0007114285714319234
51,sensor_8,8,0.0007714285714275526
51,sensor_8,9,0.0004690476190443436
51,sensor_8,10,0.018298917748943926
51,sensor_9,1,16.179999134196592
51,sensor_9,2,11.770441428572642
51,sensor_9,3,13.676929047617682
51,sensor_9,4,25.1549847619041
51,sensor_9,5,18.260213203462516
51,sensor_9,6,21.912886190481146
51,sensor_9,7,14.17393142857369
51,sensor_9,8,76.07728619048996
51,sensor_9,9,129.31898904762403
51,sensor_9,10,555.7257298701683
51,sensor_10,1,0.0
51,sensor_10,2,0.0
51,sensor_10,3,0.0
51,sensor_10,4,0.0
51,sensor_10,5,0.0
51,sensor_10,6,0.0
51,sensor_10,7,0.0
51,sensor_10,8,0.0
51,sensor_10,9,0.0
51,sensor_10,10,0.0
51,sensor_11,1,0.009194155844155696
51,sensor_11,2,0.010992857142857648
51,sensor_11,3,0.014623333333333158
51,sensor_11,4,0.009636190476190503
51,sensor_11,5,0.00758701298701295
51,sensor_11,6,0.01744571428571456
51,sensor_11,7,0.004755714285714202
51,sensor_11,8,0.007734761904761913
51,sensor_11,9,0.012550000000000394
51,sensor_11,10,0.027126623376624203
51,sensor_12,1,0.11909891774891963
51,sensor_12,2,0.07365619047619668
51,sensor_12,3,0.058371428571425764
51,sensor_12,4,0.11270904761904192
51,sensor_12,5,0.08476471861470555
51,sensor_12,6,0.10230571428571614
51,sensor_12,7,0.10644904761904357
51,sensor_12,8,0.07330476190475421
51,sensor_12,9,0.08515571428574628
51,sensor_12,10,0.16005995670993758
51,sensor_13,1,0.0007932900432966813
51,sensor_13,2,0.0009647619047670429
51,sensor_13,3,0.0013647619047667632
51,sensor_13,4,0.0017847619047646466
51,sensor_13,5,0.001113419913429964
51,sensor_13,6,0.0008014285714330336
51,sensor_13,7,0.0008747619047637116
51,sensor_13,8,0.0012061904761917677
51,sensor_13,9,0.0009890476190505693
51,sensor_13,10,0.018777705627643308
51,sensor_14,1,12.361564718614586
51,sensor_14,2,17.21181333333151
51,sensor_14,3,13.474309047620178
51,sensor_14,4,6.9564790476193865
51,sensor_14,5,6.870192207791658
51,sensor_14,6,16.920662857144965
51,sensor_14,7,15.128354761904086
51,sensor_14,8,26.258573333333942
51,sensor_14,9,102.28477619047483
51,sensor_14,10,401.63312056281904
51,sensor_15,1,0.0003333049350649265
51,sensor_15,2,0.0005153845714285625
51,sensor_15,3,0.00027948247619048077
51,sensor_15,4,0.0004353174761904657
51,sensor_15,5,0.00034039766233768875
51,sensor_15,6,0.0002703475714285701
51,sensor_15,7,0.0003746299047618908
51,sensor_15,8,0.00043401133333333326
51,sensor_15,9,0.000313425904761878
51,sensor_15,10,0.0004951260822510516
51,sensor_16,1,0.0
51,sensor_16,2,0.0
51,sensor_16,3,0.0
51,sensor_16,4,0.0
51,sensor_16,5,0.0
51,sensor_16,6,0.0
51,sensor_16,7,0.0
51,sensor_16,8,0.0
51,sensor_16,9,0.0
51,sensor_16,10,0.0
51,sensor_17,1,0.9285714285714283
51,sensor_17,2,0.8476190476190618
51,sensor_17,3,1.1142857142857099
51,sensor_17,4,1.014285714285734
51,sensor_17,5,1.3939393939393885
51,sensor_17,6,0.8619047619047417
51,sensor_17,7,0.857142857142857
51,sensor_17,8,1.1285714285714588
51,sensor_17,9,1.1476190476190626
51,sensor_17,10,1.5865800865800979
51,sensor_18,1,0.0
51,sensor_18,2,0.0
51,sensor_18,3,0.0
51,sensor_18,4,0.0
51,sensor_18,5,0.0
51,sensor_18,6,0.0
51,sensor_18,7,0.0
51,sensor_18,8,0.0
51,sensor_18,9,0.0
51,sensor_18,10,0.0
51,sensor_19,1,0.0
51,sensor_19,2,0.0
51,sensor_19,3,0.0
51,sensor_19,4,0.0
51,sensor_19,5,0.0
51,sensor_19,6,0.0
51,sensor_19,7,0.0
51,sensor_19,8,0.0
51,sensor_19,9,0.0
51,sensor_19,10,0.0
51,sensor_20,1,0.013446969696969638
51,sensor_20,2,0.004816190476190512
51,sensor_20,3,0.007321428571428548
51,sensor_20,4,0.01566142857142818
51,sensor_20,5,0.014996536796537233
51,sensor_20,6,0.004815714285714407
51,sensor_20,7,0.014304761904761898
51,sensor_20,8,0.006972857142856853
51,sensor_20,9,0.008603333333333667
51,sensor_20,10,0.01913852813852801
51,sensor_21,1,0.002731046406926482
51,sensor_21,2,0.0025658096190476387
51,sensor_21,3,0.003205544904761939
51,sensor_21,4,0.005023713619047615
51,sensor_21,5,0.0032409176623376555
51,sensor_21,6,0.004076780619047645
51,sensor_21,7,0.002817131619047572
51,sensor_21,8,0.003741471476190524
51,sensor_21,9,0.0029037195714285953
51,sensor_21,10,0.004905509090908948
52,setting_1,1,3.906601731601732e-06
52,setting_1,2,4.853333333333335e-06
52,setting_1,3,3.888142857142857e-06
52,setting_1,4,4.771142857142858e-06
52,setting_1,5,4.890389610389611e-06
52,setting_1,6,7.14647619047619e-06
52,setting_1,7,2.6206190476190482e-06
52,setting_1,8,7.1236190476190464e-06
52,setting_1,9,4.55847619047619e-06
52,setting_1,10,4.521580086580086e-06
52,setting_2,1,9.896103896103895e-08
52,setting_2,2,9.514285714285715e-08
52,setting_2,3,9.647619047619046e-08
52,setting_2,4,7.633333333333334e-08
52,setting_2,5,9.108225108225109e-08
52,setting_2,6,9.090476190476188e-08
52,setting_2,7,7.347619047619046e-08
52,setting_2,8,8.461904761904762e-08
52,setting_2,9,1.1233333333333333e-07
52,setting_2,10,6.98051948051948e-08
52,setting_3,1,0.0
52,setting_3,2,0.0
52,setting_3,3,0.0
52,setting_3,4,0.0
52,setting_3,5,0.0
52,setting_3,6,0.0
52,setting_3,7,0.0
52,setting_3,8,0.0
52,setting_3,9,0.0
52,setting_3,10,0.0
52,sensor_1,1,0.0
52,sensor_1,2,0.0
52,sensor_1,3,0.0
52,sensor_1,4,0.0
52,sensor_1,5,0.0
52,sensor_1,6,0.0
52,sensor_1,7,0.0
52,sensor_1,8,0.0
52,sensor_1,9,0.0
52,sensor_1,10,0.0
52,sensor_2,1,0.09613506493505662
52,sensor_2,2,0.06780476190477261
52,sensor_2,3,0.11353476190476545
52,sensor_2,4,0.05549476190476364
52,sensor_2,5,0.14100519480520268
52,sensor_2,6,0.10919619047618927
52,sensor_2,7,0.06618619047619338
52,sensor_2,8,0.07689619047619475
52,sensor_2,9,0.09382999999998139
52,sensor_2,10,0.07952380952380038
52,sensor_3,1,29.507219047618936
52,sensor_3,2,12.62906619047623
52,sensor_3,3,18.347979047619297
52,sensor_3,4,11.426724761905163
52,sensor_3,5,9.871071212121254
52,sensor_3,6,13.0209728571429
52,sensor_3,7,16.73013904761893
52,sensor_3,8,21.19631571428594
52,sensor_3,9,11.095199047619055
52,sensor_3,10,12.575038095237185
52,sensor_4,1,22.50545476190466
52,sensor_4,2,19.876896190476305
52,sensor_4,3,21.50475000000001
52,sensor_4,4,17.85277285714324
52,sensor_4,5,16.093721212121075
52,sensor_4,6,13.122150000000257
52,sensor_4,7,6.674991428571246
52,sensor_4,8,25.0467157142862
52,sensor_4,9,14.705596190476658
52,sensor_4,10,32.06764329004299
52,sensor_5,1,0.0
52,sensor_5,2,0.0
52,sensor_5,3,0.0
52,sensor_5,4,0.0
52,sensor_5,5,0.0
52,sensor_5,6,0.0
52,sensor_5,7,0.0
52,sensor_5,8,0.0
52,sensor_5,9,0.0
52,sensor_5,10,0.0
52,sensor_6,1,4.545454545452657e-06
52,sensor_6,2,0.0
52,sensor_6,3,0.0
52,sensor_6,4,0.0
52,sensor_6,5,0.0
52,sensor_6,6,0.0
52,sensor_6,7,0.0
52,sensor_6,8,0.0
52,sensor_6,9,0.0
52,sensor_6,10,0.0
52,sensor_7,1,0.08935865800867264
52,sensor_7,2,0.22258904761903833
52,sensor_7,3,0.21802142857142925
52,sensor_7,4,0.15706571428571378
52,sensor_7,5,0.11149978354978513
52,sensor_7,6,0.14637619047619155
52,sensor_7,7,0.19092285714287305
52,sensor_7,8,0.10553333333333034
52,sensor_7,9,0.09025142857142525
52,sensor_7,10,0.14870389610389617
52,sensor_8,1,0.0007064935064945198
52,sensor_8,2,0.001049047619048022
52,sensor_8,3,0.000604761904757859
52,sensor_8,4,0.0013947619047617165
52,sensor_8,5,0.0008640692640650607
52,sensor_8,6,0.0006890476190467691
52,sensor_8,7,0.0011933333333271944
52,sensor_8,8,0.0015447619047599386
52,sensor_8,9,0.0013590476190403589
52,sensor_8,10,0.0005491341991349282
52,sensor_9,1,17.300967099567284
52,sensor_9,2,22.55006904761888
52,sensor_9,3,13.114766190477624
52,sensor_9,4,13.313979047618105
52,sensor_9,5,33.33658268398814
52,sensor_9,6,28.11565142857081
52,sensor_9,7,21.553905714292146
52,sensor_9,8,23.729032857144478
52,sensor_9,9,38.103715714283666
52,sensor_9,10,87.7892727272398
52,sensor_10,1,0.0
52,sensor_10,2,0.0
52,sensor_10,3,0.0
52,sensor_10,4,0.0
52,sensor_10,5,0.0
52,sensor_10,6,0.0
52,sensor_10,7,0.0
52,sensor_10,8,0.0
52,sensor_10,9,0.0
52,sensor_10,10,0.0
52,sensor_11,1,0.008713419913420112
52,sensor_11,2,0.0075747619047619105
52,sensor_11,3,0.007549999999999811
52,sensor_11,4,0.007039047619047657
52,sensor_11,5,0.009980952380952507
52,sensor_11,6,0.01429904761904752
52,sensor_11,7,0.009815714285714124
52,sensor_11,8,0.017179999999999924
52,sensor_11,9,0.013713333333333333
52,sensor_11,10,0.014653896103896613
52,sensor_12,1,0.08149025974025623
52,sensor_12,2,0.15735142857142675
52,sensor_12,3,0.05812285714284902
52,sensor_12,4,0.09513476190476955
52,sensor_12,5,0.05277316017316588
52,sensor_12,6,0.054742857142863754
52,sensor_12,7,0.12988476190479153
52,sensor_12,8,0.10421619047619173
52,sensor_12,9,0.08666333333331294
52,sensor_12,10,0.11861839826840226
52,sensor_13,1,0.0012969696969701943
52,sensor_13,2,0.0009257142857125514
52,sensor_13,3,0.0010061904761834168
52,sensor_13,4,0.0009099999999975549
52,sensor_13,5,0.0006432900432917731
52,sensor_13,6,0.0010890476190423847
52,sensor_13,7,0.0007761904761841227
52,sensor_13,8,0.0011614285714287092
52,sensor_13,9,0.0005747619047655672
52,sensor_13,10,0.0008718614718627705
52,sensor_14,1,9.499330086579542
52,sensor_14,2,7.41002285714268
52,sensor_14,3,6.529002857142037
52,sensor_14,4,9.79668619047608
52,sensor_14,5,5.111050432900401
52,sensor_14,6,8.934024761904412
52,sensor_14,7,14.10422904762029
52,sensor_14,8,13.994045714287427
52,sensor_14,9,21.540896190475145
52,sensor_14,10,55.42030844156328
52,sensor_15,1,0.0006437630303030399
52,sensor_15,2,0.00023148100000000004
52,sensor_15,3,0.0002911619047619118
52,sensor_15,4,0.00046540361904763886
52,sensor_15,5,0.00038416831168829757
52,sensor_15,6,0.00028705461904761424
52,sensor_15,7,0.00029043790476191697
52,sensor_15,8,0.0007538382857142558
52,sensor_15,9,0.00036116747619048035
52,sensor_15,10,0.0004192894372294539
52,sensor_16,1,0.0
52,sensor_16,2,0.0
52,sensor_16,3,0.0
52,sensor_16,4,0.0
52,sensor_16,5,0.0
52,sensor_16,6,0.0
52,sensor_16,7,0.0
52,sensor_16,8,0.0
52,sensor_16,9,0.0
52,sensor_16,10,0.0
52,sensor_17,1,0.790043290043303
52,sensor_17,2,0.8333333333333354
52,sensor_17,3,0.4904761904761769
52,sensor_17,4,0.7904761904762017
52,sensor_17,5,1.4891774891775111
52,sensor_17,6,0.990476190476203
52,sensor_17,7,0.6571428571428564
52,sensor_17,8,1.0619047619047495
52,sensor_17,9,0.647619047619042
52,sensor_17,10,0.9805194805194756
52,sensor_18,1,0.0
52,sensor_18,2,0.0
52,sensor_18,3,0.0
52,sensor_18,4,0.0
52,sensor_18,5,0.0
52,sensor_18,6,0.0
52,sensor_18,7,0.0
52,sensor_18,8,0.0
52,sensor_18,9,0.0
52,sensor_18,10,0.0
52,sensor_19,1,0.0
52,sensor_19,2,0.0
52,sensor_19,3,0.0
52,sensor_19,4,0.0
52,sensor_19,5,0.0
52,sensor_19,6,0.0
52,sensor_19,7,0.0
52,sensor_19,8,0.0
52,sensor_19,9,0.0
52,sensor_19,10,0.0
52,sensor_20,1,0.01268506493506509
52,sensor_20,2,0.004115714285714258
52,sensor_20,3,0.011302857142857625
52,sensor_20,4,0.010616190476190644
52,sensor_20,5,0.0155445887445888
52,sensor_20,6,0.01334142857142855
52,sensor_20,7,0.014614761904761867
52,sensor_20,8,0.013954761904761614
52,sensor_20,9,0.009326190476190543
52,sensor_20,10,0.010045021645021582
52,sensor_21,1,0.003481048311688263
52,sensor_21,2,0.004115411904761934
52,sensor_21,3,0.0027739271428570806
52,sensor_21,4,0.006654790476190467
52,sensor_21,5,0.0024556613203463246
52,sensor_21,6,0.003141243904761883
52,sensor_21,7,0.003959860619047581
52,sensor_21,8,0.003518768904761846
52,sensor_21,9,0.0074769993333334535
52,sensor_21,10,0.0037826917965365545
53,setting_1,1,3.7948421052631577e-06
53,setting_1,2,6.766549707602339e-06
53,setting_1,3,6.432105263157894e-06
53,setting_1,4,7.3687134502923955e-06
53,setting_1,5,3.277342105263158e-06
53,setting_1,6,5.064678362573099e-06
53,setting_1,7,4.869181286549708e-06
53,setting_1,8,3.7185263157894736e-06
53,setting_1,9,5.157836257309942e-06
53,setting_1,10,6.5680000000000005e-06
53,setting_2,1,8.642105263157893e-08
53,setting_2,2,6.321637426900584e-08
53,setting_2,3,9.081578947368421e-08
53,setting_2,4,1.0842105263157897e-07
53,setting_2,5,9.144736842105266e-08
53,setting_2,6,1.0210526315789472e-07
53,setting_2,7,7.175438596491226e-08
53,setting_2,8,7.568421052631579e-08
53,setting_2,9,1.1035087719298246e-07
53,setting_2,10,9.726315789473687e-08
53,setting_3,1,0.0
53,setting_3,2,0.0
53,setting_3,3,0.0
53,setting_3,4,0.0
53,setting_3,5,0.0
53,setting_3,6,0.0
53,setting_3,7,0.0
53,setting_3,8,0.0
53,setting_3,9,0.0
53,setting_3,10,0.0
53,sensor_1,1,0.0
53,sensor_1,2,0.0
53,sensor_1,3,0.0
53,sensor_1,4,0.0
53,sensor_1,5,0.0
53,sensor_1,6,0.0
53,sensor_1,7,0.0
53,sensor_1,8,0.0
53,sensor_1,9,0.0
53,sensor_1,10,0.0
53,sensor_2,1,0.08618394736841474
53,sensor_2,2,0.06144269005846935
53,sensor_2,3,0.136679999999993
53,sensor_2,4,0.04465614035087662
53,sensor_2,5,0.05579447368420716
53,sensor_2,6,0.05454502923977156
53,sensor_2,7,0.09179532163743562
53,sensor_2,8,0.09205894736843306
53,sensor_2,9,0.07493567251462735
53,sensor_2,10,0.19196736842101514
53,sensor_3,1,17.02208421052625
53,sensor_3,2,10.097949707602176
53,sensor_3,3,17.42074315789452
53,sensor_3,4,11.54508187134487
53,sensor_3,5,14.329432631578868
53,sensor_3,6,6.593867251461927
53,sensor_3,7,15.782436257309797
53,sensor_3,8,21.538858947367977
53,sensor_3,9,15.173516374269683
53,sensor_3,10,23.209792368421336
53,sensor_4,1,8.24941552631564
53,sensor_4,2,14.471857894736965
53,sensor_4,3,11.13128315789445
53,sensor_4,4,17.71613859649155
53,sensor_4,5,18.861469473683496
53,sensor_4,6,19.462771929825195
53,sensor_4,7,14.464425146198629
53,sensor_4,8,14.93740289473733
53,sensor_4,9,30.480935672514818
53,sensor_4,10,23.293384210527012
53,sensor_5,1,0.0
53,sensor_5,2,0.0
53,sensor_5,3,0.0
53,sensor_5,4,0.0
53,sensor_5,5,0.0
53,sensor_5,6,0.0
53,sensor_5,7,0.0
53,sensor_5,8,0.0
53,sensor_5,9,0.0
53,sensor_5,10,0.0
53,sensor_6,1,0.0
53,sensor_6,2,5.263157894733628e-06
53,sensor_6,3,9.4736842105239e-06
53,sensor_6,4,0.0
53,sensor_6,5,0.0
53,sensor_6,6,0.0
53,sensor_6,7,0.0
53,sensor_6,8,0.0
53,sensor_6,9,0.0
53,sensor_6,10,0.0
53,sensor_7,1,0.06872078947368761
53,sensor_7,2,0.12610643274854455
53,sensor_7,3,0.123457631578939
53,sensor_7,4,0.1327432748537898
53,sensor_7,5,0.1547292105263122
53,sensor_7,6,0.2653894736842062
53,sensor_7,7,0.11711169590642823
53,sensor_7,8,0.16850815789476237
53,sensor_7,9,0.1801561403508902
53,sensor_7,10,0.13217342105261837
53,sensor_8,1,0.0010778947368378735
53,sensor_8,2,0.0007584795321564394
53,sensor_8,3,0.0004576315789470641
53,sensor_8,4,0.000603508771925461
53,sensor_8,5,0.0005818421052630843
53,sensor_8,6,0.0007941520467772249
53,sensor_8,7,0.0009426900584817095
53,sensor_8,8,0.0005818421052678517
53,sensor_8,9,0.0009426900584770873
53,sensor_8,10,0.0008536842105254935
53,sensor_9,1,18.76699236841901
53,sensor_9,2,15.78296198830531
53,sensor_9,3,11.774651315791338
53,sensor_9,4,17.402739766083872
53,sensor_9,5,18.85838526315796
53,sensor_9,6,12.271455555558902
53,sensor_9,7,24.759611695916554
53,sensor_9,8,19.258772631585302
53,sensor_9,9,135.99577660817758
53,sensor_9,10,160.18578815792438
53,sensor_10,1,0.0
53,sensor_10,2,0.0
53,sensor_10,3,0.0
53,sensor_10,4,0.0
53,sensor_10,5,0.0
53,sensor_10,6,0.0
53,sensor_10,7,0.0
53,sensor_10,8,0.0
53,sensor_10,9,0.0
53,sensor_10,10,0.0
53,sensor_11,1,0.010002894736841923
53,sensor_11,2,0.0048584795321637946
53,sensor_11,3,0.009448421052631639
53,sensor_11,4,0.012564912280701498
53,sensor_11,5,0.012615526315789643
53,sensor_11,6,0.009965497076023247
53,sensor_11,7,0.011773099415205221
53,sensor_11,8,0.011352368421052727
53,sensor_11,9,0.009259064327485226
53,sensor_11,10,0.011605000000000577
53,sensor_12,1,0.05565763157893877
53,sensor_12,2,0.08416666666668286
53,sensor_12,3,0.07184105263158354
53,sensor_12,4,0.04703157894737054
53,sensor_12,5,0.10330421052632388
53,sensor_12,6,0.052954385964906904
53,sensor_12,7,0.07560526315789758
53,sensor_12,8,0.16910631578948151
53,sensor_12,9,0.13352105263158343
53,sensor_12,10,0.10530421052630486
53,sensor_13,1,0.0005852631578949656
53,sensor_13,2,0.000747953216377086
53,sensor_13,3,0.0009642105263146055
53,sensor_13,4,0.001481286549705205
53,sensor_13,5,0.001662105263162869
53,sensor_13,6,0.0007163742690052737
53,sensor_13,7,0.0010210526315730013
53,sensor_13,8,0.0006694736842096002
53,sensor_13,9,0.000536842105260465
53,sensor_13,10,0.0013684210526265952
53,sensor_14,1,9.169610526315433
53,sensor_14,2,11.004476023393591
53,sensor_14,3,14.791078947368009
53,sensor_14,4,14.041676023387772
53,sensor_14,5,11.129520000002339
53,sensor_14,6,16.579716374268276
53,sensor_14,7,7.990767251461995
53,sensor_14,8,19.877689210529084
53,sensor_14,9,61.38353216372914
53,sensor_14,10,183.48905552635185
53,sensor_15,1,0.0004950297631578889
53,sensor_15,2,0.000513882280701734
53,sensor_15,3,0.0005714510263157804
53,sensor_15,4,0.0005772550877192876
53,sensor_15,5,0.0005537139736842188
53,sensor_15,6,0.000572712631578946
53,sensor_15,7,0.0005204409356725104
53,sensor_15,8,0.0005913358947368441
53,sensor_15,9,0.0004027036257309791
53,sensor_15,10,0.0007465546052631697
53,sensor_16,1,0.0
53,sensor_16,2,0.0
53,sensor_16,3,0.0
53,sensor_16,4,0.0
53,sensor_16,5,0.0
53,sensor_16,6,0.0
53,sensor_16,7,0.0
53,sensor_16,8,0.0
53,sensor_16,9,0.0
53,sensor_16,10,0.0
53,sensor_17,1,0.5368421052631575
53,sensor_17,2,0.6549707602339117
53,sensor_17,3,1.2736842105262796
53,sensor_17,4,0.7836257309941126
53,sensor_17,5,0.8289473684210582
53,sensor_17,6,0.6549707602339169
53,sensor_17,7,1.0643274853801161
53,sensor_17,8,0.4500000000000193
53,sensor_17,9,1.3742690058479485
53,sensor_17,10,1.4184210526316334
53,sensor_18,1,0.0
53,sensor_18,2,0.0
53,sensor_18,3,0.0
53,sensor_18,4,0.0
53,sensor_18,5,0.0
53,sensor_18,6,0.0
53,sensor_18,7,0.0
53,sensor_18,8,0.0
53,sensor_18,9,0.0
53,sensor_18,10,0.0
53,sensor_19,1,0.0
53,sensor_19,2,0.0
53,sensor_19,3,0.0
53,sensor_19,4,0.0
53,sensor_19,5,0.0
53,sensor_19,6,0.0
53,sensor_19,7,0.0
53,sensor_19,8,0.0
53,sensor_19,9,0.0
53,sensor_19,10,0.0
53,sensor_20,1,0.0133157894736842
53,sensor_20,2,0.005964912280701757
53,sensor_20,3,0.007868157894736822
53,sensor_20,4,0.012257894736841432
53,sensor_20,5,0.010352368421052418
53,sensor_20,6,0.008694152046783511
53,sensor_20,7,0.009446783625731446
53,sensor_20,8,0.01277342105263153
53,sensor_20,9,0.006192982456140637
53,sensor_20,10,0.018234473684211265
53,sensor_21,1,0.003215238394736959
53,sensor_21,2,0.0030546109941520082
53,sensor_21,3,0.0034865025263159035
53,sensor_21,4,0.006100289883040992
53,sensor_21,5,0.004073065763157899
53,sensor_21,6,0.0028538273099415062
53,sensor_21,7,0.0035415143274852585
53,sensor_21,8,0.003865764105263134
53,sensor_21,9,0.0023564502923976135
53,sensor_21,10,0.004490048842105371
54,setting_1,1,5.173984615384616e-06
54,setting_1,2,5.712184615384614e-06
54,setting_1,3,4.060066666666666e-06
54,setting_1,4,3.871584615384615e-06
54,setting_1,5,5.388753846153845e-06
54,setting_1,6,5.435233333333333e-06
54,setting_1,7,3.527153846153847e-06
54,setting_1,8,5.207899999999999e-06
54,setting_1,9,3.941061538461539e-06
54,setting_1,10,3.7234615384615377e-06
54,setting_2,1,6.333846153846154e-08
54,setting_2,2,7.74153846153846e-08
54,setting_2,3,1.2526666666666666e-07
54,setting_2,4,6.401538461538461e-08
54,setting_2,5,1.0715384615384618e-07
54,setting_2,6,8.043333333333332e-08
54,setting_2,7,8.426153846153848e-08
54,setting_2,8,6.423333333333335e-08
54,setting_2,9,9.353846153846151e-08
54,setting_2,10,9.515384615384615e-08
54,setting_3,1,0.0
54,setting_3,2,0.0
54,setting_3,3,0.0
54,setting_3,4,0.0
54,setting_3,5,0.0
54,setting_3,6,0.0
54,setting_3,7,0.0
54,setting_3,8,0.0
54,setting_3,9,0.0
54,setting_3,10,0.0
54,sensor_1,1,0.0
54,sensor_1,2,0.0
54,sensor_1,3,0.0
54,sensor_1,4,0.0
54,sensor_1,5,0.0
54,sensor_1,6,0.0
54,sensor_1,7,0.0
54,sensor_1,8,0.0
54,sensor_1,9,0.0
54,sensor_1,10,0.0
54,sensor_2,1,0.07281538461538269
54,sensor_2,2,0.043056153846153064
54,sensor_2,3,0.06317899999999115
54,sensor_2,4,0.09799461538461167
54,sensor_2,5,0.03927999999998495
54,sensor_2,6,0.0719306666666756
54,sensor_2,7,0.06018338461538955
54,sensor_2,8,0.1270576666666682
54,sensor_2,9,0.10764615384617228
54,sensor_2,10,0.12852061538461917
54,sensor_3,1,14.824482461538109
54,sensor_3,2,16.330764461538255
54,sensor_3,3,28.82039166666677
54,sensor_3,4,19.025349538461228
54,sensor_3,5,16.632713846153944
54,sensor_3,6,15.776537666666483
54,sensor_3,7,23.95852938461522
54,sensor_3,8,13.924908333333258
54,sensor_3,9,16.0678184615385
54,sensor_3,10,22.477733538461344
54,sensor_4,1,11.363682615384384
54,sensor_4,2,17.539714461538477
54,sensor_4,3,18.507635999999863
54,sensor_4,4,19.032885538461503
54,sensor_4,5,20.263361384615564
54,sensor_4,6,18.553100666666676
54,sensor_4,7,26.944848615384807
54,sensor_4,8,13.937046000000516
54,sensor_4,9,19.139002615384662
54,sensor_4,10,19.7319786153853
54,sensor_5,1,0.0
54,sensor_5,2,0.0
54,sensor_5,3,0.0
54,sensor_5,4,0.0
54,sensor_5,5,0.0
54,sensor_5,6,0.0
54,sensor_5,7,0.0
54,sensor_5,8,0.0
54,sensor_5,9,0.0
54,sensor_5,10,0.0
54,sensor_6,1,7.384615384612913e-06
54,sensor_6,2,0.0
54,sensor_6,3,3.9999999999985395e-06
54,sensor_6,4,3.846153846152969e-06
54,sensor_6,5,3.846153846153234e-06
54,sensor_6,6,3.999999999998175e-06
54,sensor_6,7,3.846153846152534e-06
54,sensor_6,8,0.0
54,sensor_6,9,0.0
54,sensor_6,10,0.0
54,sensor_7,1,0.134055538461537
54,sensor_7,2,0.24306846153844602
54,sensor_7,3,0.21534100000000753
54,sensor_7,4,0.10013784615383944
54,sensor_7,5,0.12925538461539085
54,sensor_7,6,0.11466066666667907
54,sensor_7,7,0.1449606153846091
54,sensor_7,8,0.24515566666668306
54,sensor_7,9,0.13223015384614803
54,sensor_7,10,0.2873421538460695
54,sensor_8,1,0.000967384615382586
54,sensor_8,2,0.0015533846153897085
54,sensor_8,3,0.0008006666666713719
54,sensor_8,4,0.0012475384615382374
54,sensor_8,5,0.0013164615384621253
54,sensor_8,6,0.0011540000000048276
54,sensor_8,7,0.0008295384615328483
54,sensor_8,8,0.00045566666666660085
54,sensor_8,9,0.0009933846153824812
54,sensor_8,10,0.0006893846153794011
54,sensor_9,1,25.496186615387117
54,sensor_9,2,29.531834000004075
54,sensor_9,3,15.852341666669462
54,sensor_9,4,16.727939846155465
54,sensor_9,5,19.039215384613723
54,sensor_9,6,17.890000666661464
54,sensor_9,7,22.06032200000288
54,sensor_9,8,27.198815999994963
54,sensor_9,9,70.94025784616741
54,sensor_9,10,107.62957061541564
54,sensor_10,1,0.0
54,sensor_10,2,0.0
54,sensor_10,3,0.0
54,sensor_10,4,0.0
54,sensor_10,5,0.0
54,sensor_10,6,0.0
54,sensor_10,7,0.0
54,sensor_10,8,0.0
54,sensor_10,9,0.0
54,sensor_10,10,0.0
54,sensor_11,1,0.006153846153845862
54,sensor_11,2,0.007308461538461442
54,sensor_11,3,0.008464333333333398
54,sensor_11,4,0.009238153846153827
54,sensor_11,5,0.004289384615384777
54,sensor_11,6,0.007545666666666542
54,sensor_11,7,0.01507338461538451
54,sensor_11,8,0.009462666666666708
54,sensor_11,9,0.00842953846153803
54,sensor_11,10,0.01715138461538557
54,sensor_12,1,0.12879753846154612
54,sensor_12,2,0.10631584615384305
54,sensor_12,3,0.0855693333333301
54,sensor_12,4,0.06517184615384335
54,sensor_12,5,0.06597615384614876
54,sensor_12,6,0.06603433333333399
54,sensor_12,7,0.12669861538460575
54,sensor_12,8,0.11115733333333226
54,sensor_12,9,0.13912015384612963
54,sensor_12,10,0.15612138461537053
54,sensor_13,1,0.0010124615384629187
54,sensor_13,2,0.0009004615384643692
54,sensor_13,3,0.0009726666666624743
54,sensor_13,4,0.001296615384620735
54,sensor_13,5,0.001016153846156235
54,sensor_13,6,0.0007723333333326847
54,sensor_13,7,0.0006721538461573293
54,sensor_13,8,0.0006916666666667194
54,sensor_13,9,0.0009053846153832959
54,sensor_13,10,0.0009564615384618814
54,sensor_14,1,8.157645538461166
54,sensor_14,2,12.429825384615476
54,sensor_14,3,19.001694000000594
54,sensor_14,4,12.416394615383899
54,sensor_14,5,6.96470646153765
54,sensor_14,6,13.394034333334794
54,sensor_14,7,16.30649246153895
54,sensor_14,8,23.91570400000249
54,sensor_14,9,39.844449384602946
54,sensor_14,10,91.40255953847765
54,sensor_15,1,0.00037736635384616127
54,sensor_15,2,0.00035100813846153904
54,sensor_15,3,0.0002702880666666667
54,sensor_15,4,0.0003767867846153674
54,sensor_15,5,0.0004761589538461481
54,sensor_15,6,0.0006307979000000023
54,sensor_15,7,0.0005155033999999948
54,sensor_15,8,0.0006281600999999991
54,sensor_15,9,0.00033477366153848427
54,sensor_15,10,0.0006539996461538685
54,sensor_16,1,0.0
54,sensor_16,2,0.0
54,sensor_16,3,0.0
54,sensor_16,4,0.0
54,sensor_16,5,0.0
54,sensor_16,6,0.0
54,sensor_16,7,0.0
54,sensor_16,8,0.0
54,sensor_16,9,0.0
54,sensor_16,10,0.0
54,sensor_17,1,1.2061538461538381
54,sensor_17,2,0.8861538461538639
54,sensor_17,3,1.1666666666666754
54,sensor_17,4,0.8553846153846133
54,sensor_17,5,0.8261538461538346
54,sensor_17,6,0.5066666666666768
54,sensor_17,7,0.598461538461537
54,sensor_17,8,0.6933333333333344
54,sensor_17,9,1.218461538461569
54,sensor_17,10,0.9415384615384113
54,sensor_18,1,0.0
54,sensor_18,2,0.0
54,sensor_18,3,0.0
54,sensor_18,4,0.0
54,sensor_18,5,0.0
54,sensor_18,6,0.0
54,sensor_18,7,0.0
54,sensor_18,8,0.0
54,sensor_18,9,0.0
54,sensor_18,10,0.0
54,sensor_19,1,0.0
54,sensor_19,2,0.0
54,sensor_19,3,0.0
54,sensor_19,4,0.0
54,sensor_19,5,0.0
54,sensor_19,6,0.0
54,sensor_19,7,0.0
54,sensor_19,8,0.0
54,sensor_19,9,0.0
54,sensor_19,10,0.0
54,sensor_20,1,0.012577846153846097
54,sensor_20,2,0.00996615384615391
54,sensor_20,3,0.010566666666667045
54,sensor_20,4,0.017092461538461442
54,sensor_20,5,0.010256615384615477
54,sensor_20,6,0.00869066666666666
54,sensor_20,7,0.008168615384615434
54,sensor_20,8,0.007057666666666604
54,sensor_20,9,0.012579846153846093
54,sensor_20,10,0.025744153846153958
54,sensor_21,1,0.003949765415384545
54,sensor_21,2,0.002972713861538468
54,sensor_21,3,0.0031130270999999276
54,sensor_21,4,0.004293635753846293
54,sensor_21,5,0.005095524015384548
54,sensor_21,6,0.0026072664000000158
54,sensor_21,7,0.0034166528000000203
54,sensor_21,8,0.005912117500000018
54,sensor_21,9,0.0031707134153846446
54,sensor_21,10,0.005167669984615249
55,setting_1,1,4.507789473684211e-06
55,setting_1,2,3.2103508771929823e-06
55,setting_1,3,4.75953216374269e-06
55,setting_1,4,4.195614035087719e-06
55,setting_1,5,3.871868421052632e-06
55,setting_1,6,6.634736842105263e-06
55,setting_1,7,4.009298245614035e-06
55,setting_1,8,2.216549707602339e-06
55,setting_1,9,2.5894152046783627e-06
55,setting_1,10,5.000921052631579e-06
55,setting_2,1,8.155263157894736e-08
55,setting_2,2,8.27485380116959e-08
55,setting_2,3,8.918128654970759e-08
55,setting_2,4,6.801169590643274e-08
55,setting_2,5,7.221052631578949e-08
55,setting_2,6,9.730994152046784e-08
55,setting_2,7,8.16374269005848e-08
55,setting_2,8,8.251461988304094e-08
55,setting_2,9,1.0941520467836258e-07
55,setting_2,10,7.523684210526315e-08
55,setting_3,1,0.0
55,setting_3,2,0.0
55,setting_3,3,0.0
55,setting_3,4,0.0
55,setting_3,5,0.0
55,setting_3,6,0.0
55,setting_3,7,0.0
55,setting_3,8,0.0
55,setting_3,9,0.0
55,setting_3,10,0.0
55,sensor_1,1,0.0
55,sensor_1,2,0.0
55,sensor_1,3,0.0
55,sensor_1,4,0.0
55,sensor_1,5,0.0
55,sensor_1,6,0.0
55,sensor_1,7,0.0
55,sensor_1,8,0.0
55,sensor_1,9,0.0
55,sensor_1,10,0.0
55,sensor_2,1,0.09599868421053794
55,sensor_2,2,0.1323339181286429
55,sensor_2,3,0.06393684210526021
55,sensor_2,4,0.09661345029239815
55,sensor_2,5,0.11585763157892923
55,sensor_2,6,0.08492865497075998
55,sensor_2,7,0.1282953216374276
55,sensor_2,8,0.12004736842104397
55,sensor_2,9,0.1437040935672453
55,sensor_2,10,0.07213157894738426
55,sensor_3,1,26.513101052632322
55,sensor_3,2,7.35019532163724
55,sensor_3,3,10.095743274853708
55,sensor_3,4,18.149933918128525
55,sensor_3,5,17.274042105263014
55,sensor_3,6,15.73063625730977
55,sensor_3,7,16.12618187134579
55,sensor_3,8,7.27020994152051
55,sensor_3,9,23.160204093567486
55,sensor_3,10,19.38662394736842
55,sensor_4,1,24.102731578947452
55,sensor_4,2,17.157400000000383
55,sensor_4,3,17.84723157894733
55,sensor_4,4,24.018288888888968
55,sensor_4,5,11.921615789473853
55,sensor_4,6,22.798814035087986
55,sensor_4,7,18.67223742690081
55,sensor_4,8,15.98813391812849
55,sensor_4,9,14.867621052630916
55,sensor_4,10,39.92440947368317
55,sensor_5,1,0.0
55,sensor_5,2,0.0
55,sensor_5,3,0.0
55,sensor_5,4,0.0
55,sensor_5,5,0.0
55,sensor_5,6,0.0
55,sensor_5,7,0.0
55,sensor_5,8,0.0
55,sensor_5,9,0.0
55,sensor_5,10,0.0
55,sensor_6,1,0.0
55,sensor_6,2,0.0
55,sensor_6,3,0.0
55,sensor_6,4,0.0
55,sensor_6,5,0.0
55,sensor_6,6,0.0
55,sensor_6,7,0.0
55,sensor_6,8,0.0
55,sensor_6,9,0.0
55,sensor_6,10,0.0
55,sensor_7,1,0.1438365789473625
55,sensor_7,2,0.1544982456140263
55,sensor_7,3,0.23423684210528847
55,sensor_7,4,0.24718421052632378
55,sensor_7,5,0.19138815789473296
55,sensor_7,6,0.14893567251463188
55,sensor_7,7,0.2211596491227979
55,sensor_7,8,0.07834327485380756
55,sensor_7,9,0.19080643274856418
55,sensor_7,10,0.3086484210526602
55,sensor_8,1,0.0010536842105233757
55,sensor_8,2,0.001202923976601074
55,sensor_8,3,0.0006766081871279913
55,sensor_8,4,0.000291228070172748
55,sensor_8,5,0.001137894736839013
55,sensor_8,6,0.0009561403508770793
55,sensor_8,7,0.0007286549707584936
55,sensor_8,8,0.0010093567251350927
55,sensor_8,9,0.0009871345029218409
55,sensor_8,10,0.0009052631578991419
55,sensor_9,1,14.210034473678741
55,sensor_9,2,17.799004093568414
55,sensor_9,3,20.438049707603092
55,sensor_9,4,11.241327485381738
55,sensor_9,5,26.294445000001396
55,sensor_9,6,8.715384210530125
55,sensor_9,7,25.922691228066483
55,sensor_9,8,27.858881871335342
55,sensor_9,9,109.01463684208343
55,sensor_9,10,379.51552078947196
55,sensor_10,1,0.0
55,sensor_10,2,0.0
55,sensor_10,3,0.0
55,sensor_10,4,0.0
55,sensor_10,5,0.0
55,sensor_10,6,0.0
55,sensor_10,7,0.0
55,sensor_10,8,0.0
55,sensor_10,9,0.0
55,sensor_10,10,0.0
55,sensor_11,1,0.011594736842105286
55,sensor_11,2,0.011987134502923888
55,sensor_11,3,0.011025146198830353
55,sensor_11,4,0.00822046783625763
55,sensor_11,5,0.013152368421052878
55,sensor_11,6,0.010714619883040897
55,sensor_11,7,0.01569298245614061
55,sensor_11,8,0.010091812865497062
55,sensor_11,9,0.01086959064327467
55,sensor_11,10,0.02926815789473863
55,sensor_12,1,0.12547368421053082
55,sensor_12,2,0.09917017543859974
55,sensor_12,3,0.1581228070175227
55,sensor_12,4,0.05719415204677933
55,sensor_12,5,0.08273131578946934
55,sensor_12,6,0.06038070175439187
55,sensor_12,7,0.16692456140351541
55,sensor_12,8,0.10210409356726918
55,sensor_12,9,0.08007309941518055
55,sensor_12,10,0.15161578947368018
55,sensor_13,1,0.0002892105263146416
55,sensor_13,2,0.0019619883040901463
55,sensor_13,3,0.0005842105263158151
55,sensor_13,4,0.0009929824561361001
55,sensor_13,5,0.000678684210528129
55,sensor_13,6,0.0009543859649141719
55,sensor_13,7,0.0006619883040913881
55,sensor_13,8,0.0004210526315767051
55,sensor_13,9,0.000806432748540387
55,sensor_13,10,0.0012905263157835878
55,sensor_14,1,5.886205000000339
55,sensor_14,2,17.0996356725138
55,sensor_14,3,15.424211695906472
55,sensor_14,4,19.922515204678103
55,sensor_14,5,9.476297631576518
55,sensor_14,6,12.324037426901223
55,sensor_14,7,27.819904093571704
55,sensor_14,8,25.271191812866924
55,sensor_14,9,83.25893976609478
55,sensor_14,10,286.65153131581155
55,sensor_15,1,0.000399214631578961
55,sensor_15,2,0.00029444608187132815
55,sensor_15,3,0.0003657328654970777
55,sensor_15,4,0.00022815654970760943
55,sensor_15,5,0.00042888421052631175
55,sensor_15,6,0.00047713707602338885
55,sensor_15,7,0.000496129532163725
55,sensor_15,8,0.0005398469005847918
55,sensor_15,9,0.0002589109941520409
55,sensor_15,10,0.0007083562105263063
55,sensor_16,1,0.0
55,sensor_16,2,0.0
55,sensor_16,3,0.0
55,sensor_16,4,0.0
55,sensor_16,5,0.0
55,sensor_16,6,0.0
55,sensor_16,7,0.0
55,sensor_16,8,0.0
55,sensor_16,9,0.0
55,sensor_16,10,0.0
55,sensor_17,1,0.6736842105262996
55,sensor_17,2,0.6491228070175467
55,sensor_17,3,0.8947368421052602
55,sensor_17,4,1.064327485380125
55,sensor_17,5,1.7131578947368247
55,sensor_17,6,0.9181286549707561
55,sensor_17,7,0.31578947368421456
55,sensor_17,8,1.1345029239766147
55,sensor_17,9,0.6900584795321545
55,sensor_17,10,1.0815789473684478
55,sensor_18,1,0.0
55,sensor_18,2,0.0
55,sensor_18,3,0.0
55,sensor_18,4,0.0
55,sensor_18,5,0.0
55,sensor_18,6,0.0
55,sensor_18,7,0.0
55,sensor_18,8,0.0
55,sensor_18,9,0.0
55,sensor_18,10,0.0
55,sensor_19,1,0.0
55,sensor_19,2,0.0
55,sensor_19,3,0.0
55,sensor_19,4,0.0
55,sensor_19,5,0.0
55,sensor_19,6,0.0
55,sensor_19,7,0.0
55,sensor_19,8,0.0
55,sensor_19,9,0.0
55,sensor_19,10,0.0
55,sensor_20,1,0.006552368421052654
55,sensor_20,2,0.013356140350877253
55,sensor_20,3,0.01883216374269015
55,sensor_20,4,0.01447192982456162
55,sensor_20,5,0.011413421052631517
55,sensor_20,6,0.01251520467836257
55,sensor_20,7,0.009042690058479332
55,sensor_20,8,0.012600584795321435
55,sensor_20,9,0.010398830409357358
55,sensor_20,10,0.0068471052631584855
55,sensor_21,1,0.006469865263157993
55,sensor_21,2,0.003959760058479561
55,sensor_21,3,0.003283998771929845
55,sensor_21,4,0.0018100926315789262
55,sensor_21,5,0.0024995335789473965
55,sensor_21,6,0.0025704281286550237
55,sensor_21,7,0.0033597094152047076
55,sensor_21,8,0.0074018848538010655
55,sensor_21,9,0.005508465438596531
55,sensor_21,10,0.004670443789473715
56,setting_1,1,4.125542328042328e-06
56,setting_1,2,8.220284900284902e-06
56,setting_1,3,5.52670634920635e-06
56,setting_1,4,5.770968660968662e-06
56,setting_1,5,3.6673015873015873e-06
56,setting_1,6,5.015156695156694e-06
56,setting_1,7,3.1423361823361824e-06
56,setting_1,8,5.523280423280423e-06
56,setting_1,9,4.0503703703703695e-06
56,setting_1,10,5.419616402116402e-06
56,setting_2,1,7.115079365079367e-08
56,setting_2,2,9.558404558404561e-08
56,setting_2,3,8.99867724867725e-08
56,setting_2,4,8.794871794871794e-08
56,setting_2,5,7.55952380952381e-08
56,setting_2,6,9.190883190883192e-08
56,setting_2,7,6.615384615384615e-08
56,setting_2,8,1.0275132275132277e-07
56,setting_2,9,1.0076923076923078e-07
56,setting_2,10,7.189153439153441e-08
56,setting_3,1,0.0
56,setting_3,2,0.0
56,setting_3,3,0.0
56,setting_3,4,0.0
56,setting_3,5,0.0
56,setting_3,6,0.0
56,setting_3,7,0.0
56,setting_3,8,0.0
56,setting_3,9,0.0
56,setting_3,10,0.0
56,sensor_1,1,0.0
56,sensor_1,2,0.0
56,sensor_1,3,0.0
56,sensor_1,4,0.0
56,sensor_1,5,0.0
56,sensor_1,6,0.0
56,sensor_1,7,0.0
56,sensor_1,8,0.0
56,sensor_1,9,0.0
56,sensor_1,10,0.0
56,sensor_2,1,0.10925648148149056
56,sensor_2,2,0.09265669515670204
56,sensor_2,3,0.08945449735450882
56,sensor_2,4,0.09877179487179952
56,sensor_2,5,0.10474973544972578
56,sensor_2,6,0.08866353276353858
56,sensor_2,7,0.06776410256408769
56,sensor_2,8,0.10915449735450358
56,sensor_2,9,0.09019601139600934
56,sensor_2,10,0.07462473544974159
56,sensor_3,1,8.717498809523722
56,sensor_3,2,14.532210256410256
56,sensor_3,3,15.61891150793647
56,sensor_3,4,18.631478062678443
56,sensor_3,5,17.166280423280433
56,sensor_3,6,15.060624216524287
56,sensor_3,7,25.716910541311123
56,sensor_3,8,14.231350661375732
56,sensor_3,9,14.181925641025735
56,sensor_3,10,18.517663888888375
56,sensor_4,1,21.97702169312153
56,sensor_4,2,14.400500000000214
56,sensor_4,3,11.745832142857429
56,sensor_4,4,13.962141025640928
56,sensor_4,5,14.46059947089943
56,sensor_4,6,12.499191737891334
56,sensor_4,7,7.988253276353304
56,sensor_4,8,13.33957671957691
56,sensor_4,9,14.967993447293177
56,sensor_4,10,25.015188359788052
56,sensor_5,1,0.0
56,sensor_5,2,0.0
56,sensor_5,3,0.0
56,sensor_5,4,0.0
56,sensor_5,5,0.0
56,sensor_5,6,0.0
56,sensor_5,7,0.0
56,sensor_5,8,0.0
56,sensor_5,9,0.0
56,sensor_5,10,0.0
56,sensor_6,1,0.0
56,sensor_6,2,0.0
56,sensor_6,3,0.0
56,sensor_6,4,0.0
56,sensor_6,5,0.0
56,sensor_6,6,0.0
56,sensor_6,7,0.0
56,sensor_6,8,0.0
56,sensor_6,9,0.0
56,sensor_6,10,0.0
56,sensor_7,1,0.13547407407405568
56,sensor_7,2,0.19125754985752888
56,sensor_7,3,0.18003121693121382
56,sensor_7,4,0.11284301994303139
56,sensor_7,5,0.17730833333334198
56,sensor_7,6,0.20275669515667574
56,sensor_7,7,0.10993532763533477
56,sensor_7,8,0.15135925925925453
56,sensor_7,9,0.0915641025640989
56,sensor_7,10,0.18151574074075813
56,sensor_8,1,0.0009739417989337629
56,sensor_8,2,0.0008242165242112337
56,sensor_8,3,0.0007497354497336622
56,sensor_8,4,0.0006396011395978779
56,sensor_8,5,0.0014183862433931205
56,sensor_8,6,0.0010165242165197804
56,sensor_8,7,0.0006507122507107946
56,sensor_8,8,0.0008892857142855444
56,sensor_8,9,0.0007333333333313688
56,sensor_8,10,0.0010423280423273197
56,sensor_9,1,23.53161481481622
56,sensor_9,2,12.043384615385396
56,sensor_9,3,10.784335978833829
56,sensor_9,4,17.069731908833777
56,sensor_9,5,18.58343214285374
56,sensor_9,6,13.166631054130864
56,sensor_9,7,28.138546153842576
56,sensor_9,8,41.617355952374574
56,sensor_9,9,58.81909999999703
56,sensor_9,10,165.31812843917274
56,sensor_10,1,0.0
56,sensor_10,2,0.0
56,sensor_10,3,0.0
56,sensor_10,4,0.0
56,sensor_10,5,0.0
56,sensor_10,6,0.0
56,sensor_10,7,0.0
56,sensor_10,8,0.0
56,sensor_10,9,0.0
56,sensor_10,10,0.0
56,sensor_11,1,0.012321031746031838
56,sensor_11,2,0.009971794871794743
56,sensor_11,3,0.012992989417989872
56,sensor_11,4,0.014712250712250758
56,sensor_11,5,0.012950661375661325
56,sensor_11,6,0.01077293447293423
56,sensor_11,7,0.010262678062678308
56,sensor_11,8,0.009151719576719789
56,sensor_11,9,0.010035327635327905
56,sensor_11,10,0.0100735449735449
56,sensor_12,1,0.11058134920633894
56,sensor_12,2,0.11575384615386637
56,sensor_12,3,0.07312949735449735
56,sensor_12,4,0.101223076923057
56,sensor_12,5,0.09354854497353987
56,sensor_12,6,0.0632814814815111
56,sensor_12,7,0.10406153846153421
56,sensor_12,8,0.050895238095228605
56,sensor_12,9,0.09619943019943958
56,sensor_12,10,0.08701375661373871
56,sensor_13,1,0.0009851851851888015
56,sensor_13,2,0.0014207977207904238
56,sensor_13,3,0.0009062169312116965
56,sensor_13,4,0.000986609686605147
56,sensor_13,5,0.0010994708994626157
56,sensor_13,6,0.0007871794871796324
56,sensor_13,7,0.0006250712250707407
56,sensor_13,8,0.0005592592592567227
56,sensor_13,9,0.0007720797720704946
56,sensor_13,10,0.0007062169312101532
56,sensor_14,1,5.029039550265129
56,sensor_14,2,8.387764102564779
56,sensor_14,3,6.360114682540066
56,sensor_14,4,9.940022507121805
56,sensor_14,5,14.747864550263508
56,sensor_14,6,9.928679772081226
56,sensor_14,7,12.820689173789727
56,sensor_14,8,26.631276587291342
56,sensor_14,9,38.270519943020965
56,sensor_14,10,111.59461521162302
56,sensor_15,1,0.00028249665343915513
56,sensor_15,2,0.00034477575498573747
56,sensor_15,3,0.0006802883994709006
56,sensor_15,4,0.0003842202849002708
56,sensor_15,5,0.0004665536507936448
56,sensor_15,6,0.0003602985754985662
56,sensor_15,7,0.00035055641025640764
56,sensor_15,8,0.0003125855026454884
56,sensor_15,9,0.0004319095156695173
56,sensor_15,10,0.00039011432539682694
56,sensor_16,1,0.0
56,sensor_16,2,0.0
56,sensor_16,3,0.0
56,sensor_16,4,0.0
56,sensor_16,5,0.0
56,sensor_16,6,0.0
56,sensor_16,7,0.0
56,sensor_16,8,0.0
56,sensor_16,9,0.0
56,sensor_16,10,0.0
56,sensor_17,1,1.1428571428571428
56,sensor_17,2,0.6524216524216606
56,sensor_17,3,0.9351851851851906
56,sensor_17,4,0.39601139601139135
56,sensor_17,5,1.2486772486772495
56,sensor_17,6,1.10256410256407
56,sensor_17,7,0.6866096866097006
56,sensor_17,8,1.136243386243367
56,sensor_17,9,0.9173789173789444
56,sensor_17,10,1.5555555555555929
56,sensor_18,1,0.0
56,sensor_18,2,0.0
56,sensor_18,3,0.0
56,sensor_18,4,0.0
56,sensor_18,5,0.0
56,sensor_18,6,0.0
56,sensor_18,7,0.0
56,sensor_18,8,0.0
56,sensor_18,9,0.0
56,sensor_18,10,0.0
56,sensor_19,1,0.0
56,sensor_19,2,0.0
56,sensor_19,3,0.0
56,sensor_19,4,0.0
56,sensor_19,5,0.0
56,sensor_19,6,0.0
56,sensor_19,7,0.0
56,sensor_19,8,0.0
56,sensor_19,9,0.0
56,sensor_19,10,0.0
56,sensor_20,1,0.0063952380952379964
56,sensor_20,2,0.007720797720797811
56,sensor_20,3,0.011924867724867772
56,sensor_20,4,0.007417948717948748
56,sensor_20,5,0.010308333333333357
56,sensor_20,6,0.007338746438746297
56,sensor_20,7,0.006200000000000045
56,sensor_20,8,0.01134444444444451
56,sensor_20,9,0.007615384615384837
56,sensor_20,10,0.011596296296296623
56,sensor_21,1,0.002787249894179893
56,sensor_21,2,0.004540007692307671
56,sensor_21,3,0.0035527152777777593
56,sensor_21,4,0.00204766641025646
56,sensor_21,5,0.004370014854497318
56,sensor_21,6,0.00223971923076924
56,sensor_21,7,0.002149011310541324
56,sensor_21,8,0.0040188384656084965
56,sensor_21,9,0.0023476032763533957
56,sensor_21,10,0.004367137288359758
57,setting_1,1,4.6376373626373636e-06
57,setting_1,2,3.775164835164835e-06
57,setting_1,3,6.286410256410256e-06
57,setting_1,4,5.804395604395603e-06
57,setting_1,5,7.5053296703296705e-06
57,setting_1,6,9.239358974358976e-06
57,setting_1,7,1.0017637362637363e-05
57,setting_1,8,4.399358974358974e-06
57,setting_1,9,2.3114285714285716e-06
57,setting_1,10,3.710164835164835e-06
57,setting_2,1,6.439560439560439e-08
57,setting_2,2,1.2181318681318683e-07
57,setting_2,3,6.564102564102564e-08
57,setting_2,4,1.0263736263736264e-07
57,setting_2,5,8.093406593406593e-08
57,setting_2,6,4.269230769230769e-08
57,setting_2,7,9.450549450549451e-08
57,setting_2,8,7.14102564102564e-08
57,setting_2,9,5.6483516483516485e-08
57,setting_2,10,9.609890109890112e-08
57,setting_3,1,0.0
57,setting_3,2,0.0
57,setting_3,3,0.0
57,setting_3,4,0.0
57,setting_3,5,0.0
57,setting_3,6,0.0
57,setting_3,7,0.0
57,setting_3,8,0.0
57,setting_3,9,0.0
57,setting_3,10,0.0
57,sensor_1,1,0.0
57,sensor_1,2,0.0
57,sensor_1,3,0.0
57,sensor_1,4,0.0
57,sensor_1,5,0.0
57,sensor_1,6,0.0
57,sensor_1,7,0.0
57,sensor_1,8,0.0
57,sensor_1,9,0.0
57,sensor_1,10,0.0
57,sensor_2,1,0.09183076923077013
57,sensor_2,2,0.0743802197802032
57,sensor_2,3,0.09568589743590845
57,sensor_2,4,0.12184395604395046
57,sensor_2,5,0.12857582417581553
57,sensor_2,6,0.1331102564102926
57,sensor_2,7,0.07675384615384144
57,sensor_2,8,0.11860641025641228
57,sensor_2,9,0.12895164835163297
57,sensor_2,10,0.0725032967032945
57,sensor_3,1,14.421670879119764
57,sensor_3,2,7.053771978022261
57,sensor_3,3,20.73978589743566
57,sensor_3,4,13.590982417582104
57,sensor_3,5,11.962652747252703
57,sensor_3,6,27.198589743589732
57,sensor_3,7,15.791547802197888
57,sensor_3,8,6.953702564102631
57,sensor_3,9,24.74798736263733
57,sensor_3,10,11.883914285713761
57,sensor_4,1,16.800751648351675
57,sensor_4,2,17.868006593406452
57,sensor_4,3,30.196943589743714
57,sensor_4,4,14.53705714285674
57,sensor_4,5,22.727793956043822
57,sensor_4,6,7.749533333333169
57,sensor_4,7,19.04729230769235
57,sensor_4,8,10.77604743589719
57,sensor_4,9,24.148073076923303
57,sensor_4,10,30.05200274725335
57,sensor_5,1,0.0
57,sensor_5,2,0.0
57,sensor_5,3,0.0
57,sensor_5,4,0.0
57,sensor_5,5,0.0
57,sensor_5,6,0.0
57,sensor_5,7,0.0
57,sensor_5,8,0.0
57,sensor_5,9,0.0
57,sensor_5,10,0.0
57,sensor_6,1,0.0
57,sensor_6,2,7.1428571428545305e-06
57,sensor_6,3,0.0
57,sensor_6,4,0.0
57,sensor_6,5,7.142857142855977e-06
57,sensor_6,6,0.0
57,sensor_6,7,0.0
57,sensor_6,8,0.0
57,sensor_6,9,0.0
57,sensor_6,10,0.0
57,sensor_7,1,0.13687692307694152
57,sensor_7,2,0.15249890109887346
57,sensor_7,3,0.10554743589742875
57,sensor_7,4,0.16581318681317508
57,sensor_7,5,0.12705329670330562
57,sensor_7,6,0.047275641025656574
57,sensor_7,7,0.1574884615384811
57,sensor_7,8,0.25408974358972725
57,sensor_7,9,0.13166428571428607
57,sensor_7,10,0.25669890109881616
57,sensor_8,1,0.0008642857142842573
57,sensor_8,2,0.002076923076913895
57,sensor_8,3,0.0005602564102536227
57,sensor_8,4,0.001118681318680541
57,sensor_8,5,0.0016835164835100546
57,sensor_8,6,0.0010192307692293368
57,sensor_8,7,0.0012835164835132177
57,sensor_8,8,0.0005307692307650571
57,sensor_8,9,0.0018219780219812837
57,sensor_8,10,0.001022527472531003
57,sensor_9,1,37.933853296703155
57,sensor_9,2,23.68594999999946
57,sensor_9,3,25.426069230769368
57,sensor_9,4,26.52220274725554
57,sensor_9,5,13.1195978021961
57,sensor_9,6,12.999543589744532
57,sensor_9,7,19.236707692307963
57,sensor_9,8,13.082792307692394
57,sensor_9,9,14.309248901098828
57,sensor_9,10,14.07247087911787
57,sensor_10,1,0.0
57,sensor_10,2,0.0
57,sensor_10,3,0.0
57,sensor_10,4,0.0
57,sensor_10,5,0.0
57,sensor_10,6,0.0
57,sensor_10,7,0.0
57,sensor_10,8,0.0
57,sensor_10,9,0.0
57,sensor_10,10,0.0
57,sensor_11,1,0.010120879120878595
57,sensor_11,2,0.017541208791208903
57,sensor_11,3,0.01655897435897461
57,sensor_11,4,0.012664285714286006
57,sensor_11,5,0.008303296703296421
57,sensor_11,6,0.00944743589743662
57,sensor_11,7,0.015391208791208385
57,sensor_11,8,0.00612435897435918
57,sensor_11,9,0.02112307692307713
57,sensor_11,10,0.0335939560439566
57,sensor_12,1,0.06638076923076708
57,sensor_12,2,0.09428791208791817
57,sensor_12,3,0.13187435897435415
57,sensor_12,4,0.06933406593405499
57,sensor_12,5,0.14539175824177034
57,sensor_12,6,0.1019397435897394
57,sensor_12,7,0.10008406593407117
57,sensor_12,8,0.10899743589745159
57,sensor_12,9,0.16612307692309025
57,sensor_12,10,0.22860714285701708
57,sensor_13,1,0.0011038461538549955
57,sensor_13,2,0.001191758241750142
57,sensor_13,3,0.0007025641025643759
57,sensor_13,4,0.0009846153846172249
57,sensor_13,5,0.0005516483516491462
57,sensor_13,6,0.0006141025641016161
57,sensor_13,7,0.001397802197799157
57,sensor_13,8,0.0006999999999940208
57,sensor_13,9,0.001848901098884122
57,sensor_13,10,0.0011956043956237736
57,sensor_14,1,8.638563186812174
57,sensor_14,2,12.505741208792909
57,sensor_14,3,7.283541025640965
57,sensor_14,4,7.02153406593309
57,sensor_14,5,21.864021978020997
57,sensor_14,6,9.142407692307371
57,sensor_14,7,26.118695054945253
57,sensor_14,8,8.92851410256461
57,sensor_14,9,14.241734065935699
57,sensor_14,10,10.82687472527647
57,sensor_15,1,0.0002393710439560432
57,sensor_15,2,0.0003901730219780072
57,sensor_15,3,0.000429349358974335
57,sensor_15,4,0.0005785884065933986
57,sensor_15,5,0.00039667170329671207
57,sensor_15,6,0.00026942743589743016
57,sensor_15,7,0.00034136730769231013
57,sensor_15,8,0.00019121307692307498
57,sensor_15,9,0.0006086048901098758
57,sensor_15,10,0.00038878423076922283
57,sensor_16,1,0.0
57,sensor_16,2,0.0
57,sensor_16,3,0.0
57,sensor_16,4,0.0
57,sensor_16,5,0.0
57,sensor_16,6,0.0
57,sensor_16,7,0.0
57,sensor_16,8,0.0
57,sensor_16,9,0.0
57,sensor_16,10,0.0
57,sensor_17,1,0.7087912087912108
57,sensor_17,2,0.6813186813186923
57,sensor_17,3,0.6923076923077048
57,sensor_17,4,0.8791208791208793
57,sensor_17,5,0.8626373626373589
57,sensor_17,6,1.0641025641025592
57,sensor_17,7,1.8241758241758081
57,sensor_17,8,1.3076923076923312
57,sensor_17,9,1.1868131868131755
57,sensor_17,10,0.8406593406593463
57,sensor_18,1,0.0
57,sensor_18,2,0.0
57,sensor_18,3,0.0
57,sensor_18,4,0.0
57,sensor_18,5,0.0
57,sensor_18,6,0.0
57,sensor_18,7,0.0
57,sensor_18,8,0.0
57,sensor_18,9,0.0
57,sensor_18,10,0.0
57,sensor_19,1,0.0
57,sensor_19,2,0.0
57,sensor_19,3,0.0
57,sensor_19,4,0.0
57,sensor_19,5,0.0
57,sensor_19,6,0.0
57,sensor_19,7,0.0
57,sensor_19,8,0.0
57,sensor_19,9,0.0
57,sensor_19,10,0.0
57,sensor_20,1,0.011241758241758097
57,sensor_20,2,0.006575824175824113
57,sensor_20,3,0.013239743589743294
57,sensor_20,4,0.01437197802197842
57,sensor_20,5,0.007703846153846217
57,sensor_20,6,0.006980769230769398
57,sensor_20,7,0.009951648351648424
57,sensor_20,8,0.02265897435897413
57,sensor_20,9,0.016734065934066393
57,sensor_20,10,0.015453296703297426
57,sensor_21,1,0.0026166637362637405
57,sensor_21,2,0.0023843274725275417
57,sensor_21,3,0.005548480000000005
57,sensor_21,4,0.0017255793956044102
57,sensor_21,5,0.005466413406593352
57,sensor_21,6,0.0042655191025642
57,sensor_21,7,0.0016953145054944055
57,sensor_21,8,0.0038346169230769975
57,sensor_21,9,0.0034232753846154046
57,sensor_21,10,0.0037210907692305792
58,setting_1,1,2.226857142857143e-06
58,setting_1,2,3.178571428571428e-06
58,setting_1,3,1.0850549450549448e-05
58,setting_1,4,1.9311428571428567e-06
58,setting_1,5,4.6214285714285715e-06
58,setting_1,6,4.205934065934066e-06
58,setting_1,7,3.4499999999999996e-06
58,setting_1,8,4.479120879120879e-06
58,setting_1,9,2.835428571428571e-06
58,setting_1,10,7.109238095238094e-06
58,setting_2,1,1.0238095238095237e-07
58,setting_2,2,6.266666666666666e-08
58,setting_2,3,1.1032967032967034e-07
58,setting_2,4,7.552380952380952e-08
58,setting_2,5,6.266666666666667e-08
58,setting_2,6,1.1104395604395603e-07
58,setting_2,7,4.923809523809524e-08
58,setting_2,8,8.879120879120878e-08
58,setting_2,9,5.5523809523809526e-08
58,setting_2,10,8.114285714285715e-08
58,setting_3,1,0.0
58,setting_3,2,0.0
58,setting_3,3,0.0
58,setting_3,4,0.0
58,setting_3,5,0.0
58,setting_3,6,0.0
58,setting_3,7,0.0
58,setting_3,8,0.0
58,setting_3,9,0.0
58,setting_3,10,0.0
58,sensor_1,1,0.0
58,sensor_1,2,0.0
58,sensor_1,3,0.0
58,sensor_1,4,0.0
58,sensor_1,5,0.0
58,sensor_1,6,0.0
58,sensor_1,7,0.0
58,sensor_1,8,0.0
58,sensor_1,9,0.0
58,sensor_1,10,0.0
58,sensor_2,1,0.18359523809524556
58,sensor_2,2,0.114578095238104
58,sensor_2,3,0.19271703296702947
58,sensor_2,4,0.05730285714282492
58,sensor_2,5,0.09688857142856741
58,sensor_2,6,0.050426923076916604
58,sensor_2,7,0.06600285714286627
58,sensor_2,8,0.09294945054945056
58,sensor_2,9,0.09835428571431303
58,sensor_2,10,0.12570666666666838
58,sensor_3,1,17.001080952381102
58,sensor_3,2,16.679617142856845
58,sensor_3,3,8.85593626373594
58,sensor_3,4,21.773720952381066
58,sensor_3,5,7.138135238095072
58,sensor_3,6,13.29133406593386
58,sensor_3,7,16.02688571428505
58,sensor_3,8,12.897653296703153
58,sensor_3,9,16.502663809523924
58,sensor_3,10,22.113135238095577
58,sensor_4,1,18.49919238095199
58,sensor_4,2,12.514183809524075
58,sensor_4,3,24.47792967032952
58,sensor_4,4,9.890466666666518
58,sensor_4,5,25.974783809524013
58,sensor_4,6,13.115084065934306
58,sensor_4,7,22.972239999999434
58,sensor_4,8,6.628914835164717
58,sensor_4,9,23.082026666666703
58,sensor_4,10,33.45575428571552
58,sensor_5,1,0.0
58,sensor_5,2,0.0
58,sensor_5,3,0.0
58,sensor_5,4,0.0
58,sensor_5,5,0.0
58,sensor_5,6,0.0
58,sensor_5,7,0.0
58,sensor_5,8,0.0
58,sensor_5,9,0.0
58,sensor_5,10,0.0
58,sensor_6,1,0.0
58,sensor_6,2,0.0
58,sensor_6,3,0.0
58,sensor_6,4,0.0
58,sensor_6,5,0.0
58,sensor_6,6,0.0
58,sensor_6,7,0.0
58,sensor_6,8,0.0
58,sensor_6,9,0.0
58,sensor_6,10,0.0
58,sensor_7,1,0.24921238095237627
58,sensor_7,2,0.1470066666666606
58,sensor_7,3,0.16603076923075732
58,sensor_7,4,0.2340666666666704
58,sensor_7,5,0.1405695238095148
58,sensor_7,6,0.07028846153846066
58,sensor_7,7,0.29870285714286476
58,sensor_7,8,0.1961296703296935
58,sensor_7,9,0.33504095238095605
58,sensor_7,10,0.39027809523811613
58,sensor_8,1,0.0006809523809489737
58,sensor_8,2,0.0013666666666701762
58,sensor_8,3,0.0014796703296697062
58,sensor_8,4,0.0006923809523763635
58,sensor_8,5,0.0009742857142835483
58,sensor_8,6,0.000679670329670606
58,sensor_8,7,0.001198095238096042
58,sensor_8,8,0.0016708791208559627
58,sensor_8,9,0.0010209523809430012
58,sensor_8,10,0.0019209523809548038
58,sensor_9,1,12.262349523809961
58,sensor_9,2,9.980511428568493
58,sensor_9,3,23.74323351648229
58,sensor_9,4,12.975859999999193
58,sensor_9,5,20.184355238092188
58,sensor_9,6,17.795843956041566
58,sensor_9,7,14.807531428570979
58,sensor_9,8,19.14598241758475
58,sensor_9,9,12.064692380950573
58,sensor_9,10,27.893311428561812
58,sensor_10,1,0.0
58,sensor_10,2,0.0
58,sensor_10,3,0.0
58,sensor_10,4,0.0
58,sensor_10,5,0.0
58,sensor_10,6,0.0
58,sensor_10,7,0.0
58,sensor_10,8,0.0
58,sensor_10,9,0.0
58,sensor_10,10,0.0
58,sensor_11,1,0.005192380952381005
58,sensor_11,2,0.010206666666666428
58,sensor_11,3,0.008233516483516756
58,sensor_11,4,0.010011428571428673
58,sensor_11,5,0.015935238095238065
58,sensor_11,6,0.010180219780219322
58,sensor_11,7,0.0116542857142856
58,sensor_11,8,0.013395604395603972
58,sensor_11,9,0.008049523809523649
58,sensor_11,10,0.020949523809524615
58,sensor_12,1,0.03959523809524442
58,sensor_12,2,0.09550666666666305
58,sensor_12,3,0.08473461538464659
58,sensor_12,4,0.11118285714285725
58,sensor_12,5,0.14965523809525313
58,sensor_12,6,0.05641098901099498
58,sensor_12,7,0.08976952380951533
58,sensor_12,8,0.1240901098901053
58,sensor_12,9,0.12629809523811125
58,sensor_12,10,0.09766857142857757
58,sensor_13,1,0.0005695238095241472
58,sensor_13,2,0.00043142857142559573
58,sensor_13,3,0.0012950549450521163
58,sensor_13,4,0.0010542857142822272
58,sensor_13,5,0.0005380952380932866
58,sensor_13,6,0.0011999999999977176
58,sensor_13,7,0.001623809523810359
58,sensor_13,8,0.0013192307692347206
58,sensor_13,9,0.0018409523809432243
58,sensor_13,10,0.0014352380952349548
58,sensor_14,1,4.314663809524123
58,sensor_14,2,8.200897142856856
58,sensor_14,3,6.569864285713881
58,sensor_14,4,6.292512380953823
58,sensor_14,5,6.285620952378876
58,sensor_14,6,16.750701648351367
58,sensor_14,7,16.89977809523764
58,sensor_14,8,11.917606593408
58,sensor_14,9,17.641074285714613
58,sensor_14,10,15.062563809520226
58,sensor_15,1,7.037409523809591e-05
58,sensor_15,2,0.0003210898095238214
58,sensor_15,3,0.0005090310439560341
58,sensor_15,4,0.0007533206666666614
58,sensor_15,5,0.0002709892380952556
58,sensor_15,6,0.00042219785714286967
58,sensor_15,7,0.0002652349523809468
58,sensor_15,8,0.00036077604395603823
58,sensor_15,9,0.0005437240952380956
58,sensor_15,10,0.00028199266666666274
58,sensor_16,1,0.0
58,sensor_16,2,0.0
58,sensor_16,3,0.0
58,sensor_16,4,0.0
58,sensor_16,5,0.0
58,sensor_16,6,0.0
58,sensor_16,7,0.0
58,sensor_16,8,0.0
58,sensor_16,9,0.0
58,sensor_16,10,0.0
58,sensor_17,1,1.2666666666666677
58,sensor_17,2,0.3142857142857092
58,sensor_17,3,1.032967032967042
58,sensor_17,4,0.7809523809523774
58,sensor_17,5,1.066666666666647
58,sensor_17,6,0.9010989010988927
58,sensor_17,7,1.2666666666666628
58,sensor_17,8,0.9890109890109956
58,sensor_17,9,0.82857142857143
58,sensor_17,10,0.9523809523809561
58,sensor_18,1,0.0
58,sensor_18,2,0.0
58,sensor_18,3,0.0
58,sensor_18,4,0.0
58,sensor_18,5,0.0
58,sensor_18,6,0.0
58,sensor_18,7,0.0
58,sensor_18,8,0.0
58,sensor_18,9,0.0
58,sensor_18,10,0.0
58,sensor_19,1,0.0
58,sensor_19,2,0.0
58,sensor_19,3,0.0
58,sensor_19,4,0.0
58,sensor_19,5,0.0
58,sensor_19,6,0.0
58,sensor_19,7,0.0
58,sensor_19,8,0.0
58,sensor_19,9,0.0
58,sensor_19,10,0.0
58,sensor_20,1,0.013539999999999778
58,sensor_20,2,0.007638095238095313
58,sensor_20,3,0.017013186813186906
58,sensor_20,4,0.01238857142857153
58,sensor_20,5,0.006797142857142999
58,sensor_20,6,0.00985274725274704
58,sensor_20,7,0.008095238095238103
58,sensor_20,8,0.007520879120878759
58,sensor_20,9,0.01164571428571397
58,sensor_20,10,0.01808380952380852
58,sensor_21,1,0.006306587809523768
58,sensor_21,2,0.0046252499999999514
58,sensor_21,3,0.003698598241758231
58,sensor_21,4,0.003898607809523835
58,sensor_21,5,0.003158865523809591
58,sensor_21,6,0.002513702472527469
58,sensor_21,7,0.003439597809523811
58,sensor_21,8,0.00189352263736273
58,sensor_21,9,0.004057526000000003
58,sensor_21,10,0.00466443828571437
59,setting_1,1,4.729836956521739e-06
59,setting_1,2,5.4462055335968365e-06
59,setting_1,3,3.6694861660079047e-06
59,setting_1,4,3.2006719367588936e-06
59,setting_1,5,7.030830039525692e-06
59,setting_1,6,3.2702766798418966e-06
59,setting_1,7,3.330592885375494e-06
59,setting_1,8,5.613557312252965e-06
59,setting_1,9,4.766245059288538e-06
59,setting_1,10,6.620395256916997e-06
59,setting_2,1,9.998188405797103e-08
59,setting_2,2,1.1786561264822134e-07
59,setting_2,3,1.1604743083003954e-07
59,setting_2,4,6.604743083003953e-08
59,setting_2,5,9.454545454545454e-08
59,setting_2,6,7.083003952569172e-08
59,setting_2,7,7.703557312252966e-08
59,setting_2,8,7.810276679841898e-08
59,setting_2,9,5.802371541501975e-08
59,setting_2,10,8.893280632411069e-08
59,setting_3,1,0.0
59,setting_3,2,0.0
59,setting_3,3,0.0
59,setting_3,4,0.0
59,setting_3,5,0.0
59,setting_3,6,0.0
59,setting_3,7,0.0
59,setting_3,8,0.0
59,setting_3,9,0.0
59,setting_3,10,0.0
59,sensor_1,1,0.0
59,sensor_1,2,0.0
59,sensor_1,3,0.0
59,sensor_1,4,0.0
59,sensor_1,5,0.0
59,sensor_1,6,0.0
59,sensor_1,7,0.0
59,sensor_1,8,0.0
59,sensor_1,9,0.0
59,sensor_1,10,0.0
59,sensor_2,1,0.06932155797101702
59,sensor_2,2,0.07220592885374964
59,sensor_2,3,0.06773517786560786
59,sensor_2,4,0.09012608695651815
59,sensor_2,5,0.08478102766799091
59,sensor_2,6,0.0857632411067193
59,sensor_2,7,0.06535454545455414
59,sensor_2,8,0.08682648221345589
59,sensor_2,9,0.06659644268774786
59,sensor_2,10,0.13304822134386796
59,sensor_3,1,12.565256340579486
59,sensor_3,2,23.98480553359667
59,sensor_3,3,12.14011106719385
59,sensor_3,4,11.43900197628453
59,sensor_3,5,16.392562450592678
59,sensor_3,6,17.818857312252334
59,sensor_3,7,12.537952964426923
59,sensor_3,8,20.375360474308135
59,sensor_3,9,33.158227272728
59,sensor_3,10,12.983663241106694
59,sensor_4,1,11.343243297101592
59,sensor_4,2,12.385138339920594
59,sensor_4,3,14.8031893280631
59,sensor_4,4,15.477907905138249
59,sensor_4,5,17.63058063241094
59,sensor_4,6,24.743117391304654
59,sensor_4,7,19.24442252964448
59,sensor_4,8,23.634208300395382
59,sensor_4,9,38.68593399209497
59,sensor_4,10,24.96811818181775
59,sensor_5,1,0.0
59,sensor_5,2,0.0
59,sensor_5,3,0.0
59,sensor_5,4,0.0
59,sensor_5,5,0.0
59,sensor_5,6,0.0
59,sensor_5,7,0.0
59,sensor_5,8,0.0
59,sensor_5,9,0.0
59,sensor_5,10,0.0
59,sensor_6,1,1.1413043478258114e-05
59,sensor_6,2,1.1857707509875959e-05
59,sensor_6,3,0.0
59,sensor_6,4,1.5019762845844708e-05
59,sensor_6,5,8.300395256915073e-06
59,sensor_6,6,0.0
59,sensor_6,7,0.0
59,sensor_6,8,0.0
59,sensor_6,9,0.0
59,sensor_6,10,0.0
59,sensor_7,1,0.1127041666666658
59,sensor_7,2,0.246489328063244
59,sensor_7,3,0.26265731225295086
59,sensor_7,4,0.15669288537550982
59,sensor_7,5,0.13336126482213334
59,sensor_7,6,0.17435098814228042
59,sensor_7,7,0.23226798418972666
59,sensor_7,8,0.17493122529644314
59,sensor_7,9,0.3273770750987745
59,sensor_7,10,0.18286916996044783
59,sensor_8,1,0.0006519927536245835
59,sensor_8,2,0.0009482213438796847
59,sensor_8,3,0.000926877470361461
59,sensor_8,4,0.0007221343873528509
59,sensor_8,5,0.0008221343873518937
59,sensor_8,6,0.001058498023721722
59,sensor_8,7,0.0007359683794447493
59,sensor_8,8,0.0007988142292466527
59,sensor_8,9,0.000767984189723092
59,sensor_8,10,0.0008332015810484469
59,sensor_9,1,23.05873894927673
59,sensor_9,2,18.200058893280097
59,sensor_9,3,13.085472332014104
59,sensor_9,4,14.427351383397626
59,sensor_9,5,17.42033320158245
59,sensor_9,6,15.730148221341857
59,sensor_9,7,6.921205533596744
59,sensor_9,8,18.051071146244404
59,sensor_9,9,22.49989960473953
59,sensor_9,10,20.36517233201642
59,sensor_10,1,0.0
59,sensor_10,2,0.0
59,sensor_10,3,0.0
59,sensor_10,4,0.0
59,sensor_10,5,0.0
59,sensor_10,6,0.0
59,sensor_10,7,0.0
59,sensor_10,8,0.0
59,sensor_10,9,0.0
59,sensor_10,10,0.0
59,sensor_11,1,0.010675362318840335
59,sensor_11,2,0.008954150197628344
59,sensor_11,3,0.010727272727272629
59,sensor_11,4,0.010745454545454601
59,sensor_11,5,0.006750988142292537
59,sensor_11,6,0.006590513833992187
59,sensor_11,7,0.009118181818181827
59,sensor_11,8,0.009617786561265183
59,sensor_11,9,0.013048221343873874
59,sensor_11,10,0.02845217391304372
59,sensor_12,1,0.08838840579710544
59,sensor_12,2,0.08651343873517887
59,sensor_12,3,0.05063517786561445
59,sensor_12,4,0.06781185770750171
59,sensor_12,5,0.08729841897233724
59,sensor_12,6,0.10449525691699733
59,sensor_12,7,0.09045217391303889
59,sensor_12,8,0.09341778656127703
59,sensor_12,9,0.16994031620558755
59,sensor_12,10,0.28386205533596925
59,sensor_13,1,0.0006780797101465062
59,sensor_13,2,0.0012786561264842482
59,sensor_13,3,0.0009588932806302248
59,sensor_13,4,0.0009541501976349273
59,sensor_13,5,0.0006806324110731057
59,sensor_13,6,0.0011494071146229746
59,sensor_13,7,0.0010090909090919788
59,sensor_13,8,0.0015901185770681404
59,sensor_13,9,0.0011802371541635994
59,sensor_13,10,0.0012110671936696018
59,sensor_14,1,7.850630253622929
59,sensor_14,2,11.042820158101627
59,sensor_14,3,6.628256521738499
59,sensor_14,4,7.398316996047885
59,sensor_14,5,14.187681027668852
59,sensor_14,6,11.58666640316262
59,sensor_14,7,12.851595256916822
59,sensor_14,8,6.2316146245050055
59,sensor_14,9,10.635731620553289
59,sensor_14,10,10.830485770751764
59,sensor_15,1,0.0005188389673913132
59,sensor_15,2,0.0003886045059288581
59,sensor_15,3,0.00028244221343874356
59,sensor_15,4,0.0006874807509881516
59,sensor_15,5,0.00022615355731226314
59,sensor_15,6,0.00029484988142293667
59,sensor_15,7,0.0002931824110671989
59,sensor_15,8,0.0004193911857707577
59,sensor_15,9,0.0004495184584980348
59,sensor_15,10,0.0003086656521739084
59,sensor_16,1,0.0
59,sensor_16,2,0.0
59,sensor_16,3,0.0
59,sensor_16,4,0.0
59,sensor_16,5,0.0
59,sensor_16,6,0.0
59,sensor_16,7,0.0
59,sensor_16,8,0.0
59,sensor_16,9,0.0
59,sensor_16,10,0.0
59,sensor_17,1,0.6884057971014611
59,sensor_17,2,0.41897233201582085
59,sensor_17,3,0.8972332015810324
59,sensor_17,4,1.1699604743082916
59,sensor_17,5,0.8853754940711694
59,sensor_17,6,0.901185770750986
59,sensor_17,7,1.6126482213438822
59,sensor_17,8,0.6916996047430812
59,sensor_17,9,0.612648221343866
59,sensor_17,10,1.4940711462450411
59,sensor_18,1,0.0
59,sensor_18,2,0.0
59,sensor_18,3,0.0
59,sensor_18,4,0.0
59,sensor_18,5,0.0
59,sensor_18,6,0.0
59,sensor_18,7,0.0
59,sensor_18,8,0.0
59,sensor_18,9,0.0
59,sensor_18,10,0.0
59,sensor_19,1,0.0
59,sensor_19,2,0.0
59,sensor_19,3,0.0
59,sensor_19,4,0.0
59,sensor_19,5,0.0
59,sensor_19,6,0.0
59,sensor_19,7,0.0
59,sensor_19,8,0.0
59,sensor_19,9,0.0
59,sensor_19,10,0.0
59,sensor_20,1,0.007456340579709912
59,sensor_20,2,0.010857312252964636
59,sensor_20,3,0.010172332015810614
59,sensor_20,4,0.009122529644269047
59,sensor_20,5,0.006526086956521598
59,sensor_20,6,0.010339130434782325
59,sensor_20,7,0.011162845849802257
59,sensor_20,8,0.014379446640316264
59,sensor_20,9,0.006981027667983644
59,sensor_20,10,0.013943083003952288
59,sensor_21,1,0.0031734699818840644
59,sensor_21,2,0.00492490723320168
59,sensor_21,3,0.004927750592885397
59,sensor_21,4,0.0012459089328063417
59,sensor_21,5,0.004121715849802373
59,sensor_21,6,0.002942363320158206
59,sensor_21,7,0.002313136956521806
59,sensor_21,8,0.004938111185770721
59,sensor_21,9,0.003754159288537684
59,sensor_21,10,0.007525239525691535
60,setting_1,1,3.7458823529411764e-06
60,setting_1,2,5.412794117647059e-06
60,setting_1,3,5.428455882352941e-06
60,setting_1,4,5.761911764705882e-06
60,setting_1,5,5.022573529411765e-06
60,setting_1,6,3.6577941176470587e-06
60,setting_1,7,4.359411764705882e-06
60,setting_1,8,5.636102941176471e-06
60,setting_1,9,6.321176470588235e-06
60,setting_1,10,4.373496732026144e-06
60,setting_2,1,8.457516339869281e-08
60,setting_2,2,7.941176470588236e-08
60,setting_2,3,5.816176470588236e-08
60,setting_2,4,1.0441176470588233e-07
60,setting_2,5,5.3161764705882345e-08
60,setting_2,6,4.816176470588236e-08
60,setting_2,7,6.720588235294117e-08
60,setting_2,8,7.691176470588234e-08
60,setting_2,9,6.992647058823529e-08
60,setting_2,10,1.0133986928104575e-07
60,setting_3,1,0.0
60,setting_3,2,0.0
60,setting_3,3,0.0
60,setting_3,4,0.0
60,setting_3,5,0.0
60,setting_3,6,0.0
60,setting_3,7,0.0
60,setting_3,8,0.0
60,setting_3,9,0.0
60,setting_3,10,0.0
60,sensor_1,1,0.0
60,sensor_1,2,0.0
60,sensor_1,3,0.0
60,sensor_1,4,0.0
60,sensor_1,5,0.0
60,sensor_1,6,0.0
60,sensor_1,7,0.0
60,sensor_1,8,0.0
60,sensor_1,9,0.0
60,sensor_1,10,0.0
60,sensor_2,1,0.10689575163399526
60,sensor_2,2,0.04840588235292647
60,sensor_2,3,0.05225147058823788
60,sensor_2,4,0.061631617647041996
60,sensor_2,5,0.11616544117645614
60,sensor_2,6,0.10291838235293854
60,sensor_2,7,0.09864926470588709
60,sensor_2,8,0.14891176470588574
60,sensor_2,9,0.07653602941176815
60,sensor_2,10,0.1012499999999979
60,sensor_3,1,30.100423529411405
60,sensor_3,2,6.292377941176428
60,sensor_3,3,28.426263235294
60,sensor_3,4,4.119851470588471
60,sensor_3,5,9.143519117647307
60,sensor_3,6,23.93592500000021
60,sensor_3,7,14.05112352941188
60,sensor_3,8,12.54433823529405
60,sensor_3,9,6.382476470588143
60,sensor_3,10,13.023375163398933
60,sensor_4,1,21.476806535947684
60,sensor_4,2,13.399886764705755
60,sensor_4,3,18.570212500000373
60,sensor_4,4,26.781422058822177
60,sensor_4,5,11.167836029411696
60,sensor_4,6,14.10927426470627
60,sensor_4,7,18.178226470588065
60,sensor_4,8,11.685462500000076
60,sensor_4,9,16.689027941176086
60,sensor_4,10,25.295551633987635
60,sensor_5,1,0.0
60,sensor_5,2,0.0
60,sensor_5,3,0.0
60,sensor_5,4,0.0
60,sensor_5,5,0.0
60,sensor_5,6,0.0
60,sensor_5,7,0.0
60,sensor_5,8,0.0
60,sensor_5,9,0.0
60,sensor_5,10,0.0
60,sensor_6,1,0.0
60,sensor_6,2,0.0
60,sensor_6,3,0.0
60,sensor_6,4,0.0
60,sensor_6,5,0.0
60,sensor_6,6,0.0
60,sensor_6,7,0.0
60,sensor_6,8,0.0
60,sensor_6,9,0.0
60,sensor_6,10,0.0
60,sensor_7,1,0.180695751634005
60,sensor_7,2,0.13900588235293732
60,sensor_7,3,0.22134926470587132
60,sensor_7,4,0.3147742647058798
60,sensor_7,5,0.2135235294117308
60,sensor_7,6,0.1762617647058553
60,sensor_7,7,0.11973676470588968
60,sensor_7,8,0.09837573529411349
60,sensor_7,9,0.2506632352941154
60,sensor_7,10,0.25052941176475096
60,sensor_8,1,0.0010352941176441182
60,sensor_8,2,0.0019845588235383274
60,sensor_8,3,0.0009691176470593536
60,sensor_8,4,0.0005764705882337877
60,sensor_8,5,0.0012654411764670833
60,sensor_8,6,0.0007566176470555634
60,sensor_8,7,0.0008308823529389729
60,sensor_8,8,0.0005757352940988751
60,sensor_8,9,0.0008566176470567242
60,sensor_8,10,0.0005898692810344318
60,sensor_9,1,22.043269281041674
60,sensor_9,2,22.751386764705593
60,sensor_9,3,22.287023529412476
60,sensor_9,4,17.381399264704747
60,sensor_9,5,26.02531176470685
60,sensor_9,6,16.134373529408748
60,sensor_9,7,23.58581176471052
60,sensor_9,8,30.860968382364575
60,sensor_9,9,44.904600735302516
60,sensor_9,10,150.34942222221846
60,sensor_10,1,0.0
60,sensor_10,2,0.0
60,sensor_10,3,0.0
60,sensor_10,4,0.0
60,sensor_10,5,0.0
60,sensor_10,6,0.0
60,sensor_10,7,0.0
60,sensor_10,8,0.0
60,sensor_10,9,0.0
60,sensor_10,10,0.0
60,sensor_11,1,0.011328104575163337
60,sensor_11,2,0.01200661764705889
60,sensor_11,3,0.01076323529411814
60,sensor_11,4,0.010886029411765134
60,sensor_11,5,0.010363235294117628
60,sensor_11,6,0.014769117647059082
60,sensor_11,7,0.009602941176470804
60,sensor_11,8,0.021663970588235028
60,sensor_11,9,0.009588970588235298
60,sensor_11,10,0.013697058823529017
60,sensor_12,1,0.04675849673203167
60,sensor_12,2,0.043950735294117804
60,sensor_12,3,0.11345147058825122
60,sensor_12,4,0.07257794117646735
60,sensor_12,5,0.07999852941178148
60,sensor_12,6,0.06957352941176152
60,sensor_12,7,0.06474705882353232
60,sensor_12,8,0.06155955882352979
60,sensor_12,9,0.1708507352941511
60,sensor_12,10,0.1339359477124202
60,sensor_13,1,0.0012143790849664582
60,sensor_13,2,0.0009566176470610662
60,sensor_13,3,0.0014154411764685953
60,sensor_13,4,0.0008316176470554506
60,sensor_13,5,0.0013242647058787156
60,sensor_13,6,0.0006617647058835198
60,sensor_13,7,0.0007889705882312481
60,sensor_13,8,0.0011933823529277539
60,sensor_13,9,0.0005132352941152924
60,sensor_13,10,0.0009035947712416615
60,sensor_14,1,7.338543790848842
60,sensor_14,2,7.73767647058794
60,sensor_14,3,4.706037500001308
60,sensor_14,4,4.297738970589469
60,sensor_14,5,7.240022058823641
60,sensor_14,6,6.22149044117728
60,sensor_14,7,18.575676470587666
60,sensor_14,8,19.23696397058431
60,sensor_14,9,7.467911029409676
60,sensor_14,10,96.25399999999121
60,sensor_15,1,0.0005300295751634157
60,sensor_15,2,0.0002053322058823555
60,sensor_15,3,0.0003156025735294299
60,sensor_15,4,0.0005437838970588194
60,sensor_15,5,0.0003945677941176417
60,sensor_15,6,0.0004935261029411611
60,sensor_15,7,0.0003536156617647111
60,sensor_15,8,0.00037608404411764774
60,sensor_15,9,0.0002887450735294199
60,sensor_15,10,0.0004149712418300879
60,sensor_16,1,0.0
60,sensor_16,2,0.0
60,sensor_16,3,0.0
60,sensor_16,4,0.0
60,sensor_16,5,0.0
60,sensor_16,6,0.0
60,sensor_16,7,0.0
60,sensor_16,8,0.0
60,sensor_16,9,0.0
60,sensor_16,10,0.0
60,sensor_17,1,0.810457516339847
60,sensor_17,2,0.51470588235295
60,sensor_17,3,0.7352941176470763
60,sensor_17,4,1.154411764705901
60,sensor_17,5,1.1838235294117687
60,sensor_17,6,0.3161764705882461
60,sensor_17,7,1.2426470588235234
60,sensor_17,8,0.48529411764703545
60,sensor_17,9,0.9926470588235439
60,sensor_17,10,1.3104575163398817
60,sensor_18,1,0.0
60,sensor_18,2,0.0
60,sensor_18,3,0.0
60,sensor_18,4,0.0
60,sensor_18,5,0.0
60,sensor_18,6,0.0
60,sensor_18,7,0.0
60,sensor_18,8,0.0
60,sensor_18,9,0.0
60,sensor_18,10,0.0
60,sensor_19,1,0.0
60,sensor_19,2,0.0
60,sensor_19,3,0.0
60,sensor_19,4,0.0
60,sensor_19,5,0.0
60,sensor_19,6,0.0
60,sensor_19,7,0.0
60,sensor_19,8,0.0
60,sensor_19,9,0.0
60,sensor_19,10,0.0
60,sensor_20,1,0.00799999999999965
60,sensor_20,2,0.011461029411764516
60,sensor_20,3,0.009899264705882245
60,sensor_20,4,0.009994117647058593
60,sensor_20,5,0.011843382352941611
60,sensor_20,6,0.005665441176470499
60,sensor_20,7,0.009951470588235423
60,sensor_20,8,0.006565441176470484
60,sensor_20,9,0.010206617647058262
60,sensor_20,10,0.014931045751634245
60,sensor_21,1,0.003919012418300725
60,sensor_21,2,0.004327806544117722
60,sensor_21,3,0.004819899926470481
60,sensor_21,4,0.004008920588235392
60,sensor_21,5,0.005875708088235339
60,sensor_21,6,0.0036928824264705466
60,sensor_21,7,0.0029219726470588797
60,sensor_21,8,0.004653621397058818
60,sensor_21,9,0.006888881838235352
60,sensor_21,10,0.003350783823529264
61,setting_1,1,4.473684210526316e-06
61,setting_1,2,4.968529411764706e-06
61,setting_1,3,7.179122807017546e-06
61,setting_1,4,4.977908496732025e-06
61,setting_1,5,3.906549707602339e-06
61,setting_1,6,4.324183006535949e-06
61,setting_1,7,6.414673202614379e-06
61,setting_1,8,2.3280701754385967e-06
61,setting_1,9,3.1265359477124183e-06
61,setting_1,10,7.848713450292395e-06
61,setting_2,1,8.584795321637428e-08
61,setting_2,2,7.058823529411766e-08
61,setting_2,3,6.812865497076022e-08
61,setting_2,4,8.470588235294116e-08
61,setting_2,5,7.695906432748537e-08
61,setting_2,6,7.790849673202613e-08
61,setting_2,7,4.35294117647059e-08
61,setting_2,8,8.953216374269006e-08
61,setting_2,9,9.764705882352944e-08
61,setting_2,10,8.362573099415205e-08
61,setting_3,1,0.0
61,setting_3,2,0.0
61,setting_3,3,0.0
61,setting_3,4,0.0
61,setting_3,5,0.0
61,setting_3,6,0.0
61,setting_3,7,0.0
61,setting_3,8,0.0
61,setting_3,9,0.0
61,setting_3,10,0.0
61,sensor_1,1,0.0
61,sensor_1,2,0.0
61,sensor_1,3,0.0
61,sensor_1,4,0.0
61,sensor_1,5,0.0
61,sensor_1,6,0.0
61,sensor_1,7,0.0
61,sensor_1,8,0.0
61,sensor_1,9,0.0
61,sensor_1,10,0.0
61,sensor_2,1,0.07201637426901965
61,sensor_2,2,0.056183006535954115
61,sensor_2,3,0.08427602339180153
61,sensor_2,4,0.05056241830065889
61,sensor_2,5,0.07002046783625905
61,sensor_2,6,0.18846830065359152
61,sensor_2,7,0.041485294117643894
61,sensor_2,8,0.08170350877192623
61,sensor_2,9,0.10023529411764162
61,sensor_2,10,0.0944385964912245
61,sensor_3,1,18.941820467836116
61,sensor_3,2,12.795315359477334
61,sensor_3,3,14.961721052631269
61,sensor_3,4,23.631669281045507
61,sensor_3,5,14.761125730993761
61,sensor_3,6,13.299645751633655
61,sensor_3,7,26.45427320261407
61,sensor_3,8,17.35645847953218
61,sensor_3,9,26.445018300653278
61,sensor_3,10,17.80697777777742
61,sensor_4,1,10.019891812865765
61,sensor_4,2,16.536461437908255
61,sensor_4,3,20.295899999999993
61,sensor_4,4,9.1861241830059
61,sensor_4,5,9.049438596490965
61,sensor_4,6,8.788880065359303
61,sensor_4,7,19.167989869281133
61,sensor_4,8,20.245267251462174
61,sensor_4,9,25.984391176470268
61,sensor_4,10,16.665271929824865
61,sensor_5,1,0.0
61,sensor_5,2,0.0
61,sensor_5,3,0.0
61,sensor_5,4,0.0
61,sensor_5,5,0.0
61,sensor_5,6,0.0
61,sensor_5,7,0.0
61,sensor_5,8,0.0
61,sensor_5,9,0.0
61,sensor_5,10,0.0
61,sensor_6,1,5.263157894733628e-06
61,sensor_6,2,1.4705882352931617e-05
61,sensor_6,3,9.94152046783614e-06
61,sensor_6,4,1.4705882352934245e-05
61,sensor_6,5,5.263157894735552e-06
61,sensor_6,6,5.555555555552949e-06
61,sensor_6,7,0.0
61,sensor_6,8,0.0
61,sensor_6,9,0.0
61,sensor_6,10,0.0
61,sensor_7,1,0.15504678362575486
61,sensor_7,2,0.23661732026144708
61,sensor_7,3,0.19280935672517618
61,sensor_7,4,0.2221741830065127
61,sensor_7,5,0.13829883040934948
61,sensor_7,6,0.14935163398692897
61,sensor_7,7,0.26307352941178114
61,sensor_7,8,0.11201345029239694
61,sensor_7,9,0.3251124183006092
61,sensor_7,10,0.30702280701754525
61,sensor_8,1,0.0007286549707619511
61,sensor_8,2,0.0012251633986932167
61,sensor_8,3,0.0011555555555484037
61,sensor_8,4,0.0013584967320250988
61,sensor_8,5,0.0012701754385960877
61,sensor_8,6,0.00045882352940842787
61,sensor_8,7,0.001229084967324055
61,sensor_8,8,0.0006766081871349806
61,sensor_8,9,0.0016470588235295428
61,sensor_8,10,0.0007245614035097186
61,sensor_9,1,14.190973099415153
61,sensor_9,2,18.23090849672872
61,sensor_9,3,19.977660818712874
61,sensor_9,4,16.963458823534264
61,sensor_9,5,6.020509941520183
61,sensor_9,6,17.052162418299712
61,sensor_9,7,16.831492810457668
61,sensor_9,8,21.845204093566853
61,sensor_9,9,10.66081830065604
61,sensor_9,10,18.51597660819109
61,sensor_10,1,0.0
61,sensor_10,2,0.0
61,sensor_10,3,0.0
61,sensor_10,4,0.0
61,sensor_10,5,0.0
61,sensor_10,6,0.0
61,sensor_10,7,0.0
61,sensor_10,8,0.0
61,sensor_10,9,0.0
61,sensor_10,10,0.0
61,sensor_11,1,0.02089824561403508
61,sensor_11,2,0.007915359477124262
61,sensor_11,3,0.00890526315789448
61,sensor_11,4,0.015268300653594902
61,sensor_11,5,0.005633333333333304
61,sensor_11,6,0.006053594771241842
61,sensor_11,7,0.011185947712418636
61,sensor_11,8,0.013971929824561339
61,sensor_11,9,0.015194771241830326
61,sensor_11,10,0.02989122807017512
61,sensor_12,1,0.09026491228069365
61,sensor_12,2,0.14373202614379743
61,sensor_12,3,0.043833918128653275
61,sensor_12,4,0.06599999999999305
61,sensor_12,5,0.07435555555555452
61,sensor_12,6,0.11141470588236141
61,sensor_12,7,0.10913235294119188
61,sensor_12,8,0.1329760233918343
61,sensor_12,9,0.14379771241830244
61,sensor_12,10,0.22135438596490095
61,sensor_13,1,0.0016228070175513649
61,sensor_13,2,0.0004771241830111808
61,sensor_13,3,0.0007766081871396545
61,sensor_13,4,0.0010470588235354308
61,sensor_13,5,0.0009485380116945168
61,sensor_13,6,0.0015790849673088022
61,sensor_13,7,0.001320588235290532
61,sensor_13,8,0.0017040935672434161
61,sensor_13,9,0.00217941176470619
61,sensor_13,10,0.0021538011696053323
61,sensor_14,1,10.631145029240294
61,sensor_14,2,10.157967647058811
61,sensor_14,3,12.3516830409357
61,sensor_14,4,9.289582026144673
61,sensor_14,5,11.490802923977018
61,sensor_14,6,6.604600000000542
61,sensor_14,7,14.440599999998849
61,sensor_14,8,21.964335672512544
61,sensor_14,9,12.983955882350298
61,sensor_14,10,28.772567251461965
61,sensor_15,1,0.0004525281871345053
61,sensor_15,2,0.000631386928104573
61,sensor_15,3,0.0005920854385964882
61,sensor_15,4,0.0002950864379084954
61,sensor_15,5,0.00047498210526316455
61,sensor_15,6,0.00043137882352941936
61,sensor_15,7,0.0006128928104575105
61,sensor_15,8,0.0005347524561403515
61,sensor_15,9,0.0005466732352941133
61,sensor_15,10,0.000586619239766105
61,sensor_16,1,0.0
61,sensor_16,2,0.0
61,sensor_16,3,0.0
61,sensor_16,4,0.0
61,sensor_16,5,0.0
61,sensor_16,6,0.0
61,sensor_16,7,0.0
61,sensor_16,8,0.0
61,sensor_16,9,0.0
61,sensor_16,10,0.0
61,sensor_17,1,0.7777777777777778
61,sensor_17,2,0.8790849673202629
61,sensor_17,3,1.0409356725146135
61,sensor_17,4,0.47058823529413174
61,sensor_17,5,0.5847953216374323
61,sensor_17,6,0.8529411764705875
61,sensor_17,7,0.44771241830065495
61,sensor_17,8,1.0409356725146122
61,sensor_17,9,0.996732026143819
61,sensor_17,10,0.9298245614035017
61,sensor_18,1,0.0
61,sensor_18,2,0.0
61,sensor_18,3,0.0
61,sensor_18,4,0.0
61,sensor_18,5,0.0
61,sensor_18,6,0.0
61,sensor_18,7,0.0
61,sensor_18,8,0.0
61,sensor_18,9,0.0
61,sensor_18,10,0.0
61,sensor_19,1,0.0
61,sensor_19,2,0.0
61,sensor_19,3,0.0
61,sensor_19,4,0.0
61,sensor_19,5,0.0
61,sensor_19,6,0.0
61,sensor_19,7,0.0
61,sensor_19,8,0.0
61,sensor_19,9,0.0
61,sensor_19,10,0.0
61,sensor_20,1,0.007215204678362545
61,sensor_20,2,0.010673529411764783
61,sensor_20,3,0.016878362573099052
61,sensor_20,4,0.007494117647058575
61,sensor_20,5,0.0066561403508775705
61,sensor_20,6,0.006473202614379174
61,sensor_20,7,0.0211751633986929
61,sensor_20,8,0.012960818713450362
61,sensor_20,9,0.015022222222222423
61,sensor_20,10,0.010402923976607699
61,sensor_21,1,0.004369887309941554
61,sensor_21,2,0.0035717135947712464
61,sensor_21,3,0.004566124736842109
61,sensor_21,4,0.004993449575163413
61,sensor_21,5,0.00303735385964902
61,sensor_21,6,0.0014597766339871023
61,sensor_21,7,0.0036798143790849956
61,sensor_21,8,0.0028387916374269092
61,sensor_21,9,0.0031505758496731848
61,sensor_21,10,0.00987488257309932
62,setting_1,1,5.291928104575163e-06
62,setting_1,2,5.210588235294117e-06
62,setting_1,3,6.262908496732027e-06
62,setting_1,4,7.044084967320262e-06
62,setting_1,5,6.177516339869281e-06
62,setting_1,6,5.8762418300653605e-06
62,setting_1,7,5.238300653594771e-06
62,setting_1,8,3.9551633986928105e-06
62,setting_1,9,5.306437908496733e-06
62,setting_1,10,3.081732026143791e-06
62,setting_2,1,7.205882352941177e-08
62,setting_2,2,9.558823529411765e-08
62,setting_2,3,6.941176470588236e-08
62,setting_2,4,1.1232026143790846e-07
62,setting_2,5,8.094771241830065e-08
62,setting_2,6,7.830065359477124e-08
62,setting_2,7,8.300653594771243e-08
62,setting_2,8,1.0016339869281045e-07
62,setting_2,9,1.0094771241830066e-07
62,setting_2,10,1.0016339869281047e-07
62,setting_3,1,0.0
62,setting_3,2,0.0
62,setting_3,3,0.0
62,setting_3,4,0.0
62,setting_3,5,0.0
62,setting_3,6,0.0
62,setting_3,7,0.0
62,setting_3,8,0.0
62,setting_3,9,0.0
62,setting_3,10,0.0
62,sensor_1,1,0.0
62,sensor_1,2,0.0
62,sensor_1,3,0.0
62,sensor_1,4,0.0
62,sensor_1,5,0.0
62,sensor_1,6,0.0
62,sensor_1,7,0.0
62,sensor_1,8,0.0
62,sensor_1,9,0.0
62,sensor_1,10,0.0
62,sensor_2,1,0.05692712418300388
62,sensor_2,2,0.0963006535947611
62,sensor_2,3,0.1172352941176417
62,sensor_2,4,0.1334055555555437
62,sensor_2,5,0.1047428104575186
62,sensor_2,6,0.07207614379085664
62,sensor_2,7,0.0874000000000085
62,sensor_2,8,0.10654117647059658
62,sensor_2,9,0.06447222222221803
62,sensor_2,10,0.09597026143791268
62,sensor_3,1,14.998979411764457
62,sensor_3,2,15.297331045751344
62,sensor_3,3,25.25027058823529
62,sensor_3,4,20.691174183006474
62,sensor_3,5,13.064809477124095
62,sensor_3,6,10.345437908496613
62,sensor_3,7,12.19372712418282
62,sensor_3,8,26.284570261437615
62,sensor_3,9,10.12334771241823
62,sensor_3,10,9.289375163398642
62,sensor_4,1,16.677614705882156
62,sensor_4,2,9.002339869280995
62,sensor_4,3,17.497379411764477
62,sensor_4,4,16.128141176470393
62,sensor_4,5,12.783754575163154
62,sensor_4,6,12.897393790849327
62,sensor_4,7,8.754574183006524
62,sensor_4,8,14.940802941176466
62,sensor_4,9,16.832982026144183
62,sensor_4,10,12.427585947712677
62,sensor_5,1,0.0
62,sensor_5,2,0.0
62,sensor_5,3,0.0
62,sensor_5,4,0.0
62,sensor_5,5,0.0
62,sensor_5,6,0.0
62,sensor_5,7,0.0
62,sensor_5,8,0.0
62,sensor_5,9,0.0
62,sensor_5,10,0.0
62,sensor_6,1,0.0
62,sensor_6,2,0.0
62,sensor_6,3,0.0
62,sensor_6,4,0.0
62,sensor_6,5,0.0
62,sensor_6,6,0.0
62,sensor_6,7,0.0
62,sensor_6,8,0.0
62,sensor_6,9,0.0
62,sensor_6,10,0.0
62,sensor_7,1,0.07847058823529665
62,sensor_7,2,0.2459898692810448
62,sensor_7,3,0.15990849673202903
62,sensor_7,4,0.13296470588232398
62,sensor_7,5,0.36269411764705356
62,sensor_7,6,0.08282352941175887
62,sensor_7,7,0.14361339869281559
62,sensor_7,8,0.11724869281043372
62,sensor_7,9,0.2365663398692832
62,sensor_7,10,0.21271535947711917
62,sensor_8,1,0.0009428104575207962
62,sensor_8,2,0.0014408496732043832
62,sensor_8,3,0.00045000000000364274
62,sensor_8,4,0.0015058823529379166
62,sensor_8,5,0.0012692810457527281
62,sensor_8,6,0.0007764705882347765
62,sensor_8,7,0.0010722222222247992
62,sensor_8,8,0.0009441176470579101
62,sensor_8,9,0.0006588235294141498
62,sensor_8,10,0.0008771241830130265
62,sensor_9,1,16.386354575163097
62,sensor_9,2,22.92086928104474
62,sensor_9,3,16.711848692811305
62,sensor_9,4,16.703447058826104
62,sensor_9,5,10.09320294117577
62,sensor_9,6,16.440097058825557
62,sensor_9,7,13.49353235294318
62,sensor_9,8,20.72783006535741
62,sensor_9,9,16.71167712418419
62,sensor_9,10,18.116472222222477
62,sensor_10,1,0.0
62,sensor_10,2,0.0
62,sensor_10,3,0.0
62,sensor_10,4,0.0
62,sensor_10,5,0.0
62,sensor_10,6,0.0
62,sensor_10,7,0.0
62,sensor_10,8,0.0
62,sensor_10,9,0.0
62,sensor_10,10,0.0
62,sensor_11,1,0.015317647058823903
62,sensor_11,2,0.00758692810457506
62,sensor_11,3,0.012923202614379362
62,sensor_11,4,0.0050104575163399155
62,sensor_11,5,0.007967320261438132
62,sensor_11,6,0.009441830065359652
62,sensor_11,7,0.012541176470588129
62,sensor_11,8,0.011640849673202803
62,sensor_11,9,0.004178104575163304
62,sensor_11,10,0.01292418300653596
62,sensor_12,1,0.1547428104575115
62,sensor_12,2,0.0538408496732042
62,sensor_12,3,0.05558823529412382
62,sensor_12,4,0.04902908496732465
62,sensor_12,5,0.08988235294117747
62,sensor_12,6,0.07022352941176246
62,sensor_12,7,0.07120261437906206
62,sensor_12,8,0.07183398692809305
62,sensor_12,9,0.0528771241829909
62,sensor_12,10,0.051305882352942124
62,sensor_13,1,0.00104705882352411
62,sensor_13,2,0.001135947712415354
62,sensor_13,3,0.0010941176470623786
62,sensor_13,4,0.0005794117647064107
62,sensor_13,5,0.0008222222222214823
62,sensor_13,6,0.0015516339869345742
62,sensor_13,7,0.001437908496725103
62,sensor_13,8,0.0009428104575187392
62,sensor_13,9,0.0009045751633960689
62,sensor_13,10,0.001762418300663206
62,sensor_14,1,6.031155882352247
62,sensor_14,2,6.124700653595215
62,sensor_14,3,7.492779084967889
62,sensor_14,4,6.819131045749962
62,sensor_14,5,10.159308496732178
62,sensor_14,6,13.80215849673036
62,sensor_14,7,15.72586176470505
62,sensor_14,8,12.88302647059032
62,sensor_14,9,9.044508823528352
62,sensor_14,10,15.437826143791192
62,sensor_15,1,0.00043652852941176464
62,sensor_15,2,0.0006184355882352997
62,sensor_15,3,0.00026918888888888894
62,sensor_15,4,0.00047002692810457953
62,sensor_15,5,0.0006271491830065327
62,sensor_15,6,0.0002966806535947684
62,sensor_15,7,0.00041325411764705025
62,sensor_15,8,0.0006570794771241754
62,sensor_15,9,0.00034661388888888753
62,sensor_15,10,0.00032478104575163014
62,sensor_16,1,0.0
62,sensor_16,2,0.0
62,sensor_16,3,0.0
62,sensor_16,4,0.0
62,sensor_16,5,0.0
62,sensor_16,6,0.0
62,sensor_16,7,0.0
62,sensor_16,8,0.0
62,sensor_16,9,0.0
62,sensor_16,10,0.0
62,sensor_17,1,0.9411764705882283
62,sensor_17,2,0.3398692810457542
62,sensor_17,3,0.4869281045751676
62,sensor_17,4,1.1535947712418004
62,sensor_17,5,0.5000000000000006
62,sensor_17,6,1.4379084967320241
62,sensor_17,7,0.9967320261437905
62,sensor_17,8,1.1928104575162972
62,sensor_17,9,0.653594771241831
62,sensor_17,10,0.9183006535947725
62,sensor_18,1,0.0
62,sensor_18,2,0.0
62,sensor_18,3,0.0
62,sensor_18,4,0.0
62,sensor_18,5,0.0
62,sensor_18,6,0.0
62,sensor_18,7,0.0
62,sensor_18,8,0.0
62,sensor_18,9,0.0
62,sensor_18,10,0.0
62,sensor_19,1,0.0
62,sensor_19,2,0.0
62,sensor_19,3,0.0
62,sensor_19,4,0.0
62,sensor_19,5,0.0
62,sensor_19,6,0.0
62,sensor_19,7,0.0
62,sensor_19,8,0.0
62,sensor_19,9,0.0
62,sensor_19,10,0.0
62,sensor_20,1,0.008073529411764658
62,sensor_20,2,0.007504575163398795
62,sensor_20,3,0.006964705882353189
62,sensor_20,4,0.011813398692810631
62,sensor_20,5,0.009660457516339885
62,sensor_20,6,0.012894117647058853
62,sensor_20,7,0.010456535947711933
62,sensor_20,8,0.01312058823529387
62,sensor_20,9,0.013989869281045529
62,sensor_20,10,0.008087908496732247
62,sensor_21,1,0.002782856633986942
62,sensor_21,2,0.0042945847058823506
62,sensor_21,3,0.002490416470588296
62,sensor_21,4,0.0033374436928104373
62,sensor_21,5,0.004993172026143884
62,sensor_21,6,0.0028187661437907544
62,sensor_21,7,0.002530876339869265
62,sensor_21,8,0.002778597941176513
62,sensor_21,9,0.003941237418300566
62,sensor_21,10,0.0026834304575164463
63,setting_1,1,2.770359477124183e-06
63,setting_1,2,1.8238235294117647e-06
63,setting_1,3,8.975147058823528e-06
63,setting_1,4,3.467712418300653e-06
63,setting_1,5,4.712794117647058e-06
63,setting_1,6,5.4088970588235305e-06
63,setting_1,7,4.9520588235294115e-06
63,setting_1,8,5.308088235294118e-06
63,setting_1,9,5.592573529411764e-06
63,setting_1,10,4.214117647058822e-06
63,setting_2,1,8.496732026143792e-08
63,setting_2,2,8.110294117647059e-08
63,setting_2,3,6.779411764705882e-08
63,setting_2,4,1.257516339869281e-07
63,setting_2,5,7.441176470588237e-08
63,setting_2,6,1.061029411764706e-07
63,setting_2,7,9.035947712418302e-08
63,setting_2,8,1.0014705882352941e-07
63,setting_2,9,8.933823529411763e-08
63,setting_2,10,5.673202614379085e-08
63,setting_3,1,0.0
63,setting_3,2,0.0
63,setting_3,3,0.0
63,setting_3,4,0.0
63,setting_3,5,0.0
63,setting_3,6,0.0
63,setting_3,7,0.0
63,setting_3,8,0.0
63,setting_3,9,0.0
63,setting_3,10,0.0
63,sensor_1,1,0.0
63,sensor_1,2,0.0
63,sensor_1,3,0.0
63,sensor_1,4,0.0
63,sensor_1,5,0.0
63,sensor_1,6,0.0
63,sensor_1,7,0.0
63,sensor_1,8,0.0
63,sensor_1,9,0.0
63,sensor_1,10,0.0
63,sensor_2,1,0.08663790849673278
63,sensor_2,2,0.10191544117645841
63,sensor_2,3,0.13488602941176536
63,sensor_2,4,0.08137908496732098
63,sensor_2,5,0.10958161764707643
63,sensor_2,6,0.0634191176470566
63,sensor_2,7,0.054802941176471665
63,sensor_2,8,0.0648110294117653
63,sensor_2,9,0.08714705882351112
63,sensor_2,10,0.11058202614379398
63,sensor_3,1,24.399171241830352
63,sensor_3,2,17.782269117647303
63,sensor_3,3,29.04814999999992
63,sensor_3,4,16.88972418300647
63,sensor_3,5,20.63500147058817
63,sensor_3,6,12.465827941176958
63,sensor_3,7,18.131729411764347
63,sensor_3,8,18.35009411764759
63,sensor_3,9,15.544719117647393
63,sensor_3,10,16.344928104575445
63,sensor_4,1,19.686555882353098
63,sensor_4,2,18.7666242647058
63,sensor_4,3,12.537974264705763
63,sensor_4,4,14.360323202614268
63,sensor_4,5,10.88473749999995
63,sensor_4,6,25.04551397058811
63,sensor_4,7,15.266097058823519
63,sensor_4,8,6.319693382353025
63,sensor_4,9,19.379488970588223
63,sensor_4,10,31.290955882352847
63,sensor_5,1,0.0
63,sensor_5,2,0.0
63,sensor_5,3,0.0
63,sensor_5,4,0.0
63,sensor_5,5,0.0
63,sensor_5,6,0.0
63,sensor_5,7,0.0
63,sensor_5,8,0.0
63,sensor_5,9,0.0
63,sensor_5,10,0.0
63,sensor_6,1,0.0
63,sensor_6,2,0.0
63,sensor_6,3,0.0
63,sensor_6,4,0.0
63,sensor_6,5,0.0
63,sensor_6,6,0.0
63,sensor_6,7,0.0
63,sensor_6,8,0.0
63,sensor_6,9,0.0
63,sensor_6,10,0.0
63,sensor_7,1,0.22724705882354498
63,sensor_7,2,0.21934705882354052
63,sensor_7,3,0.1749595588235331
63,sensor_7,4,0.18512026143789853
63,sensor_7,5,0.1884566176470625
63,sensor_7,6,0.31136176470591015
63,sensor_7,7,0.10515457516338965
63,sensor_7,8,0.12535294117642898
63,sensor_7,9,0.3210654411764712
63,sensor_7,10,0.18812810457514856
63,sensor_8,1,0.000328104575165164
63,sensor_8,2,0.0008029411764610628
63,sensor_8,3,0.0007433823529346236
63,sensor_8,4,0.0012235294117608772
63,sensor_8,5,0.0010882352941170336
63,sensor_8,6,0.000797058823527387
63,sensor_8,7,0.0007176470588313571
63,sensor_8,8,0.001393382352939405
63,sensor_8,9,0.0016683823529376708
63,sensor_8,10,0.0017045751633914816
63,sensor_9,1,20.3466722222241
63,sensor_9,2,13.9583595588219
63,sensor_9,3,11.204986029409277
63,sensor_9,4,17.715238235297026
63,sensor_9,5,23.66371397058496
63,sensor_9,6,19.877238970584873
63,sensor_9,7,20.484817320258948
63,sensor_9,8,29.154672058829103
63,sensor_9,9,83.61491838234829
63,sensor_9,10,195.8886094771558
63,sensor_10,1,0.0
63,sensor_10,2,0.0
63,sensor_10,3,0.0
63,sensor_10,4,0.0
63,sensor_10,5,0.0
63,sensor_10,6,0.0
63,sensor_10,7,0.0
63,sensor_10,8,0.0
63,sensor_10,9,0.0
63,sensor_10,10,0.0
63,sensor_11,1,0.012942810457516513
63,sensor_11,2,0.008059558823529229
63,sensor_11,3,0.006377941176470875
63,sensor_11,4,0.012764705882353294
63,sensor_11,5,0.011099264705882263
63,sensor_11,6,0.015401470588235459
63,sensor_11,7,0.012932352941176228
63,sensor_11,8,0.009493382352941305
63,sensor_11,9,0.009248529411764737
63,sensor_11,10,0.023570261437908323
63,sensor_12,1,0.1411624183006434
63,sensor_12,2,0.09943823529410975
63,sensor_12,3,0.059850000000007175
63,sensor_12,4,0.08786045751632614
63,sensor_12,5,0.07166102941176554
63,sensor_12,6,0.0959882352940794
63,sensor_12,7,0.08101470588234182
63,sensor_12,8,0.10221544117647423
63,sensor_12,9,0.0947389705882369
63,sensor_12,10,0.13241437908502493
63,sensor_13,1,0.0005411764705861619
63,sensor_13,2,0.0013345588235263597
63,sensor_13,3,0.0007691176470642849
63,sensor_13,4,0.0010967320261414419
63,sensor_13,5,0.0005139705882322882
63,sensor_13,6,0.001280882352947811
63,sensor_13,7,0.0009320261437860351
63,sensor_13,8,0.001181617647059868
63,sensor_13,9,0.001044117647059213
63,sensor_13,10,0.0005124183006531721
63,sensor_14,1,7.99820000000038
63,sensor_14,2,7.64093455882326
63,sensor_14,3,12.536980882354152
63,sensor_14,4,15.489976470587612
63,sensor_14,5,11.799150735294896
63,sensor_14,6,10.601176470586969
63,sensor_14,7,10.609152941175235
63,sensor_14,8,23.850688235299625
63,sensor_14,9,61.458047058822785
63,sensor_14,10,179.37665653597765
63,sensor_15,1,0.00027519882352940856
63,sensor_15,2,0.0004838802941176219
63,sensor_15,3,0.0008788980882352689
63,sensor_15,4,0.0003704626143790811
63,sensor_15,5,0.0003663043382352853
63,sensor_15,6,0.00045137117647057817
63,sensor_15,7,0.0004996040849673286
63,sensor_15,8,0.0003130063970588354
63,sensor_15,9,0.00047693257352940345
63,sensor_15,10,0.0005568240849673334
63,sensor_16,1,0.0
63,sensor_16,2,0.0
63,sensor_16,3,0.0
63,sensor_16,4,0.0
63,sensor_16,5,0.0
63,sensor_16,6,0.0
63,sensor_16,7,0.0
63,sensor_16,8,0.0
63,sensor_16,9,0.0
63,sensor_16,10,0.0
63,sensor_17,1,0.4967320261437941
63,sensor_17,2,0.6176470588235285
63,sensor_17,3,0.9044117647058929
63,sensor_17,4,1.1535947712418104
63,sensor_17,5,0.5955882352941211
63,sensor_17,6,0.9338235294117693
63,sensor_17,7,1.5294117647058862
63,sensor_17,8,0.779411764705883
63,sensor_17,9,1.2647058823529564
63,sensor_17,10,1.1143790849673318
63,sensor_18,1,0.0
63,sensor_18,2,0.0
63,sensor_18,3,0.0
63,sensor_18,4,0.0
63,sensor_18,5,0.0
63,sensor_18,6,0.0
63,sensor_18,7,0.0
63,sensor_18,8,0.0
63,sensor_18,9,0.0
63,sensor_18,10,0.0
63,sensor_19,1,0.0
63,sensor_19,2,0.0
63,sensor_19,3,0.0
63,sensor_19,4,0.0
63,sensor_19,5,0.0
63,sensor_19,6,0.0
63,sensor_19,7,0.0
63,sensor_19,8,0.0
63,sensor_19,9,0.0
63,sensor_19,10,0.0
63,sensor_20,1,0.008517647058823415
63,sensor_20,2,0.005540441176470642
63,sensor_20,3,0.008572058823529483
63,sensor_20,4,0.009094117647058713
63,sensor_20,5,0.011305882352940784
63,sensor_20,6,0.006577941176470651
63,sensor_20,7,0.006964705882352747
63,sensor_20,8,0.007874264705882504
63,sensor_20,9,0.016622058823530107
63,sensor_20,10,0.011633006535947989
63,sensor_21,1,0.009033070751633768
63,sensor_21,2,0.0021159131617647584
63,sensor_21,3,0.003590510147058772
63,sensor_21,4,0.0022771436928104554
63,sensor_21,5,0.0037230299264705523
63,sensor_21,6,0.0028445343382352997
63,sensor_21,7,0.003085368529411823
63,sensor_21,8,0.0018767568382353336
63,sensor_21,9,0.0025707038235293824
63,sensor_21,10,0.007793803692810447
64,setting_1,1,4.685714285714287e-06
64,setting_1,2,4.205965608465609e-06
64,setting_1,3,4.460992063492064e-06
64,setting_1,4,3.842592592592592e-06
64,setting_1,5,6.789581280788179e-06
64,setting_1,6,2.505542328042328e-06
64,setting_1,7,4.06914021164021e-06
64,setting_1,8,4.796653439153439e-06
64,setting_1,9,7.029894179894179e-06
64,setting_1,10,3.7745566502463057e-06
64,setting_2,1,7.32758620689655e-08
64,setting_2,2,8.543650793650797e-08
64,setting_2,3,7.136243386243387e-08
64,setting_2,4,8.735449735449738e-08
64,setting_2,5,8.684729064039409e-08
64,setting_2,6,6.564814814814817e-08
64,setting_2,7,7.074074074074074e-08
64,setting_2,8,7.809523809523811e-08
64,setting_2,9,1.0402116402116402e-07
64,setting_2,10,8.433497536945814e-08
64,setting_3,1,0.0
64,setting_3,2,0.0
64,setting_3,3,0.0
64,setting_3,4,0.0
64,setting_3,5,0.0
64,setting_3,6,0.0
64,setting_3,7,0.0
64,setting_3,8,0.0
64,setting_3,9,0.0
64,setting_3,10,0.0
64,sensor_1,1,0.0
64,sensor_1,2,0.0
64,sensor_1,3,0.0
64,sensor_1,4,0.0
64,sensor_1,5,0.0
64,sensor_1,6,0.0
64,sensor_1,7,0.0
64,sensor_1,8,0.0
64,sensor_1,9,0.0
64,sensor_1,10,0.0
64,sensor_2,1,0.15850270935960356
64,sensor_2,2,0.09905436507935338
64,sensor_2,3,0.08696984126984969
64,sensor_2,4,0.13418095238097377
64,sensor_2,5,0.08118620689655061
64,sensor_2,6,0.079765476190478
64,sensor_2,7,0.09355449735449559
64,sensor_2,8,0.12102010582008854
64,sensor_2,9,0.1267876984126902
64,sensor_2,10,0.0814820197044158
64,sensor_3,1,10.662399261083717
64,sensor_3,2,15.219407804232628
64,sensor_3,3,17.46355806878266
64,sensor_3,4,14.520781349206331
64,sensor_3,5,17.204700492610563
64,sensor_3,6,13.947253439153686
64,sensor_3,7,15.843443386243607
64,sensor_3,8,19.456037433862686
64,sensor_3,9,10.801240740740555
64,sensor_3,10,16.457154187191495
64,sensor_4,1,12.57215443349742
64,sensor_4,2,16.386571957671872
64,sensor_4,3,15.177410052910158
64,sensor_4,4,12.183033201058196
64,sensor_4,5,18.071790394088698
64,sensor_4,6,11.183411111111408
64,sensor_4,7,8.116634259259921
64,sensor_4,8,20.879455423280586
64,sensor_4,9,15.469132275132779
64,sensor_4,10,20.169423399015546
64,sensor_5,1,0.0
64,sensor_5,2,0.0
64,sensor_5,3,0.0
64,sensor_5,4,0.0
64,sensor_5,5,0.0
64,sensor_5,6,0.0
64,sensor_5,7,0.0
64,sensor_5,8,0.0
64,sensor_5,9,0.0
64,sensor_5,10,0.0
64,sensor_6,1,3.4482758620682607e-06
64,sensor_6,2,0.0
64,sensor_6,3,0.0
64,sensor_6,4,0.0
64,sensor_6,5,0.0
64,sensor_6,6,0.0
64,sensor_6,7,0.0
64,sensor_6,8,0.0
64,sensor_6,9,0.0
64,sensor_6,10,0.0
64,sensor_7,1,0.13529729064039797
64,sensor_7,2,0.146151322751322
64,sensor_7,3,0.19741838624339572
64,sensor_7,4,0.23139616402115776
64,sensor_7,5,0.14064556650246382
64,sensor_7,6,0.1184490740740743
64,sensor_7,7,0.2013305555555587
64,sensor_7,8,0.13454113756612748
64,sensor_7,9,0.14583743386241524
64,sensor_7,10,0.27603817733986447
64,sensor_8,1,0.0009637931034451531
64,sensor_8,2,0.001055026455022997
64,sensor_8,3,0.0008126984126948773
64,sensor_8,4,0.0006596560846554994
64,sensor_8,5,0.0010463054187178549
64,sensor_8,6,0.0007629629629604942
64,sensor_8,7,0.0009369047619045377
64,sensor_8,8,0.0012322751322781397
64,sensor_8,9,0.0008522486772509891
64,sensor_8,10,0.001372167487687327
64,sensor_9,1,13.706673399017477
64,sensor_9,2,22.628629629631295
64,sensor_9,3,11.956817328044975
64,sensor_9,4,16.375558068781697
64,sensor_9,5,24.842303448278283
64,sensor_9,6,21.837246957675386
64,sensor_9,7,15.101374074078128
64,sensor_9,8,35.56163121693684
64,sensor_9,9,35.47867566137893
64,sensor_9,10,73.00473152709161
64,sensor_10,1,0.0
64,sensor_10,2,0.0
64,sensor_10,3,0.0
64,sensor_10,4,0.0
64,sensor_10,5,0.0
64,sensor_10,6,0.0
64,sensor_10,7,0.0
64,sensor_10,8,0.0
64,sensor_10,9,0.0
64,sensor_10,10,0.0
64,sensor_11,1,0.008833004926108234
64,sensor_11,2,0.007898809523809626
64,sensor_11,3,0.013533333333333255
64,sensor_11,4,0.010108994708994392
64,sensor_11,5,0.008623399014778163
64,sensor_11,6,0.008765476190476134
64,sensor_11,7,0.00842579365079357
64,sensor_11,8,0.008742328042327914
64,sensor_11,9,0.0173453703703703
64,sensor_11,10,0.017642857142857425
64,sensor_12,1,0.07977068965517098
64,sensor_12,2,0.0859115079365161
64,sensor_12,3,0.07731798941796207
64,sensor_12,4,0.0960550264550271
64,sensor_12,5,0.07187142857143698
64,sensor_12,6,0.07664907407407517
64,sensor_12,7,0.06408412698412622
64,sensor_12,8,0.06680317460317736
64,sensor_12,9,0.11660529100530008
64,sensor_12,10,0.17393054187189244
64,sensor_13,1,0.0009403940886657804
64,sensor_13,2,0.0007580687830651821
64,sensor_13,3,0.0007951058201031241
64,sensor_13,4,0.0007015873015824676
64,sensor_13,5,0.0012679802955654594
64,sensor_13,6,0.0010904761904623754
64,sensor_13,7,0.0007951058201031105
64,sensor_13,8,0.0010300264550231336
64,sensor_13,9,0.0014624338624251636
64,sensor_13,10,0.001163546798038786
64,sensor_14,1,7.1048167487685845
64,sensor_14,2,5.388077777777993
64,sensor_14,3,8.300128571428756
64,sensor_14,4,7.375912698413231
64,sensor_14,5,9.039000492609194
64,sensor_14,6,7.648098941798738
64,sensor_14,7,7.022979365079028
64,sensor_14,8,13.123633201058531
64,sensor_14,9,11.482520105822223
64,sensor_14,10,26.655281034485228
64,sensor_15,1,0.00043607349753693855
64,sensor_15,2,0.0003877972883597928
64,sensor_15,3,0.00028078850529100307
64,sensor_15,4,0.00032100904761905267
64,sensor_15,5,0.000441643201970438
64,sensor_15,6,0.00043377544973545424
64,sensor_15,7,0.00044249867724866887
64,sensor_15,8,0.0003753923809523901
64,sensor_15,9,0.0003567795767195697
64,sensor_15,10,0.00045730480295567446
64,sensor_16,1,0.0
64,sensor_16,2,0.0
64,sensor_16,3,0.0
64,sensor_16,4,0.0
64,sensor_16,5,0.0
64,sensor_16,6,0.0
64,sensor_16,7,0.0
64,sensor_16,8,0.0
64,sensor_16,9,0.0
64,sensor_16,10,0.0
64,sensor_17,1,0.8916256157635479
64,sensor_17,2,0.8465608465608463
64,sensor_17,3,0.818783068783069
64,sensor_17,4,0.6706349206349346
64,sensor_17,5,0.8817733990147755
64,sensor_17,6,1.2486772486772564
64,sensor_17,7,0.3955026455026423
64,sensor_17,8,1.2380952380952077
64,sensor_17,9,0.7354497354497356
64,sensor_17,10,1.0073891625616092
64,sensor_18,1,0.0
64,sensor_18,2,0.0
64,sensor_18,3,0.0
64,sensor_18,4,0.0
64,sensor_18,5,0.0
64,sensor_18,6,0.0
64,sensor_18,7,0.0
64,sensor_18,8,0.0
64,sensor_18,9,0.0
64,sensor_18,10,0.0
64,sensor_19,1,0.0
64,sensor_19,2,0.0
64,sensor_19,3,0.0
64,sensor_19,4,0.0
64,sensor_19,5,0.0
64,sensor_19,6,0.0
64,sensor_19,7,0.0
64,sensor_19,8,0.0
64,sensor_19,9,0.0
64,sensor_19,10,0.0
64,sensor_20,1,0.008712315270935826
64,sensor_20,2,0.008695767195766872
64,sensor_20,3,0.007301587301587397
64,sensor_20,4,0.009166534391534406
64,sensor_20,5,0.007618472906403884
64,sensor_20,6,0.010209920634920499
64,sensor_20,7,0.011140211640211742
64,sensor_20,8,0.009669179894180353
64,sensor_20,9,0.010262830687830847
64,sensor_20,10,0.012281527093595727
64,sensor_21,1,0.003709424999999861
64,sensor_21,2,0.00359758888888885
64,sensor_21,3,0.001983777817460316
64,sensor_21,4,0.003865839576719535
64,sensor_21,5,0.004361929014778343
64,sensor_21,6,0.0032377321031745255
64,sensor_21,7,0.005575790158730186
64,sensor_21,8,0.0036539343386243505
64,sensor_21,9,0.0046466651851853535
64,sensor_21,10,0.0019418425862069363
65,setting_1,1,2.7776250000000004e-06
65,setting_1,2,4.256952380952381e-06
65,setting_1,3,4.538380952380952e-06
65,setting_1,4,5.972666666666665e-06
65,setting_1,5,4.6060000000000005e-06
65,setting_1,6,2.3298095238095234e-06
65,setting_1,7,7.625238095238095e-06
65,setting_1,8,5.545714285714286e-06
65,setting_1,9,5.171238095238095e-06
65,setting_1,10,6.984291666666668e-06
65,setting_2,1,1.1533333333333335e-07
65,setting_2,2,4.2666666666666665e-08
65,setting_2,3,1.2142857142857143e-07
65,setting_2,4,9.923809523809524e-08
65,setting_2,5,6.649999999999999e-08
65,setting_2,6,6.885714285714285e-08
65,setting_2,7,1.040952380952381e-07
65,setting_2,8,8.095238095238093e-08
65,setting_2,9,9.666666666666669e-08
65,setting_2,10,6.829166666666666e-08
65,setting_3,1,0.0
65,setting_3,2,0.0
65,setting_3,3,0.0
65,setting_3,4,0.0
65,setting_3,5,0.0
65,setting_3,6,0.0
65,setting_3,7,0.0
65,setting_3,8,0.0
65,setting_3,9,0.0
65,setting_3,10,0.0
65,sensor_1,1,0.0
65,sensor_1,2,0.0
65,sensor_1,3,0.0
65,sensor_1,4,0.0
65,sensor_1,5,0.0
65,sensor_1,6,0.0
65,sensor_1,7,0.0
65,sensor_1,8,0.0
65,sensor_1,9,0.0
65,sensor_1,10,0.0
65,sensor_2,1,0.0720733333333405
65,sensor_2,2,0.07840666666668272
65,sensor_2,3,0.028535238095242825
65,sensor_2,4,0.10011142857143081
65,sensor_2,5,0.04959999999999256
65,sensor_2,6,0.0660780952381039
65,sensor_2,7,0.06216380952381697
65,sensor_2,8,0.0870809523809629
65,sensor_2,9,0.1487885714285579
65,sensor_2,10,0.10740625000000356
65,sensor_3,1,11.385672916666364
65,sensor_3,2,10.493406666667038
65,sensor_3,3,9.055639999999888
65,sensor_3,4,23.120906666666112
65,sensor_3,5,20.129029583332727
65,sensor_3,6,10.371769523809888
65,sensor_3,7,14.720826666666712
65,sensor_3,8,9.477797142856977
65,sensor_3,9,26.36699523809556
65,sensor_3,10,24.01108291666695
65,sensor_4,1,9.521322916666602
65,sensor_4,2,17.297606666666525
65,sensor_4,3,17.88335523809571
65,sensor_4,4,19.518800000000002
65,sensor_4,5,17.817366250000113
65,sensor_4,6,12.010412380952115
65,sensor_4,7,30.23459809523688
65,sensor_4,8,20.993452380952693
65,sensor_4,9,26.7715685714275
65,sensor_4,10,37.670371666667045
65,sensor_5,1,0.0
65,sensor_5,2,0.0
65,sensor_5,3,0.0
65,sensor_5,4,0.0
65,sensor_5,5,0.0
65,sensor_5,6,0.0
65,sensor_5,7,0.0
65,sensor_5,8,0.0
65,sensor_5,9,0.0
65,sensor_5,10,0.0
65,sensor_6,1,6.249999999996901e-06
65,sensor_6,2,1.2380952380944851e-05
65,sensor_6,3,0.0
65,sensor_6,4,6.666666666668951e-06
65,sensor_6,5,6.249999999997222e-06
65,sensor_6,6,0.0
65,sensor_6,7,0.0
65,sensor_6,8,0.0
65,sensor_6,9,0.0
65,sensor_6,10,0.0
65,sensor_7,1,0.08815624999999414
65,sensor_7,2,0.16092095238096352
65,sensor_7,3,0.3683980952380737
65,sensor_7,4,0.1709780952380572
65,sensor_7,5,0.14833291666666465
65,sensor_7,6,0.12579238095237674
65,sensor_7,7,0.12399238095239652
65,sensor_7,8,0.19922571428572738
65,sensor_7,9,0.2285885714285829
65,sensor_7,10,0.20027833333335723
65,sensor_8,1,0.0008933333333367935
65,sensor_8,2,0.0009400000000066263
65,sensor_8,3,0.0009352380952427398
65,sensor_8,4,0.0009742857142944598
65,sensor_8,5,0.0006333333333329612
65,sensor_8,6,0.0007542857142879953
65,sensor_8,7,0.0009552380952351972
65,sensor_8,8,0.0010695238095346023
65,sensor_8,9,0.0016238095238054998
65,sensor_8,10,0.0014195833333404142
65,sensor_9,1,22.525971666665452
65,sensor_9,2,21.01487809523445
65,sensor_9,3,12.849109523810492
65,sensor_9,4,32.84991238095461
65,sensor_9,5,12.908185000001117
65,sensor_9,6,10.59005999999882
65,sensor_9,7,21.952926666666087
65,sensor_9,8,27.065998095238946
65,sensor_9,9,21.439438095234046
65,sensor_9,10,19.456589583332853
65,sensor_10,1,0.0
65,sensor_10,2,0.0
65,sensor_10,3,0.0
65,sensor_10,4,0.0
65,sensor_10,5,0.0
65,sensor_10,6,0.0
65,sensor_10,7,0.0
65,sensor_10,8,0.0
65,sensor_10,9,0.0
65,sensor_10,10,0.0
65,sensor_11,1,0.015518333333333167
65,sensor_11,2,0.010298095238095387
65,sensor_11,3,0.012140952380952441
65,sensor_11,4,0.009154285714285556
65,sensor_11,5,0.007666666666666752
65,sensor_11,6,0.0068123809523809335
65,sensor_11,7,0.016069523809524318
65,sensor_11,8,0.004231428571428646
65,sensor_11,9,0.027369523809525353
65,sensor_11,10,0.022056250000000468
65,sensor_12,1,0.05737333333332628
65,sensor_12,2,0.06614571428571313
65,sensor_12,3,0.12805523809524605
65,sensor_12,4,0.09047809523809303
65,sensor_12,5,0.07763833333333284
65,sensor_12,6,0.1028999999999954
65,sensor_12,7,0.1158352380952551
65,sensor_12,8,0.06790952380954238
65,sensor_12,9,0.11786666666666579
65,sensor_12,10,0.18534000000001147
65,sensor_13,1,0.0014516666666708486
65,sensor_13,2,0.0008142857142877345
65,sensor_13,3,0.0006257142857167353
65,sensor_13,4,0.0005495238095238615
65,sensor_13,5,0.0013666666666640908
65,sensor_13,6,0.0012428571428585928
65,sensor_13,7,0.0018409523809551627
65,sensor_13,8,0.0006409523809534514
65,sensor_13,9,0.001823809523822562
65,sensor_13,10,0.001913333333331394
65,sensor_14,1,7.7593662500004426
65,sensor_14,2,18.025131428572188
65,sensor_14,3,9.918745714284766
65,sensor_14,4,5.872963809523242
65,sensor_14,5,8.84821624999962
65,sensor_14,6,8.163995238094795
65,sensor_14,7,14.18683523809611
65,sensor_14,8,26.027355238098373
65,sensor_14,9,11.205188571424014
65,sensor_14,10,18.141749583337003
65,sensor_15,1,0.00038436916666665863
65,sensor_15,2,0.0003538682857142959
65,sensor_15,3,0.000568470285714278
65,sensor_15,4,0.0002829714285714238
65,sensor_15,5,0.0004708291666666711
65,sensor_15,6,0.00044156542857143143
65,sensor_15,7,0.0003056297142857036
65,sensor_15,8,0.00040389257142856537
65,sensor_15,9,0.00025994352380951714
65,sensor_15,10,0.00040612250000000334
65,sensor_16,1,0.0
65,sensor_16,2,0.0
65,sensor_16,3,0.0
65,sensor_16,4,0.0
65,sensor_16,5,0.0
65,sensor_16,6,0.0
65,sensor_16,7,0.0
65,sensor_16,8,0.0
65,sensor_16,9,0.0
65,sensor_16,10,0.0
65,sensor_17,1,1.1291666666666695
65,sensor_17,2,0.8380952380952493
65,sensor_17,3,1.457142857142857
65,sensor_17,4,1.0666666666666658
65,sensor_17,5,0.7625000000000136
65,sensor_17,6,0.9714285714285861
65,sensor_17,7,0.8380952380952394
65,sensor_17,8,1.1714285714285622
65,sensor_17,9,0.8571428571428499
65,sensor_17,10,1.4666666666666714
65,sensor_18,1,0.0
65,sensor_18,2,0.0
65,sensor_18,3,0.0
65,sensor_18,4,0.0
65,sensor_18,5,0.0
65,sensor_18,6,0.0
65,sensor_18,7,0.0
65,sensor_18,8,0.0
65,sensor_18,9,0.0
65,sensor_18,10,0.0
65,sensor_19,1,0.0
65,sensor_19,2,0.0
65,sensor_19,3,0.0
65,sensor_19,4,0.0
65,sensor_19,5,0.0
65,sensor_19,6,0.0
65,sensor_19,7,0.0
65,sensor_19,8,0.0
65,sensor_19,9,0.0
65,sensor_19,10,0.0
65,sensor_20,1,0.015199583333333664
65,sensor_20,2,0.008045714285714545
65,sensor_20,3,0.011580952380952485
65,sensor_20,4,0.00883523809523817
65,sensor_20,5,0.013251666666666606
65,sensor_20,6,0.008969523809523776
65,sensor_20,7,0.016120952380952562
65,sensor_20,8,0.008435238095237791
65,sensor_20,9,0.005142857142857087
65,sensor_20,10,0.008784999999999378
65,sensor_21,1,0.005401498625000041
65,sensor_21,2,0.002522613809523794
65,sensor_21,3,0.0034731982857143305
65,sensor_21,4,0.0024083314285714337
65,sensor_21,5,0.003809273625000016
65,sensor_21,6,0.002646965428571398
65,sensor_21,7,0.003639701714285607
65,sensor_21,8,0.005967181238095135
65,sensor_21,9,0.006821033999999908
65,sensor_21,10,0.002476129333333466
66,setting_1,1,5.66847619047619e-06
66,setting_1,2,6.460289473684211e-06
66,setting_1,3,3.688921052631579e-06
66,setting_1,4,4.858394736842106e-06
66,setting_1,5,4.323026315789474e-06
66,setting_1,6,3.1690526315789467e-06
66,setting_1,7,2.6569473684210523e-06
66,setting_1,8,2.9483157894736843e-06
66,setting_1,9,4.71578947368421e-06
66,setting_1,10,4.497904761904761e-06
66,setting_2,1,8.347619047619047e-08
66,setting_2,2,7.671052631578948e-08
66,setting_2,3,4.8289473684210535e-08
66,setting_2,4,1.0778947368421054e-07
66,setting_2,5,1.0618421052631578e-07
66,setting_2,6,1.0105263157894736e-07
66,setting_2,7,6.13421052631579e-08
66,setting_2,8,1.005e-07
66,setting_2,9,9.607894736842103e-08
66,setting_2,10,9.633333333333334e-08
66,setting_3,1,0.0
66,setting_3,2,0.0
66,setting_3,3,0.0
66,setting_3,4,0.0
66,setting_3,5,0.0
66,setting_3,6,0.0
66,setting_3,7,0.0
66,setting_3,8,0.0
66,setting_3,9,0.0
66,setting_3,10,0.0
66,sensor_1,1,0.0
66,sensor_1,2,0.0
66,sensor_1,3,0.0
66,sensor_1,4,0.0
66,sensor_1,5,0.0
66,sensor_1,6,0.0
66,sensor_1,7,0.0
66,sensor_1,8,0.0
66,sensor_1,9,0.0
66,sensor_1,10,0.0
66,sensor_2,1,0.07113333333333702
66,sensor_2,2,0.06377131578948088
66,sensor_2,3,0.07881999999999013
66,sensor_2,4,0.08206815789473494
66,sensor_2,5,0.0685789473684236
66,sensor_2,6,0.10078315789473029
66,sensor_2,7,0.04452210526315301
66,sensor_2,8,0.0912092105262986
66,sensor_2,9,0.05877263157895294
66,sensor_2,10,0.10212904761904058
66,sensor_3,1,15.019394761904852
66,sensor_3,2,29.453240789473195
66,sensor_3,3,13.357411578947454
66,sensor_3,4,12.7826
66,sensor_3,5,7.465150263157987
66,sensor_3,6,18.753447105263433
66,sensor_3,7,13.064705263157562
66,sensor_3,8,14.215777894736828
66,sensor_3,9,8.605026052631354
66,sensor_3,10,14.060234761904647
66,sensor_4,1,11.3924557142859
66,sensor_4,2,21.28103026315779
66,sensor_4,3,28.144662105262874
66,sensor_4,4,20.92304710526303
66,sensor_4,5,16.392362105263377
66,sensor_4,6,20.77039868420988
66,sensor_4,7,20.670104210526585
66,sensor_4,8,21.305730526315973
66,sensor_4,9,9.452866052631624
66,sensor_4,10,16.627620000000217
66,sensor_5,1,0.0
66,sensor_5,2,0.0
66,sensor_5,3,0.0
66,sensor_5,4,0.0
66,sensor_5,5,0.0
66,sensor_5,6,0.0
66,sensor_5,7,0.0
66,sensor_5,8,0.0
66,sensor_5,9,0.0
66,sensor_5,10,0.0
66,sensor_6,1,0.0
66,sensor_6,2,0.0
66,sensor_6,3,4.999999999998665e-06
66,sensor_6,4,0.0
66,sensor_6,5,0.0
66,sensor_6,6,0.0
66,sensor_6,7,0.0
66,sensor_6,8,0.0
66,sensor_6,9,0.0
66,sensor_6,10,0.0
66,sensor_7,1,0.13758285714286314
66,sensor_7,2,0.10658184210527356
66,sensor_7,3,0.1619884210526242
66,sensor_7,4,0.16721578947368873
66,sensor_7,5,0.23647657894738386
66,sensor_7,6,0.2934050000000166
66,sensor_7,7,0.2213884210526322
66,sensor_7,8,0.2107147368421258
66,sensor_7,9,0.11654210526312973
66,sensor_7,10,0.1495490476190243
66,sensor_8,1,0.0011757142857131068
66,sensor_8,2,0.0005818421052648827
66,sensor_8,3,0.001077894736839912
66,sensor_8,4,0.0006852631578946821
66,sensor_8,5,0.0004905263157886301
66,sensor_8,6,0.0008028947368377792
66,sensor_8,7,0.0010028947368394216
66,sensor_8,8,0.0006828947368391577
66,sensor_8,9,0.0008449999999977757
66,sensor_8,10,0.0015057142857124452
66,sensor_9,1,13.408904761903793
66,sensor_9,2,21.583677894737747
66,sensor_9,3,18.91602526315823
66,sensor_9,4,10.973221052632825
66,sensor_9,5,12.295422105261926
66,sensor_9,6,10.768285263159363
66,sensor_9,7,24.463613421051633
66,sensor_9,8,14.550451578945763
66,sensor_9,9,17.838364210527114
66,sensor_9,10,18.951126190469513
66,sensor_10,1,0.0
66,sensor_10,2,0.0
66,sensor_10,3,0.0
66,sensor_10,4,0.0
66,sensor_10,5,0.0
66,sensor_10,6,0.0
66,sensor_10,7,0.0
66,sensor_10,8,0.0
66,sensor_10,9,0.0
66,sensor_10,10,0.0
66,sensor_11,1,0.012444761904762005
66,sensor_11,2,0.008068157894736661
66,sensor_11,3,0.012415526315789759
66,sensor_11,4,0.014634473684210243
66,sensor_11,5,0.0140094736842104
66,sensor_11,6,0.012269473684210283
66,sensor_11,7,0.007445000000000084
66,sensor_11,8,0.01316736842105233
66,sensor_11,9,0.012489210526315842
66,sensor_11,10,0.013559047619047918
66,sensor_12,1,0.08696285714286689
66,sensor_12,2,0.08203447368421281
66,sensor_12,3,0.11137131578947902
66,sensor_12,4,0.09544842105263754
66,sensor_12,5,0.07286736842105453
66,sensor_12,6,0.1780631578947502
66,sensor_12,7,0.09994842105261409
66,sensor_12,8,0.04358526315788834
66,sensor_12,9,0.10014631578947833
66,sensor_12,10,0.08345333333332358
66,sensor_13,1,0.0006747619047588659
66,sensor_13,2,0.00032526315789440464
66,sensor_13,3,0.00042526315789323115
66,sensor_13,4,0.0008365789473637968
66,sensor_13,5,0.0006578947368441773
66,sensor_13,6,0.0008471052631592079
66,sensor_13,7,0.0007905263157928348
66,sensor_13,8,0.0005292105263181062
66,sensor_13,9,0.00048526315789135775
66,sensor_13,10,0.0008090476190537434
66,sensor_14,1,13.181849999999873
66,sensor_14,2,10.79353131579066
66,sensor_14,3,8.429889210526591
66,sensor_14,4,9.886792368421583
66,sensor_14,5,7.074498947367634
66,sensor_14,6,10.780718684209564
66,sensor_14,7,12.906235789474147
66,sensor_14,8,10.55027868420921
66,sensor_14,9,5.484476578948376
66,sensor_14,10,14.69836142857227
66,sensor_15,1,0.00035630361904759946
66,sensor_15,2,0.00047617502631578664
66,sensor_15,3,0.000323365763157895
66,sensor_15,4,0.0002784571315789399
66,sensor_15,5,0.0005242510263157978
66,sensor_15,6,0.0004999109473684213
66,sensor_15,7,0.0002575543157894718
66,sensor_15,8,0.00038153326315786874
66,sensor_15,9,0.0004393119999999958
66,sensor_15,10,0.0002713706190476383
66,sensor_16,1,0.0
66,sensor_16,2,0.0
66,sensor_16,3,0.0
66,sensor_16,4,0.0
66,sensor_16,5,0.0
66,sensor_16,6,0.0
66,sensor_16,7,0.0
66,sensor_16,8,0.0
66,sensor_16,9,0.0
66,sensor_16,10,0.0
66,sensor_17,1,0.7619047619047604
66,sensor_17,2,0.7236842105263128
66,sensor_17,3,0.365789473684211
66,sensor_17,4,1.6289473684210463
66,sensor_17,5,0.7999999999999898
66,sensor_17,6,0.7236842105263115
66,sensor_17,7,1.52368421052632
66,sensor_17,8,0.9894736842105282
66,sensor_17,9,0.9763157894736878
66,sensor_17,10,0.4476190476190499
66,sensor_18,1,0.0
66,sensor_18,2,0.0
66,sensor_18,3,0.0
66,sensor_18,4,0.0
66,sensor_18,5,0.0
66,sensor_18,6,0.0
66,sensor_18,7,0.0
66,sensor_18,8,0.0
66,sensor_18,9,0.0
66,sensor_18,10,0.0
66,sensor_19,1,0.0
66,sensor_19,2,0.0
66,sensor_19,3,0.0
66,sensor_19,4,0.0
66,sensor_19,5,0.0
66,sensor_19,6,0.0
66,sensor_19,7,0.0
66,sensor_19,8,0.0
66,sensor_19,9,0.0
66,sensor_19,10,0.0
66,sensor_20,1,0.012816190476190712
66,sensor_20,2,0.007798947368421061
66,sensor_20,3,0.014981842105263344
66,sensor_20,4,0.012394473684210712
66,sensor_20,5,0.011760789473684247
66,sensor_20,6,0.011027368421052508
66,sensor_20,7,0.00707789473684185
66,sensor_20,8,0.009095789473684111
66,sensor_20,9,0.012466052631579233
66,sensor_20,10,0.010073333333333738
66,sensor_21,1,0.004187193904761923
66,sensor_21,2,0.004603632921052635
66,sensor_21,3,0.0020846508157895
66,sensor_21,4,0.002387622605263067
66,sensor_21,5,0.0030389506315789258
66,sensor_21,6,0.005172842000000006
66,sensor_21,7,0.002701157263157915
66,sensor_21,8,0.00408109010526312
66,sensor_21,9,0.0038744167105263573
66,sensor_21,10,0.004220654619047537
67,setting_1,1,5.077258064516129e-06
67,setting_1,2,3.570989247311828e-06
67,setting_1,3,2.5298924731182795e-06
67,setting_1,4,2.851913978494623e-06
67,setting_1,5,5.064264112903225e-06
67,setting_1,6,5.5139569892473105e-06
67,setting_1,7,3.606516129032258e-06
67,setting_1,8,3.2143225806451613e-06
67,setting_1,9,3.6951827956989243e-06
67,setting_1,10,5.032328629032259e-06
67,setting_2,1,7.59576612903226e-08
67,setting_2,2,7.922580645161288e-08
67,setting_2,3,1.0432258064516129e-07
67,setting_2,4,7.991397849462366e-08
67,setting_2,5,9.995967741935482e-08
67,setting_2,6,6.66236559139785e-08
67,setting_2,7,7.711827956989247e-08
67,setting_2,8,8.782795698924731e-08
67,setting_2,9,7.406451612903226e-08
67,setting_2,10,8.49899193548387e-08
67,setting_3,1,0.0
67,setting_3,2,0.0
67,setting_3,3,0.0
67,setting_3,4,0.0
67,setting_3,5,0.0
67,setting_3,6,0.0
67,setting_3,7,0.0
67,setting_3,8,0.0
67,setting_3,9,0.0
67,setting_3,10,0.0
67,sensor_1,1,0.0
67,sensor_1,2,0.0
67,sensor_1,3,0.0
67,sensor_1,4,0.0
67,sensor_1,5,0.0
67,sensor_1,6,0.0
67,sensor_1,7,0.0
67,sensor_1,8,0.0
67,sensor_1,9,0.0
67,sensor_1,10,0.0
67,sensor_2,1,0.10080604838709839
67,sensor_2,2,0.10287849462366716
67,sensor_2,3,0.07030903225805536
67,sensor_2,4,0.042504516129038335
67,sensor_2,5,0.11415967741934671
67,sensor_2,6,0.15324924731182446
67,sensor_2,7,0.13754236559139751
67,sensor_2,8,0.05443956989247667
67,sensor_2,9,0.10899806451612233
67,sensor_2,10,0.11252570564517096
67,sensor_3,1,28.274912802419227
67,sensor_3,2,18.400249462365664
67,sensor_3,3,10.156552903225485
67,sensor_3,4,15.321689247311603
67,sensor_3,5,14.567370060483949
67,sensor_3,6,20.283224516129096
67,sensor_3,7,9.541490322580273
67,sensor_3,8,20.099240645161597
67,sensor_3,9,15.122583225805807
67,sensor_3,10,18.203789919354474
67,sensor_4,1,15.062266834676947
67,sensor_4,2,12.427142580644901
67,sensor_4,3,14.815832258064392
67,sensor_4,4,9.361053118279367
67,sensor_4,5,13.523141532257853
67,sensor_4,6,11.315282795699142
67,sensor_4,7,17.625551182795505
67,sensor_4,8,20.241076989247752
67,sensor_4,9,18.9220445161293
67,sensor_4,10,28.1700866935481
67,sensor_5,1,0.0
67,sensor_5,2,0.0
67,sensor_5,3,0.0
67,sensor_5,4,0.0
67,sensor_5,5,0.0
67,sensor_5,6,0.0
67,sensor_5,7,0.0
67,sensor_5,8,0.0
67,sensor_5,9,0.0
67,sensor_5,10,0.0
67,sensor_6,1,0.0
67,sensor_6,2,0.0
67,sensor_6,3,3.2258064516115424e-06
67,sensor_6,4,0.0
67,sensor_6,5,0.0
67,sensor_6,6,0.0
67,sensor_6,7,0.0
67,sensor_6,8,0.0
67,sensor_6,9,0.0
67,sensor_6,10,0.0
67,sensor_7,1,0.20260927419354713
67,sensor_7,2,0.16510946236557883
67,sensor_7,3,0.27434666666667556
67,sensor_7,4,0.08428623655913982
67,sensor_7,5,0.10161290322581108
67,sensor_7,6,0.11174666666664837
67,sensor_7,7,0.17613612903225218
67,sensor_7,8,0.22795333333333506
67,sensor_7,9,0.1743169892473314
67,sensor_7,10,0.23344999999996904
67,sensor_8,1,0.0010079637096846168
67,sensor_8,2,0.0013647311827905142
67,sensor_8,3,0.0010989247311836735
67,sensor_8,4,0.0009262365591448003
67,sensor_8,5,0.0008129032257943967
67,sensor_8,6,0.0007991397849493726
67,sensor_8,7,0.0010412903225894361
67,sensor_8,8,0.001222365591384341
67,sensor_8,9,0.0008298924731273121
67,sensor_8,10,0.001645866935475935
67,sensor_9,1,13.321912500000384
67,sensor_9,2,15.22734451612639
67,sensor_9,3,10.741083655914395
67,sensor_9,4,10.859765806448912
67,sensor_9,5,12.17070231854779
67,sensor_9,6,15.120043225806972
67,sensor_9,7,7.678939569892806
67,sensor_9,8,25.243658064518073
67,sensor_9,9,11.83962924730954
67,sensor_9,10,15.620533870971878
67,sensor_10,1,0.0
67,sensor_10,2,0.0
67,sensor_10,3,0.0
67,sensor_10,4,0.0
67,sensor_10,5,0.0
67,sensor_10,6,0.0
67,sensor_10,7,0.0
67,sensor_10,8,0.0
67,sensor_10,9,0.0
67,sensor_10,10,0.0
67,sensor_11,1,0.011053931451612879
67,sensor_11,2,0.010446666666666668
67,sensor_11,3,0.01509849462365605
67,sensor_11,4,0.0070647311827953295
67,sensor_11,5,0.012593548387096918
67,sensor_11,6,0.012918494623656103
67,sensor_11,7,0.006284731182795543
67,sensor_11,8,0.010763655913978955
67,sensor_11,9,0.009453978494623495
67,sensor_11,10,0.015940221774192936
67,sensor_12,1,0.10070635080643593
67,sensor_12,2,0.08854064516126972
67,sensor_12,3,0.09337892473118105
67,sensor_12,4,0.09347806451612269
67,sensor_12,5,0.09836411290322476
67,sensor_12,6,0.08354365591397236
67,sensor_12,7,0.12238903225805471
67,sensor_12,8,0.16563655913979936
67,sensor_12,9,0.10419118279572388
67,sensor_12,10,0.10395766129030291
67,sensor_13,1,0.0006157258064486024
67,sensor_13,2,0.0010178494623637507
67,sensor_13,3,0.000491612903222929
67,sensor_13,4,0.0008724731182784986
67,sensor_13,5,0.0008060483871004561
67,sensor_13,6,0.0010836559139788965
67,sensor_13,7,0.0008313978494661121
67,sensor_13,8,0.0008511827956914359
67,sensor_13,9,0.001239569892460883
67,sensor_13,10,0.0016822580645022268
67,sensor_14,1,13.083392641129045
67,sensor_14,2,13.921123655914958
67,sensor_14,3,8.517685591396605
67,sensor_14,4,5.6041806451604375
67,sensor_14,5,12.17280796371012
67,sensor_14,6,8.92701290322601
67,sensor_14,7,6.891145591397112
67,sensor_14,8,6.195561290322201
67,sensor_14,9,11.65243225806447
67,sensor_14,10,7.91883185483979
67,sensor_15,1,0.0006837741935484008
67,sensor_15,2,0.0004013033333333403
67,sensor_15,3,0.0004481498924731043
67,sensor_15,4,0.000500135118279556
67,sensor_15,5,0.00034747866935483124
67,sensor_15,6,0.0003547353978494581
67,sensor_15,7,0.00047209879569893383
67,sensor_15,8,0.0005011183655914029
67,sensor_15,9,0.0003638186236559336
67,sensor_15,10,0.000553881249999982
67,sensor_16,1,0.0
67,sensor_16,2,0.0
67,sensor_16,3,0.0
67,sensor_16,4,0.0
67,sensor_16,5,0.0
67,sensor_16,6,0.0
67,sensor_16,7,0.0
67,sensor_16,8,0.0
67,sensor_16,9,0.0
67,sensor_16,10,0.0
67,sensor_17,1,1.0070564516129084
67,sensor_17,2,1.3182795698924652
67,sensor_17,3,0.769892473118281
67,sensor_17,4,1.264516129032272
67,sensor_17,5,0.7328629032258
67,sensor_17,6,1.2666666666667088
67,sensor_17,7,1.1913978494623907
67,sensor_17,8,1.0129032258064494
67,sensor_17,9,0.8279569892473162
67,sensor_17,10,0.903225806451618
67,sensor_18,1,0.0
67,sensor_18,2,0.0
67,sensor_18,3,0.0
67,sensor_18,4,0.0
67,sensor_18,5,0.0
67,sensor_18,6,0.0
67,sensor_18,7,0.0
67,sensor_18,8,0.0
67,sensor_18,9,0.0
67,sensor_18,10,0.0
67,sensor_19,1,0.0
67,sensor_19,2,0.0
67,sensor_19,3,0.0
67,sensor_19,4,0.0
67,sensor_19,5,0.0
67,sensor_19,6,0.0
67,sensor_19,7,0.0
67,sensor_19,8,0.0
67,sensor_19,9,0.0
67,sensor_19,10,0.0
67,sensor_20,1,0.011889415322580667
67,sensor_20,2,0.009904731182795591
67,sensor_20,3,0.010393978494623795
67,sensor_20,4,0.008589892473118234
67,sensor_20,5,0.00832258064516144
67,sensor_20,6,0.00991892473118291
67,sensor_20,7,0.012946451612903196
67,sensor_20,8,0.008407311827957209
67,sensor_20,9,0.009223225806451527
67,sensor_20,10,0.009103225806451126
67,sensor_21,1,0.0025151618447580787
67,sensor_21,2,0.004289436795698951
67,sensor_21,3,0.003047752279569864
67,sensor_21,4,0.003178944946236481
67,sensor_21,5,0.005476451038306449
67,sensor_21,6,0.0028766123225806494
67,sensor_21,7,0.0022790862580645815
67,sensor_21,8,0.003379692365591406
67,sensor_21,9,0.0037011972903224334
67,sensor_21,10,0.0031896974899193542
68,setting_1,1,1.8772631578947367e-06
68,setting_1,2,2.6718684210526316e-06
68,setting_1,3,2.1847105263157894e-06
68,setting_1,4,4.888947368421052e-06
68,setting_1,5,4.776842105263157e-06
68,setting_1,6,4.844327485380118e-06
68,setting_1,7,5.323263157894736e-06
68,setting_1,8,6.745131578947367e-06
68,setting_1,9,5.592e-06
68,setting_1,10,5.911447368421054e-06
68,setting_2,1,1.2239473684210528e-07
68,setting_2,2,9.410526315789475e-08
68,setting_2,3,5.2736842105263154e-08
68,setting_2,4,1.1249999999999997e-07
68,setting_2,5,7.292105263157896e-08
68,setting_2,6,1.0099415204678362e-07
68,setting_2,7,1.255526315789474e-07
68,setting_2,8,5.115789473684211e-08
68,setting_2,9,1.0694736842105262e-07
68,setting_2,10,1.1221052631578947e-07
68,setting_3,1,0.0
68,setting_3,2,0.0
68,setting_3,3,0.0
68,setting_3,4,0.0
68,setting_3,5,0.0
68,setting_3,6,0.0
68,setting_3,7,0.0
68,setting_3,8,0.0
68,setting_3,9,0.0
68,setting_3,10,0.0
68,sensor_1,1,0.0
68,sensor_1,2,0.0
68,sensor_1,3,0.0
68,sensor_1,4,0.0
68,sensor_1,5,0.0
68,sensor_1,6,0.0
68,sensor_1,7,0.0
68,sensor_1,8,0.0
68,sensor_1,9,0.0
68,sensor_1,10,0.0
68,sensor_2,1,0.06079447368421515
68,sensor_2,2,0.08668000000000776
68,sensor_2,3,0.08624842105262272
68,sensor_2,4,0.10499447368420682
68,sensor_2,5,0.12506605263158432
68,sensor_2,6,0.06390643274853532
68,sensor_2,7,0.09775236842106745
68,sensor_2,8,0.10241342105264033
68,sensor_2,9,0.07914184210526268
68,sensor_2,10,0.06827473684208245
68,sensor_3,1,9.538658947368377
68,sensor_3,2,17.272921052631407
68,sensor_3,3,12.553819736841943
68,sensor_3,4,11.447668421052603
68,sensor_3,5,8.030920000000112
68,sensor_3,6,11.31560994152013
68,sensor_3,7,18.26567789473644
68,sensor_3,8,20.50156736842071
68,sensor_3,9,9.92454210526315
68,sensor_3,10,33.597872631580074
68,sensor_4,1,17.733813421052893
68,sensor_4,2,11.603577894737422
68,sensor_4,3,7.851214736842283
68,sensor_4,4,27.684609473684407
68,sensor_4,5,15.68226736842091
68,sensor_4,6,12.318589473684476
68,sensor_4,7,12.667541842105132
68,sensor_4,8,19.638613421052614
68,sensor_4,9,17.359903947368398
68,sensor_4,10,30.21860105263037
68,sensor_5,1,0.0
68,sensor_5,2,0.0
68,sensor_5,3,0.0
68,sensor_5,4,0.0
68,sensor_5,5,0.0
68,sensor_5,6,0.0
68,sensor_5,7,0.0
68,sensor_5,8,0.0
68,sensor_5,9,0.0
68,sensor_5,10,0.0
68,sensor_6,1,0.0
68,sensor_6,2,4.999999999998665e-06
68,sensor_6,3,0.0
68,sensor_6,4,0.0
68,sensor_6,5,4.999999999997978e-06
68,sensor_6,6,0.0
68,sensor_6,7,0.0
68,sensor_6,8,0.0
68,sensor_6,9,0.0
68,sensor_6,10,0.0
68,sensor_7,1,0.12159236842106629
68,sensor_7,2,0.17624105263157216
68,sensor_7,3,0.24577131578949316
68,sensor_7,4,0.26637131578950163
68,sensor_7,5,0.18881157894736422
68,sensor_7,6,0.1486356725146108
68,sensor_7,7,0.1388536842105231
68,sensor_7,8,0.16810394736842765
68,sensor_7,9,0.22464710526313295
68,sensor_7,10,0.13876947368421202
68,sensor_8,1,0.0006134210526289697
68,sensor_8,2,0.0005052631578921874
68,sensor_8,3,0.00022605263158120563
68,sensor_8,4,0.0004344736842050079
68,sensor_8,5,0.0007818421052566615
68,sensor_8,6,0.0010263157894697037
68,sensor_8,7,0.0007115789473657655
68,sensor_8,8,0.0009042105263167478
68,sensor_8,9,0.00040947368420759595
68,sensor_8,10,0.001356842105251048
68,sensor_9,1,11.317426052633692
68,sensor_9,2,9.713415789470645
68,sensor_9,3,11.337395789473964
68,sensor_9,4,9.317108157897147
68,sensor_9,5,14.089960789472991
68,sensor_9,6,29.376573099417378
68,sensor_9,7,12.73662394736474
68,sensor_9,8,32.182141842103874
68,sensor_9,9,68.16358184209376
68,sensor_9,10,174.70168710529038
68,sensor_10,1,0.0
68,sensor_10,2,0.0
68,sensor_10,3,0.0
68,sensor_10,4,0.0
68,sensor_10,5,0.0
68,sensor_10,6,0.0
68,sensor_10,7,0.0
68,sensor_10,8,0.0
68,sensor_10,9,0.0
68,sensor_10,10,0.0
68,sensor_11,1,0.007664210526315675
68,sensor_11,2,0.010110263157894874
68,sensor_11,3,0.012495789473684371
68,sensor_11,4,0.013557894736841915
68,sensor_11,5,0.008329210526315665
68,sensor_11,6,0.003855555555555659
68,sensor_11,7,0.014904210526315784
68,sensor_11,8,0.010272368421052896
68,sensor_11,9,0.016792368421052594
68,sensor_11,10,0.026457894736841212
68,sensor_12,1,0.08733684210525713
68,sensor_12,2,0.10461552631579585
68,sensor_12,3,0.11565131578947034
68,sensor_12,4,0.06837263157894446
68,sensor_12,5,0.1742168421052708
68,sensor_12,6,0.06909239766081351
68,sensor_12,7,0.09361552631578855
68,sensor_12,8,0.11133789473680848
68,sensor_12,9,0.10208710526316267
68,sensor_12,10,0.09241342105262733
68,sensor_13,1,0.000788157894730866
68,sensor_13,2,0.001266052631580653
68,sensor_13,3,0.0010828947368432984
68,sensor_13,4,0.0008976315789403545
68,sensor_13,5,0.0009694736842112235
68,sensor_13,6,0.0003877192982452671
68,sensor_13,7,0.0010515789473656049
68,sensor_13,8,0.0004134210526329705
68,sensor_13,9,0.001468157894735461
68,sensor_13,10,0.0011631578947355144
68,sensor_14,1,8.751535789472786
68,sensor_14,2,12.89063578947481
68,sensor_14,3,5.740413421053
68,sensor_14,4,11.4072842105245
68,sensor_14,5,12.455152368420547
68,sensor_14,6,12.400631578948357
68,sensor_14,7,24.954690526306816
68,sensor_14,8,29.595041052634674
68,sensor_14,9,46.00551684211281
68,sensor_14,10,118.55107657893565
68,sensor_15,1,0.00046798221052630183
68,sensor_15,2,0.00031309578947365897
68,sensor_15,3,0.0003458327368421111
68,sensor_15,4,0.0005673472631578844
68,sensor_15,5,0.00022204252631578844
68,sensor_15,6,0.0003145683040935808
68,sensor_15,7,0.00030668450000000683
68,sensor_15,8,0.0005636173421052774
68,sensor_15,9,0.0006037430263157593
68,sensor_15,10,0.0005780756842105377
68,sensor_16,1,0.0
68,sensor_16,2,0.0
68,sensor_16,3,0.0
68,sensor_16,4,0.0
68,sensor_16,5,0.0
68,sensor_16,6,0.0
68,sensor_16,7,0.0
68,sensor_16,8,0.0
68,sensor_16,9,0.0
68,sensor_16,10,0.0
68,sensor_17,1,0.5763157894736824
68,sensor_17,2,0.7657894736842177
68,sensor_17,3,1.199999999999984
68,sensor_17,4,0.8000000000000016
68,sensor_17,5,0.9052631578947398
68,sensor_17,6,1.3742690058479323
68,sensor_17,7,1.2921052631578938
68,sensor_17,8,1.1026315789473684
68,sensor_17,9,1.1026315789473558
68,sensor_17,10,1.2921052631579415
68,sensor_18,1,0.0
68,sensor_18,2,0.0
68,sensor_18,3,0.0
68,sensor_18,4,0.0
68,sensor_18,5,0.0
68,sensor_18,6,0.0
68,sensor_18,7,0.0
68,sensor_18,8,0.0
68,sensor_18,9,0.0
68,sensor_18,10,0.0
68,sensor_19,1,0.0
68,sensor_19,2,0.0
68,sensor_19,3,0.0
68,sensor_19,4,0.0
68,sensor_19,5,0.0
68,sensor_19,6,0.0
68,sensor_19,7,0.0
68,sensor_19,8,0.0
68,sensor_19,9,0.0
68,sensor_19,10,0.0
68,sensor_20,1,0.00847657894736797
68,sensor_20,2,0.018285263157894926
68,sensor_20,3,0.010583947368421122
68,sensor_20,4,0.008546052631578977
68,sensor_20,5,0.010374736842105303
68,sensor_20,6,0.008543274853801524
68,sensor_20,7,0.008132631578947289
68,sensor_20,8,0.008552631578947307
68,sensor_20,9,0.00785368421052624
68,sensor_20,10,0.017598684210526672
68,sensor_21,1,0.0038182983947367835
68,sensor_21,2,0.005041380105263179
68,sensor_21,3,0.0035997451578947404
68,sensor_21,4,0.002690090105263168
68,sensor_21,5,0.003486615657894738
68,sensor_21,6,0.005751619298245481
68,sensor_21,7,0.003939525552631629
68,sensor_21,8,0.006155762000000002
68,sensor_21,9,0.004782524499999942
68,sensor_21,10,0.002923118184210474
69,setting_1,1,3.7775675675675674e-06
69,setting_1,2,4.188468253968255e-06
69,setting_1,3,3.3913015873015873e-06
69,setting_1,4,5.479896825396825e-06
69,setting_1,5,7.364468253968253e-06
69,setting_1,6,5.595873015873016e-06
69,setting_1,7,4.721142857142857e-06
69,setting_1,8,7.0938015873015875e-06
69,setting_1,9,4.8486587301587304e-06
69,setting_1,10,4.672657657657658e-06
69,setting_2,1,7.285285285285287e-08
69,setting_2,2,9.094444444444443e-08
69,setting_2,3,1.0192857142857144e-07
69,setting_2,4,8.52301587301587e-08
69,setting_2,5,9.996825396825395e-08
69,setting_2,6,1.1107142857142856e-07
69,setting_2,7,9.742063492063489e-08
69,setting_2,8,7.092063492063491e-08
69,setting_2,9,1.0732539682539685e-07
69,setting_2,10,7.255255255255254e-08
69,setting_3,1,0.0
69,setting_3,2,0.0
69,setting_3,3,0.0
69,setting_3,4,0.0
69,setting_3,5,0.0
69,setting_3,6,0.0
69,setting_3,7,0.0
69,setting_3,8,0.0
69,setting_3,9,0.0
69,setting_3,10,0.0
69,sensor_1,1,0.0
69,sensor_1,2,0.0
69,sensor_1,3,0.0
69,sensor_1,4,0.0
69,sensor_1,5,0.0
69,sensor_1,6,0.0
69,sensor_1,7,0.0
69,sensor_1,8,0.0
69,sensor_1,9,0.0
69,sensor_1,10,0.0
69,sensor_2,1,0.12353123123125109
69,sensor_2,2,0.08164849206349002
69,sensor_2,3,0.07648214285715436
69,sensor_2,4,0.06374857142857694
69,sensor_2,5,0.11376277777775994
69,sensor_2,6,0.11813928571427176
69,sensor_2,7,0.11872785714285569
69,sensor_2,8,0.09044571428571364
69,sensor_2,9,0.08437611111110199
69,sensor_2,10,0.13061201201201428
69,sensor_3,1,17.149674174174457
69,sensor_3,2,12.792127857143038
69,sensor_3,3,12.908050158730099
69,sensor_3,4,15.601142857142303
69,sensor_3,5,19.06934000000018
69,sensor_3,6,14.416428253968197
69,sensor_3,7,12.886205396825124
69,sensor_3,8,14.12055642857146
69,sensor_3,9,15.974665634920594
69,sensor_3,10,24.614469669669397
69,sensor_4,1,10.293013213213136
69,sensor_4,2,20.213007301587375
69,sensor_4,3,15.44521777777761
69,sensor_4,4,18.59899325396802
69,sensor_4,5,22.258791111111236
69,sensor_4,6,17.627175873015688
69,sensor_4,7,22.47996285714311
69,sensor_4,8,19.48872785714198
69,sensor_4,9,21.625711349206878
69,sensor_4,10,14.37340300300311
69,sensor_5,1,0.0
69,sensor_5,2,0.0
69,sensor_5,3,0.0
69,sensor_5,4,0.0
69,sensor_5,5,0.0
69,sensor_5,6,0.0
69,sensor_5,7,0.0
69,sensor_5,8,0.0
69,sensor_5,9,0.0
69,sensor_5,10,0.0
69,sensor_6,1,0.0
69,sensor_6,2,2.7777777777766916e-06
69,sensor_6,3,5.3968253968240055e-06
69,sensor_6,4,2.777777777776378e-06
69,sensor_6,5,0.0
69,sensor_6,6,0.0
69,sensor_6,7,0.0
69,sensor_6,8,0.0
69,sensor_6,9,0.0
69,sensor_6,10,0.0
69,sensor_7,1,0.16884654654653608
69,sensor_7,2,0.17327142857142952
69,sensor_7,3,0.11804857142856474
69,sensor_7,4,0.21775714285713776
69,sensor_7,5,0.1450892063492044
69,sensor_7,6,0.1861828571428623
69,sensor_7,7,0.1183570634920717
69,sensor_7,8,0.20526158730159
69,sensor_7,9,0.14992285714289233
69,sensor_7,10,0.259766666666688
69,sensor_8,1,0.0007675675675662315
69,sensor_8,2,0.0007834920635000044
69,sensor_8,3,0.0006421428571332145
69,sensor_8,4,0.0008364285714258962
69,sensor_8,5,0.0007456349206326303
69,sensor_8,6,0.0006846825396815056
69,sensor_8,7,0.0006580158730195418
69,sensor_8,8,0.0009380158730073954
69,sensor_8,9,0.0010663492063425995
69,sensor_8,10,0.0011789789789792943
69,sensor_9,1,18.707140840841856
69,sensor_9,2,21.253727857143208
69,sensor_9,3,12.39351428571281
69,sensor_9,4,21.996247301587218
69,sensor_9,5,23.73417301586938
69,sensor_9,6,13.02261928571454
69,sensor_9,7,8.43237928571253
69,sensor_9,8,20.761886587301483
69,sensor_9,9,16.36608468253956
69,sensor_9,10,23.170752252248477
69,sensor_10,1,0.0
69,sensor_10,2,0.0
69,sensor_10,3,0.0
69,sensor_10,4,0.0
69,sensor_10,5,0.0
69,sensor_10,6,0.0
69,sensor_10,7,0.0
69,sensor_10,8,0.0
69,sensor_10,9,0.0
69,sensor_10,10,0.0
69,sensor_11,1,0.009737987987987789
69,sensor_11,2,0.007276825396825634
69,sensor_11,3,0.007282777777777736
69,sensor_11,4,0.009695873015873052
69,sensor_11,5,0.00873928571428549
69,sensor_11,6,0.009659285714285782
69,sensor_11,7,0.007725396825396647
69,sensor_11,8,0.015534920634920594
69,sensor_11,9,0.014831349206349704
69,sensor_11,10,0.018274174174174148
69,sensor_12,1,0.09251951951952607
69,sensor_12,2,0.09240849206347197
69,sensor_12,3,0.05505428571428039
69,sensor_12,4,0.04975142857142572
69,sensor_12,5,0.0948656349206233
69,sensor_12,6,0.11208000000002252
69,sensor_12,7,0.1662218253968438
69,sensor_12,8,0.15797873015872896
69,sensor_12,9,0.11595134920635858
69,sensor_12,10,0.17620465465465834
69,sensor_13,1,0.0006247747747747656
69,sensor_13,2,0.000945714285709816
69,sensor_13,3,0.000677777777780295
69,sensor_13,4,0.0008749206349148524
69,sensor_13,5,0.0008396825396716351
69,sensor_13,6,0.0010542063492070563
69,sensor_13,7,0.0004992857142871969
69,sensor_13,8,0.0007418253968284157
69,sensor_13,9,0.001021587301589321
69,sensor_13,10,0.0013987987987966986
69,sensor_14,1,9.401673123122704
69,sensor_14,2,12.256035158731363
69,sensor_14,3,11.251787539682027
69,sensor_14,4,9.679576111111064
69,sensor_14,5,10.521727857143006
69,sensor_14,6,8.546214206349573
69,sensor_14,7,8.640457142856807
69,sensor_14,8,13.75306539682553
69,sensor_14,9,7.070968571428197
69,sensor_14,10,10.421783633633849
69,sensor_15,1,0.00043998189189190195
69,sensor_15,2,0.0005451374285714215
69,sensor_15,3,0.00043353739682540804
69,sensor_15,4,0.0003775951428571425
69,sensor_15,5,0.00030214114285713245
69,sensor_15,6,0.0003716505634920669
69,sensor_15,7,0.00045080256349204435
69,sensor_15,8,0.0005368974206349398
69,sensor_15,9,0.0005568770396825396
69,sensor_15,10,0.0004968114564564424
69,sensor_16,1,0.0
69,sensor_16,2,0.0
69,sensor_16,3,0.0
69,sensor_16,4,0.0
69,sensor_16,5,0.0
69,sensor_16,6,0.0
69,sensor_16,7,0.0
69,sensor_16,8,0.0
69,sensor_16,9,0.0
69,sensor_16,10,0.0
69,sensor_17,1,0.7297297297297266
69,sensor_17,2,1.361111111111121
69,sensor_17,3,1.113492063492045
69,sensor_17,4,0.930158730158728
69,sensor_17,5,0.6349206349206301
69,sensor_17,6,1.208730158730168
69,sensor_17,7,0.8920634920634932
69,sensor_17,8,0.7325396825396947
69,sensor_17,9,1.0444444444444927
69,sensor_17,10,1.0885885885885898
69,sensor_18,1,0.0
69,sensor_18,2,0.0
69,sensor_18,3,0.0
69,sensor_18,4,0.0
69,sensor_18,5,0.0
69,sensor_18,6,0.0
69,sensor_18,7,0.0
69,sensor_18,8,0.0
69,sensor_18,9,0.0
69,sensor_18,10,0.0
69,sensor_19,1,0.0
69,sensor_19,2,0.0
69,sensor_19,3,0.0
69,sensor_19,4,0.0
69,sensor_19,5,0.0
69,sensor_19,6,0.0
69,sensor_19,7,0.0
69,sensor_19,8,0.0
69,sensor_19,9,0.0
69,sensor_19,10,0.0
69,sensor_20,1,0.00788453453453448
69,sensor_20,2,0.0070368253968254345
69,sensor_20,3,0.009492301587301542
69,sensor_20,4,0.007147539682539529
69,sensor_20,5,0.012914920634920819
69,sensor_20,6,0.009446587301587326
69,sensor_20,7,0.013654285714285496
69,sensor_20,8,0.011709444444444404
69,sensor_20,9,0.015057142857142408
69,sensor_20,10,0.009777477477477169
69,sensor_21,1,0.004378313558558577
69,sensor_21,2,0.004988084849206342
69,sensor_21,3,0.0028324659285714165
69,sensor_21,4,0.00303265627777778
69,sensor_21,5,0.00416958044444439
69,sensor_21,6,0.004156754539682487
69,sensor_21,7,0.004969013611110962
69,sensor_21,8,0.0024245887857143114
69,sensor_21,9,0.0028621239682539833
69,sensor_21,10,0.004061217102102128
70,setting_1,1,7.509230769230768e-06
70,setting_1,2,4.981813186813188e-06
70,setting_1,3,7.815256410256411e-06
70,setting_1,4,5.882197802197802e-06
70,setting_1,5,4.419395604395604e-06
70,setting_1,6,6.6673076923076915e-06
70,setting_1,7,7.345329670329669e-06
70,setting_1,8,5.174358974358974e-06
70,setting_1,9,9.634945054945055e-06
70,setting_1,10,6.298736263736265e-06
70,setting_2,1,1.3230769230769233e-07
70,setting_2,2,7.912087912087913e-08
70,setting_2,3,1.1307692307692308e-07
70,setting_2,4,7.71978021978022e-08
70,setting_2,5,5.978021978021979e-08
70,setting_2,6,5.102564102564103e-08
70,setting_2,7,9.450549450549452e-08
70,setting_2,8,9.602564102564102e-08
70,setting_2,9,9.208791208791208e-08
70,setting_2,10,6.46153846153846e-08
70,setting_3,1,0.0
70,setting_3,2,0.0
70,setting_3,3,0.0
70,setting_3,4,0.0
70,setting_3,5,0.0
70,setting_3,6,0.0
70,setting_3,7,0.0
70,setting_3,8,0.0
70,setting_3,9,0.0
70,setting_3,10,0.0
70,sensor_1,1,0.0
70,sensor_1,2,0.0
70,sensor_1,3,0.0
70,sensor_1,4,0.0
70,sensor_1,5,0.0
70,sensor_1,6,0.0
70,sensor_1,7,0.0
70,sensor_1,8,0.0
70,sensor_1,9,0.0
70,sensor_1,10,0.0
70,sensor_2,1,0.04527472527473048
70,sensor_2,2,0.09672307692308399
70,sensor_2,3,0.08987564102562935
70,sensor_2,4,0.07279175824176357
70,sensor_2,5,0.09113846153844814
70,sensor_2,6,0.05217307692308087
70,sensor_2,7,0.10188406593407019
70,sensor_2,8,0.07805897435896401
70,sensor_2,9,0.04294780219781331
70,sensor_2,10,0.07999395604398168
70,sensor_3,1,23.161575824175536
70,sensor_3,2,20.743483516483504
70,sensor_3,3,13.870030769230716
70,sensor_3,4,25.606507692308462
70,sensor_3,5,12.684729670330013
70,sensor_3,6,12.857089743589896
70,sensor_3,7,23.804015384615198
70,sensor_3,8,3.1800666666666864
70,sensor_3,9,15.556872527473036
70,sensor_3,10,11.506514835165254
70,sensor_4,1,15.576503846154095
70,sensor_4,2,21.142117032966993
70,sensor_4,3,10.94664230769272
70,sensor_4,4,27.69919120879089
70,sensor_4,5,27.022551648351865
70,sensor_4,6,13.951241025640877
70,sensor_4,7,16.637853296703433
70,sensor_4,8,16.646702564102487
70,sensor_4,9,16.054433516483854
70,sensor_4,10,13.782861538460548
70,sensor_5,1,0.0
70,sensor_5,2,0.0
70,sensor_5,3,0.0
70,sensor_5,4,0.0
70,sensor_5,5,0.0
70,sensor_5,6,0.0
70,sensor_5,7,0.0
70,sensor_5,8,0.0
70,sensor_5,9,0.0
70,sensor_5,10,0.0
70,sensor_6,1,0.0
70,sensor_6,2,0.0
70,sensor_6,3,0.0
70,sensor_6,4,0.0
70,sensor_6,5,0.0
70,sensor_6,6,0.0
70,sensor_6,7,0.0
70,sensor_6,8,0.0
70,sensor_6,9,0.0
70,sensor_6,10,0.0
70,sensor_7,1,0.315741208791199
70,sensor_7,2,0.23819615384614698
70,sensor_7,3,0.16882692307692093
70,sensor_7,4,0.13016098901099624
70,sensor_7,5,0.09789230769228643
70,sensor_7,6,0.15646410256409365
70,sensor_7,7,0.3700769230769451
70,sensor_7,8,0.15233589743590506
70,sensor_7,9,0.13214780219779032
70,sensor_7,10,0.07122472527470865
70,sensor_8,1,0.0009912087912075807
70,sensor_8,2,0.00039395604395262376
70,sensor_8,3,0.0008692307692311253
70,sensor_8,4,0.0006307692307697927
70,sensor_8,5,0.00046428571428716136
70,sensor_8,6,0.0005089743589811182
70,sensor_8,7,0.0009170329670308916
70,sensor_8,8,0.0009256410256399673
70,sensor_8,9,0.0009719780219722752
70,sensor_8,10,0.0005670329670310896
70,sensor_9,1,18.11605714285464
70,sensor_9,2,17.924064285718313
70,sensor_9,3,30.9346910256442
70,sensor_9,4,14.112670879119909
70,sensor_9,5,8.491901648356272
70,sensor_9,6,20.356060256404866
70,sensor_9,7,19.004593956044552
70,sensor_9,8,33.0207333333361
70,sensor_9,9,19.137382417587755
70,sensor_9,10,46.96330329670327
70,sensor_10,1,0.0
70,sensor_10,2,0.0
70,sensor_10,3,0.0
70,sensor_10,4,0.0
70,sensor_10,5,0.0
70,sensor_10,6,0.0
70,sensor_10,7,0.0
70,sensor_10,8,0.0
70,sensor_10,9,0.0
70,sensor_10,10,0.0
70,sensor_11,1,0.013899450549450814
70,sensor_11,2,0.013710439560439177
70,sensor_11,3,0.015074358974358567
70,sensor_11,4,0.00942857142857176
70,sensor_11,5,0.013857142857142965
70,sensor_11,6,0.009043589743590085
70,sensor_11,7,0.018424725274725613
70,sensor_11,8,0.014260256410256104
70,sensor_11,9,0.011040109890110181
70,sensor_11,10,0.006336263736263162
70,sensor_12,1,0.07969505494504942
70,sensor_12,2,0.12064175824175637
70,sensor_12,3,0.15517564102564485
70,sensor_12,4,0.11350164835165504
70,sensor_12,5,0.07490329670329844
70,sensor_12,6,0.12404230769229412
70,sensor_12,7,0.09139560439561135
70,sensor_12,8,0.13239358974358678
70,sensor_12,9,0.11767472527473563
70,sensor_12,10,0.19234560439559795
70,sensor_13,1,0.0008489010988984931
70,sensor_13,2,0.0008879120879148745
70,sensor_13,3,0.000976923076912998
70,sensor_13,4,0.0006532967032972461
70,sensor_13,5,0.0009412087912072486
70,sensor_13,6,0.001207692307683336
70,sensor_13,7,0.000593956043946148
70,sensor_13,8,0.0006602564102566887
70,sensor_13,9,0.00035659340659390817
70,sensor_13,10,0.0018373626373659518
70,sensor_14,1,7.168764835165055
70,sensor_14,2,9.606690109888675
70,sensor_14,3,11.283985897435997
70,sensor_14,4,13.146314835164532
70,sensor_14,5,13.488330219779886
70,sensor_14,6,13.41868589743558
70,sensor_14,7,8.546910439559829
70,sensor_14,8,21.488985897435796
70,sensor_14,9,19.34073021978026
70,sensor_14,10,24.03187252746579
70,sensor_15,1,0.0005266007142857098
70,sensor_15,2,0.0003345273076923123
70,sensor_15,3,0.00044547474358976605
70,sensor_15,4,0.0003992474725274766
70,sensor_15,5,0.00015804862637362342
70,sensor_15,6,0.0003815107692307715
70,sensor_15,7,0.00031699054945055847
70,sensor_15,8,0.0005957530769230909
70,sensor_15,9,0.0005684800000000164
70,sensor_15,10,0.000559717857142842
70,sensor_16,1,0.0
70,sensor_16,2,0.0
70,sensor_16,3,0.0
70,sensor_16,4,0.0
70,sensor_16,5,0.0
70,sensor_16,6,0.0
70,sensor_16,7,0.0
70,sensor_16,8,0.0
70,sensor_16,9,0.0
70,sensor_16,10,0.0
70,sensor_17,1,1.0329670329670302
70,sensor_17,2,1.1043956043956018
70,sensor_17,3,1.0769230769230764
70,sensor_17,4,0.6813186813186831
70,sensor_17,5,0.6868131868131834
70,sensor_17,6,0.7564102564102395
70,sensor_17,7,0.8626373626373647
70,sensor_17,8,1.256410256410245
70,sensor_17,9,0.7967032967033023
70,sensor_17,10,1.36263736263736
70,sensor_18,1,0.0
70,sensor_18,2,0.0
70,sensor_18,3,0.0
70,sensor_18,4,0.0
70,sensor_18,5,0.0
70,sensor_18,6,0.0
70,sensor_18,7,0.0
70,sensor_18,8,0.0
70,sensor_18,9,0.0
70,sensor_18,10,0.0
70,sensor_19,1,0.0
70,sensor_19,2,0.0
70,sensor_19,3,0.0
70,sensor_19,4,0.0
70,sensor_19,5,0.0
70,sensor_19,6,0.0
70,sensor_19,7,0.0
70,sensor_19,8,0.0
70,sensor_19,9,0.0
70,sensor_19,10,0.0
70,sensor_20,1,0.012932417582417562
70,sensor_20,2,0.006899450549450509
70,sensor_20,3,0.0018500000000000645
70,sensor_20,4,0.009022527472527212
70,sensor_20,5,0.009221978021977674
70,sensor_20,6,0.004214102564102707
70,sensor_20,7,0.005657142857142907
70,sensor_20,8,0.006424358974358627
70,sensor_20,9,0.0066950549450549065
70,sensor_20,10,0.018840109890109733
70,sensor_21,1,0.004307520274725271
70,sensor_21,2,0.004663062637362579
70,sensor_21,3,0.0028521193589742914
70,sensor_21,4,0.0013556428571428792
70,sensor_21,5,0.002398813021978054
70,sensor_21,6,0.003235742692307726
70,sensor_21,7,0.004088802857142878
70,sensor_21,8,0.003866032692307708
70,sensor_21,9,0.005777202197802222
70,sensor_21,10,0.0024538591758241674
71,setting_1,1,6.072619047619048e-06
71,setting_1,2,6.49747619047619e-06
71,setting_1,3,2.8562857142857145e-06
71,setting_1,4,6.481342105263158e-06
71,setting_1,5,5.223476190476191e-06
71,setting_1,6,4.580285714285714e-06
71,setting_1,7,6.722631578947367e-06
71,setting_1,8,3.4255714285714287e-06
71,setting_1,9,3.6291428571428572e-06
71,setting_1,10,9.140333333333333e-06
71,setting_2,1,6.414285714285714e-08
71,setting_2,2,7.133333333333334e-08
71,setting_2,3,6.847619047619049e-08
71,setting_2,4,1.0010526315789475e-07
71,setting_2,5,9.714285714285717e-08
71,setting_2,6,9.92857142857143e-08
71,setting_2,7,6.83157894736842e-08
71,setting_2,8,6.147619047619048e-08
71,setting_2,9,8.261904761904762e-08
71,setting_2,10,8.247619047619045e-08
71,setting_3,1,0.0
71,setting_3,2,0.0
71,setting_3,3,0.0
71,setting_3,4,0.0
71,setting_3,5,0.0
71,setting_3,6,0.0
71,setting_3,7,0.0
71,setting_3,8,0.0
71,setting_3,9,0.0
71,setting_3,10,0.0
71,sensor_1,1,0.0
71,sensor_1,2,0.0
71,sensor_1,3,0.0
71,sensor_1,4,0.0
71,sensor_1,5,0.0
71,sensor_1,6,0.0
71,sensor_1,7,0.0
71,sensor_1,8,0.0
71,sensor_1,9,0.0
71,sensor_1,10,0.0
71,sensor_2,1,0.10264619047619757
71,sensor_2,2,0.11105476190476529
71,sensor_2,3,0.09325571428572207
71,sensor_2,4,0.07508710526317769
71,sensor_2,5,0.06394142857142193
71,sensor_2,6,0.07605904761901357
71,sensor_2,7,0.06519578947368983
71,sensor_2,8,0.08624476190476321
71,sensor_2,9,0.09062476190477006
71,sensor_2,10,0.058129047619037075
71,sensor_3,1,19.106689047619028
71,sensor_3,2,15.805512857143095
71,sensor_3,3,6.361185714285837
71,sensor_3,4,14.279487105263016
71,sensor_3,5,13.656831428571271
71,sensor_3,6,13.795923333333274
71,sensor_3,7,19.260278947368622
71,sensor_3,8,16.54207619047608
71,sensor_3,9,11.776099047619033
71,sensor_3,10,20.2711461904755
71,sensor_4,1,5.752629047619196
71,sensor_4,2,18.2531933333337
71,sensor_4,3,15.230986190475923
71,sensor_4,4,24.34504105263178
71,sensor_4,5,10.063765714285575
71,sensor_4,6,15.314425714285903
71,sensor_4,7,17.531779999999575
71,sensor_4,8,18.93736904761936
71,sensor_4,9,21.314744761905267
71,sensor_4,10,42.90873619047575
71,sensor_5,1,0.0
71,sensor_5,2,0.0
71,sensor_5,3,0.0
71,sensor_5,4,0.0
71,sensor_5,5,0.0
71,sensor_5,6,0.0
71,sensor_5,7,0.0
71,sensor_5,8,0.0
71,sensor_5,9,0.0
71,sensor_5,10,0.0
71,sensor_6,1,0.0
71,sensor_6,2,0.0
71,sensor_6,3,0.0
71,sensor_6,4,0.0
71,sensor_6,5,0.0
71,sensor_6,6,0.0
71,sensor_6,7,0.0
71,sensor_6,8,0.0
71,sensor_6,9,0.0
71,sensor_6,10,0.0
71,sensor_7,1,0.250164761904769
71,sensor_7,2,0.1912914285714415
71,sensor_7,3,0.1793328571428653
71,sensor_7,4,0.11385368421053124
71,sensor_7,5,0.11470571428572254
71,sensor_7,6,0.09563571428574986
71,sensor_7,7,0.26063657894734205
71,sensor_7,8,0.12104619047620346
71,sensor_7,9,0.1041661904761881
71,sensor_7,10,0.14381000000001468
71,sensor_8,1,0.0007814285714248878
71,sensor_8,2,0.0007361904761880955
71,sensor_8,3,0.0009790476190449859
71,sensor_8,4,0.0011221052631576033
71,sensor_8,5,0.0006633333333442787
71,sensor_8,6,0.0007647619047641354
71,sensor_8,7,0.0008239473684198916
71,sensor_8,8,0.001489999999999222
71,sensor_8,9,0.0005457142857108457
71,sensor_8,10,0.0007490476190445211
71,sensor_9,1,10.108325714286917
71,sensor_9,2,12.216581428572791
71,sensor_9,3,26.838594761902023
71,sensor_9,4,16.62837473684107
71,sensor_9,5,18.642743333334213
71,sensor_9,6,19.191564761898935
71,sensor_9,7,14.776116842100631
71,sensor_9,8,27.551445714300087
71,sensor_9,9,101.1782961904662
71,sensor_9,10,182.21882285715333
71,sensor_10,1,0.0
71,sensor_10,2,0.0
71,sensor_10,3,0.0
71,sensor_10,4,0.0
71,sensor_10,5,0.0
71,sensor_10,6,0.0
71,sensor_10,7,0.0
71,sensor_10,8,0.0
71,sensor_10,9,0.0
71,sensor_10,10,0.0
71,sensor_11,1,0.01489285714285771
71,sensor_11,2,0.007944761904761866
71,sensor_11,3,0.010252857142857124
71,sensor_11,4,0.012147368421052749
71,sensor_11,5,0.011829047619047456
71,sensor_11,6,0.006355714285714094
71,sensor_11,7,0.016856842105262643
71,sensor_11,8,0.009095714285714613
71,sensor_11,9,0.014754761904761951
71,sensor_11,10,0.017091428571429264
71,sensor_12,1,0.05302904761904246
71,sensor_12,2,0.06907619047619182
71,sensor_12,3,0.07550619047619583
71,sensor_12,4,0.08375236842105345
71,sensor_12,5,0.09582285714286917
71,sensor_12,6,0.09635999999998648
71,sensor_12,7,0.04813973684210776
71,sensor_12,8,0.09547904761907829
71,sensor_12,9,0.046054761904761835
71,sensor_12,10,0.10377619047619299
71,sensor_13,1,0.0008299999999997184
71,sensor_13,2,0.0008157142857096279
71,sensor_13,3,0.0004147619047646158
71,sensor_13,4,0.0010576315789461257
71,sensor_13,5,0.0004000000000052145
71,sensor_13,6,0.0011890476190428577
71,sensor_13,7,0.0016273684210517374
71,sensor_13,8,0.000749047619047592
71,sensor_13,9,0.001169047619043654
71,sensor_13,10,0.000716190476190455
71,sensor_14,1,10.892806190477263
71,sensor_14,2,11.8009028571424
71,sensor_14,3,10.325586190475958
71,sensor_14,4,7.9923473684209165
71,sensor_14,5,13.140189047619984
71,sensor_14,6,11.762941428569551
71,sensor_14,7,14.459426052629594
71,sensor_14,8,26.549255714289313
71,sensor_14,9,51.17877142857625
71,sensor_14,10,132.2222061904798
71,sensor_15,1,0.00047631747619047277
71,sensor_15,2,0.0004862433333333551
71,sensor_15,3,0.0003807121428571432
71,sensor_15,4,0.000314533263157894
71,sensor_15,5,0.00033340447619048953
71,sensor_15,6,0.00040772547619047676
71,sensor_15,7,0.00035346765789473906
71,sensor_15,8,0.0005788902857143003
71,sensor_15,9,0.0007976154761904922
71,sensor_15,10,0.0007165486190476505
71,sensor_16,1,0.0
71,sensor_16,2,0.0
71,sensor_16,3,0.0
71,sensor_16,4,0.0
71,sensor_16,5,0.0
71,sensor_16,6,0.0
71,sensor_16,7,0.0
71,sensor_16,8,0.0
71,sensor_16,9,0.0
71,sensor_16,10,0.0
71,sensor_17,1,1.0142857142857102
71,sensor_17,2,0.6476190476190296
71,sensor_17,3,0.6619047619047624
71,sensor_17,4,0.5552631578947463
71,sensor_17,5,0.7904761904761918
71,sensor_17,6,1.4619047619047731
71,sensor_17,7,0.8842105263157896
71,sensor_17,8,1.0904761904761953
71,sensor_17,9,1.1142857142857256
71,sensor_17,10,1.1285714285714197
71,sensor_18,1,0.0
71,sensor_18,2,0.0
71,sensor_18,3,0.0
71,sensor_18,4,0.0
71,sensor_18,5,0.0
71,sensor_18,6,0.0
71,sensor_18,7,0.0
71,sensor_18,8,0.0
71,sensor_18,9,0.0
71,sensor_18,10,0.0
71,sensor_19,1,0.0
71,sensor_19,2,0.0
71,sensor_19,3,0.0
71,sensor_19,4,0.0
71,sensor_19,5,0.0
71,sensor_19,6,0.0
71,sensor_19,7,0.0
71,sensor_19,8,0.0
71,sensor_19,9,0.0
71,sensor_19,10,0.0
71,sensor_20,1,0.013464761904761775
71,sensor_20,2,0.011931428571428478
71,sensor_20,3,0.01187571428571425
71,sensor_20,4,0.01062394736842058
71,sensor_20,5,0.00463476190476186
71,sensor_20,6,0.01176476190476221
71,sensor_20,7,0.009322105263157883
71,sensor_20,8,0.005199047619047461
71,sensor_20,9,0.015584761904761515
71,sensor_20,10,0.022555714285714703
71,sensor_21,1,0.004105634476190721
71,sensor_21,2,0.002512250619047594
71,sensor_21,3,0.00337298433333336
71,sensor_21,4,0.001953782736842088
71,sensor_21,5,0.0020256854761904015
71,sensor_21,6,0.004108970142857266
71,sensor_21,7,0.006961893552631602
71,sensor_21,8,0.004706974000000012
71,sensor_21,9,0.00185663157142857
71,sensor_21,10,0.004337429619047661
72,setting_1,1,2.889090909090909e-06
72,setting_1,2,4.006333333333333e-06
72,setting_1,3,3.7304761904761904e-06
72,setting_1,4,4.080904761904761e-06
72,setting_1,5,4.800606060606061e-06
72,setting_1,6,3.1276190476190473e-06
72,setting_1,7,4.347476190476191e-06
72,setting_1,8,4.10347619047619e-06
72,setting_1,9,4.422333333333335e-06
72,setting_1,10,4.112056277056277e-06
72,setting_2,1,1.0536796536796538e-07
72,setting_2,2,6.090476190476188e-08
72,setting_2,3,7.547619047619048e-08
72,setting_2,4,1.1828571428571428e-07
72,setting_2,5,7.974025974025976e-08
72,setting_2,6,1.242857142857143e-07
72,setting_2,7,8.090476190476191e-08
72,setting_2,8,7.461904761904764e-08
72,setting_2,9,6.728571428571429e-08
72,setting_2,10,8.476190476190477e-08
72,setting_3,1,0.0
72,setting_3,2,0.0
72,setting_3,3,0.0
72,setting_3,4,0.0
72,setting_3,5,0.0
72,setting_3,6,0.0
72,setting_3,7,0.0
72,setting_3,8,0.0
72,setting_3,9,0.0
72,setting_3,10,0.0
72,sensor_1,1,0.0
72,sensor_1,2,0.0
72,sensor_1,3,0.0
72,sensor_1,4,0.0
72,sensor_1,5,0.0
72,sensor_1,6,0.0
72,sensor_1,7,0.0
72,sensor_1,8,0.0
72,sensor_1,9,0.0
72,sensor_1,10,0.0
72,sensor_2,1,0.06655606060606105
72,sensor_2,2,0.07204142857143636
72,sensor_2,3,0.08911571428571101
72,sensor_2,4,0.12732142857142303
72,sensor_2,5,0.10772121212120687
72,sensor_2,6,0.09804619047617082
72,sensor_2,7,0.0683390476190511
72,sensor_2,8,0.09355904761905781
72,sensor_2,9,0.1354961904761942
72,sensor_2,10,0.14301558441559376
72,sensor_3,1,14.839214069264028
72,sensor_3,2,12.24103285714242
72,sensor_3,3,17.02473619047621
72,sensor_3,4,16.530216190475624
72,sensor_3,5,11.97212034632025
72,sensor_3,6,14.309713333333201
72,sensor_3,7,11.50429904761895
72,sensor_3,8,13.411679047618652
72,sensor_3,9,17.20124476190431
72,sensor_3,10,21.38743982683971
72,sensor_4,1,17.764358658008714
72,sensor_4,2,11.118496190476034
72,sensor_4,3,16.362806190476174
72,sensor_4,4,20.372181428571423
72,sensor_4,5,22.53705887445855
72,sensor_4,6,20.80574571428605
72,sensor_4,7,18.27047476190495
72,sensor_4,8,27.72885476190577
72,sensor_4,9,30.758584761904142
72,sensor_4,10,23.945987878787648
72,sensor_5,1,0.0
72,sensor_5,2,0.0
72,sensor_5,3,0.0
72,sensor_5,4,0.0
72,sensor_5,5,0.0
72,sensor_5,6,0.0
72,sensor_5,7,0.0
72,sensor_5,8,0.0
72,sensor_5,9,0.0
72,sensor_5,10,0.0
72,sensor_6,1,4.545454545451094e-06
72,sensor_6,2,0.0
72,sensor_6,3,4.761904761902083e-06
72,sensor_6,4,0.0
72,sensor_6,5,4.5454545454514225e-06
72,sensor_6,6,0.0
72,sensor_6,7,0.0
72,sensor_6,8,0.0
72,sensor_6,9,0.0
72,sensor_6,10,0.0
72,sensor_7,1,0.201755194805201
72,sensor_7,2,0.12009476190474552
72,sensor_7,3,0.04208476190476994
72,sensor_7,4,0.27634285714290213
72,sensor_7,5,0.28963982683982026
72,sensor_7,6,0.17036142857144215
72,sensor_7,7,0.13575999999999797
72,sensor_7,8,0.15922285714284903
72,sensor_7,9,0.11563333333332781
72,sensor_7,10,0.3079333333332849
72,sensor_8,1,0.0007751082251051637
72,sensor_8,2,0.0008161904761851975
72,sensor_8,3,0.0008847619047630204
72,sensor_8,4,0.0012357142857096401
72,sensor_8,5,0.0007664502164462542
72,sensor_8,6,0.0015461904761885918
72,sensor_8,7,0.0004347619047596958
72,sensor_8,8,0.0008533333333312473
72,sensor_8,9,0.0009833333333391335
72,sensor_8,10,0.001453896103894911
72,sensor_9,1,19.58908225107953
72,sensor_9,2,21.097934761908963
72,sensor_9,3,13.265211428574045
72,sensor_9,4,20.122843333330902
72,sensor_9,5,13.232568181819968
72,sensor_9,6,15.25047571428891
72,sensor_9,7,24.947629047618527
72,sensor_9,8,17.4272257142873
72,sensor_9,9,15.151712857141693
72,sensor_9,10,20.713726623375898
72,sensor_10,1,0.0
72,sensor_10,2,0.0
72,sensor_10,3,0.0
72,sensor_10,4,0.0
72,sensor_10,5,0.0
72,sensor_10,6,0.0
72,sensor_10,7,0.0
72,sensor_10,8,0.0
72,sensor_10,9,0.0
72,sensor_10,10,0.0
72,sensor_11,1,0.006567965367964963
72,sensor_11,2,0.0116757142857143
72,sensor_11,3,0.012166190476190534
72,sensor_11,4,0.009863333333333228
72,sensor_11,5,0.005778571428571067
72,sensor_11,6,0.008181428571428544
72,sensor_11,7,0.013366190476190499
72,sensor_11,8,0.01717904761904772
72,sensor_11,9,0.010951428571428539
72,sensor_11,10,0.014936147186147563
72,sensor_12,1,0.04049090909091144
72,sensor_12,2,0.13551571428571052
72,sensor_12,3,0.0643447619047514
72,sensor_12,4,0.10772142857143252
72,sensor_12,5,0.11432056277056199
72,sensor_12,6,0.0727333333333164
72,sensor_12,7,0.05657142857142492
72,sensor_12,8,0.12049619047622477
72,sensor_12,9,0.16550571428568317
72,sensor_12,10,0.13124090909090325
72,sensor_13,1,0.000778354978352236
72,sensor_13,2,0.000831428571424165
72,sensor_13,3,0.0009247619047545827
72,sensor_13,4,0.0009457142857155189
72,sensor_13,5,0.0009075757575673528
72,sensor_13,6,0.0015547619047568146
72,sensor_13,7,0.0008557142857148637
72,sensor_13,8,0.0009290476190444858
72,sensor_13,9,0.0017728571428560157
72,sensor_13,10,0.001137012987010642
72,sensor_14,1,14.728730952384188
72,sensor_14,2,7.1266447619054505
72,sensor_14,3,7.761359047618589
72,sensor_14,4,7.955734761903182
72,sensor_14,5,11.648682467532641
72,sensor_14,6,9.915256190476388
72,sensor_14,7,14.6898800000023
72,sensor_14,8,13.839899047619294
72,sensor_14,9,12.424783333333535
72,sensor_14,10,17.9163290043275
72,sensor_15,1,0.000687939740259764
72,sensor_15,2,0.0003770999047618936
72,sensor_15,3,0.0002050944761904774
72,sensor_15,4,0.0005164564761904911
72,sensor_15,5,0.0002600414718614706
72,sensor_15,6,0.00027251833333332077
72,sensor_15,7,0.0005340399047619011
72,sensor_15,8,0.0003604739047619312
72,sensor_15,9,0.0006460814761904837
72,sensor_15,10,0.0005318253679653421
72,sensor_16,1,0.0
72,sensor_16,2,0.0
72,sensor_16,3,0.0
72,sensor_16,4,0.0
72,sensor_16,5,0.0
72,sensor_16,6,0.0
72,sensor_16,7,0.0
72,sensor_16,8,0.0
72,sensor_16,9,0.0
72,sensor_16,10,0.0
72,sensor_17,1,0.9264069264069292
72,sensor_17,2,0.6476190476190608
72,sensor_17,3,1.061904761904739
72,sensor_17,4,0.6904761904761909
72,sensor_17,5,0.7294372294372151
72,sensor_17,6,0.9904761904761916
72,sensor_17,7,1.061904761904755
72,sensor_17,8,0.6333333333333291
72,sensor_17,9,1.314285714285702
72,sensor_17,10,1.0995670995670723
72,sensor_18,1,0.0
72,sensor_18,2,0.0
72,sensor_18,3,0.0
72,sensor_18,4,0.0
72,sensor_18,5,0.0
72,sensor_18,6,0.0
72,sensor_18,7,0.0
72,sensor_18,8,0.0
72,sensor_18,9,0.0
72,sensor_18,10,0.0
72,sensor_19,1,0.0
72,sensor_19,2,0.0
72,sensor_19,3,0.0
72,sensor_19,4,0.0
72,sensor_19,5,0.0
72,sensor_19,6,0.0
72,sensor_19,7,0.0
72,sensor_19,8,0.0
72,sensor_19,9,0.0
72,sensor_19,10,0.0
72,sensor_20,1,0.006266017316017142
72,sensor_20,2,0.008004761904761846
72,sensor_20,3,0.008373333333333429
72,sensor_20,4,0.011449047619047466
72,sensor_20,5,0.01107186147186164
72,sensor_20,6,0.011346190476190744
72,sensor_20,7,0.0073261904761906665
72,sensor_20,8,0.012044761904761982
72,sensor_20,9,0.012219047619047841
72,sensor_20,10,0.0058874458874458154
72,sensor_21,1,0.005202626168831135
72,sensor_21,2,0.0032936302857143286
72,sensor_21,3,0.0026124234761904504
72,sensor_21,4,0.0038419814761904703
72,sensor_21,5,0.0036454568831169798
72,sensor_21,6,0.0020003872857142415
72,sensor_21,7,0.0031315059047619742
72,sensor_21,8,0.002214605476190669
72,sensor_21,9,0.00361409847619047
72,sensor_21,10,0.003661676558441581
73,setting_1,1,5.096363636363636e-06
73,setting_1,2,3.9306190476190475e-06
73,setting_1,3,3.3736190476190476e-06
73,setting_1,4,4.8294761904761895e-06
73,setting_1,5,3.32017316017316e-06
73,setting_1,6,3.8884761904761904e-06
73,setting_1,7,4.358904761904762e-06
73,setting_1,8,3.1126190476190483e-06
73,setting_1,9,3.512571428571429e-06
73,setting_1,10,4.22452380952381e-06
73,setting_2,1,7.636363636363638e-08
73,setting_2,2,4.357142857142858e-08
73,setting_2,3,1.049047619047619e-07
73,setting_2,4,7.761904761904761e-08
73,setting_2,5,9.670995670995673e-08
73,setting_2,6,9.390476190476191e-08
73,setting_2,7,8e-08
73,setting_2,8,8.233333333333334e-08
73,setting_2,9,7.028571428571429e-08
73,setting_2,10,7.974025974025973e-08
73,setting_3,1,0.0
73,setting_3,2,0.0
73,setting_3,3,0.0
73,setting_3,4,0.0
73,setting_3,5,0.0
73,setting_3,6,0.0
73,setting_3,7,0.0
73,setting_3,8,0.0
73,setting_3,9,0.0
73,setting_3,10,0.0
73,sensor_1,1,0.0
73,sensor_1,2,0.0
73,sensor_1,3,0.0
73,sensor_1,4,0.0
73,sensor_1,5,0.0
73,sensor_1,6,0.0
73,sensor_1,7,0.0
73,sensor_1,8,0.0
73,sensor_1,9,0.0
73,sensor_1,10,0.0
73,sensor_2,1,0.079759307359307
73,sensor_2,2,0.04553476190476013
73,sensor_2,3,0.1150661904761802
73,sensor_2,4,0.08042476190478048
73,sensor_2,5,0.08751341991341183
73,sensor_2,6,0.0906833333333434
73,sensor_2,7,0.1363128571428393
73,sensor_2,8,0.060475714285721724
73,sensor_2,9,0.13578333333331677
73,sensor_2,10,0.12610216450217235
73,sensor_3,1,16.99827900432908
73,sensor_3,2,11.7269747619049
73,sensor_3,3,12.893299047618882
73,sensor_3,4,17.958476190476727
73,sensor_3,5,13.613604545454567
73,sensor_3,6,16.78700333333322
73,sensor_3,7,11.07123333333341
73,sensor_3,8,26.447454761904208
73,sensor_3,9,13.440161428571235
73,sensor_3,10,10.33478787878753
73,sensor_4,1,17.675387878787678
73,sensor_4,2,17.585501428571256
73,sensor_4,3,18.84397619047612
73,sensor_4,4,18.633364761904716
73,sensor_4,5,14.547060822510664
73,sensor_4,6,15.243169047619071
73,sensor_4,7,21.390391428570922
73,sensor_4,8,14.008046190476529
73,sensor_4,9,13.372249047618954
73,sensor_4,10,28.971283116883363
73,sensor_5,1,0.0
73,sensor_5,2,0.0
73,sensor_5,3,0.0
73,sensor_5,4,0.0
73,sensor_5,5,0.0
73,sensor_5,6,0.0
73,sensor_5,7,0.0
73,sensor_5,8,0.0
73,sensor_5,9,0.0
73,sensor_5,10,0.0
73,sensor_6,1,0.0
73,sensor_6,2,0.0
73,sensor_6,3,0.0
73,sensor_6,4,0.0
73,sensor_6,5,0.0
73,sensor_6,6,0.0
73,sensor_6,7,0.0
73,sensor_6,8,0.0
73,sensor_6,9,0.0
73,sensor_6,10,0.0
73,sensor_7,1,0.11727380952382031
73,sensor_7,2,0.17243904761904705
73,sensor_7,3,0.15463333333333168
73,sensor_7,4,0.07799619047618558
73,sensor_7,5,0.14395757575758528
73,sensor_7,6,0.10258571428569288
73,sensor_7,7,0.20514285714285602
73,sensor_7,8,0.16834571428574965
73,sensor_7,9,0.15595619047618733
73,sensor_7,10,0.18029458874458879
73,sensor_8,1,0.0013041125541085718
73,sensor_8,2,0.0015747619047560366
73,sensor_8,3,0.0007861904761874043
73,sensor_8,4,0.0006061904761910835
73,sensor_8,5,0.0005084415584395572
73,sensor_8,6,0.0013347619047641658
73,sensor_8,7,0.0005747619047599351
73,sensor_8,8,0.0007833333333329034
73,sensor_8,9,0.000780000000004647
73,sensor_8,10,0.0008831168831206187
73,sensor_9,1,9.398128354976256
73,sensor_9,2,10.32967285714433
73,sensor_9,3,15.664289047618533
73,sensor_9,4,9.875984761906103
73,sensor_9,5,9.700661688315055
73,sensor_9,6,21.0468161904744
73,sensor_9,7,22.30462476190314
73,sensor_9,8,25.67688571428446
73,sensor_9,9,11.493426190474453
73,sensor_9,10,12.349613203461558
73,sensor_10,1,0.0
73,sensor_10,2,0.0
73,sensor_10,3,0.0
73,sensor_10,4,0.0
73,sensor_10,5,0.0
73,sensor_10,6,0.0
73,sensor_10,7,0.0
73,sensor_10,8,0.0
73,sensor_10,9,0.0
73,sensor_10,10,0.0
73,sensor_11,1,0.006333333333333473
73,sensor_11,2,0.009809047619047558
73,sensor_11,3,0.009249047619047598
73,sensor_11,4,0.01273142857142876
73,sensor_11,5,0.007546536796536708
73,sensor_11,6,0.00875142857142852
73,sensor_11,7,0.010434761904762002
73,sensor_11,8,0.01127476190476215
73,sensor_11,9,0.01090904761904785
73,sensor_11,10,0.008871861471861609
73,sensor_12,1,0.06244090909091962
73,sensor_12,2,0.16900142857142997
73,sensor_12,3,0.09644571428569093
73,sensor_12,4,0.11044571428571781
73,sensor_12,5,0.11726341991341448
73,sensor_12,6,0.098164761904754
73,sensor_12,7,0.068982857142839
73,sensor_12,8,0.0888814285714175
73,sensor_12,9,0.13035476190477058
73,sensor_12,10,0.09922186147186893
73,sensor_13,1,0.0008571428571420279
73,sensor_13,2,0.0004547619047619242
73,sensor_13,3,0.0005714285714286715
73,sensor_13,4,0.0005428571428559803
73,sensor_13,5,0.0009274891774867337
73,sensor_13,6,0.0010461904761882351
73,sensor_13,7,0.0008614285714270738
73,sensor_13,8,0.0006661904761886252
73,sensor_13,9,0.0009257142857192352
73,sensor_13,10,0.002079870129881503
73,sensor_14,1,8.249606277057437
73,sensor_14,2,18.731862857141056
73,sensor_14,3,10.764582857143573
73,sensor_14,4,13.1677590476184
73,sensor_14,5,11.008307575757257
73,sensor_14,6,13.924949047618565
73,sensor_14,7,8.027889047618917
73,sensor_14,8,4.706095714286405
73,sensor_14,9,9.827336190475929
73,sensor_14,10,9.897183766232988
73,sensor_15,1,0.00034012123376622424
73,sensor_15,2,0.0003046603333333362
73,sensor_15,3,0.000432290619047613
73,sensor_15,4,0.00048613347619047044
73,sensor_15,5,0.0003982940259739993
73,sensor_15,6,0.0002975415714285776
73,sensor_15,7,0.00041377090476190395
73,sensor_15,8,0.0003064224761904761
73,sensor_15,9,0.0004903645714285865
73,sensor_15,10,0.0003168503896103862
73,sensor_16,1,0.0
73,sensor_16,2,0.0
73,sensor_16,3,0.0
73,sensor_16,4,0.0
73,sensor_16,5,0.0
73,sensor_16,6,0.0
73,sensor_16,7,0.0
73,sensor_16,8,0.0
73,sensor_16,9,0.0
73,sensor_16,10,0.0
73,sensor_17,1,0.6601731601731606
73,sensor_17,2,0.8476190476190537
73,sensor_17,3,1.214285714285712
73,sensor_17,4,0.9619047619047538
73,sensor_17,5,1.01515151515152
73,sensor_17,6,0.833333333333339
73,sensor_17,7,0.8999999999999947
73,sensor_17,8,1.214285714285713
73,sensor_17,9,1.0142857142857253
73,sensor_17,10,0.7034632034632033
73,sensor_18,1,0.0
73,sensor_18,2,0.0
73,sensor_18,3,0.0
73,sensor_18,4,0.0
73,sensor_18,5,0.0
73,sensor_18,6,0.0
73,sensor_18,7,0.0
73,sensor_18,8,0.0
73,sensor_18,9,0.0
73,sensor_18,10,0.0
73,sensor_19,1,0.0
73,sensor_19,2,0.0
73,sensor_19,3,0.0
73,sensor_19,4,0.0
73,sensor_19,5,0.0
73,sensor_19,6,0.0
73,sensor_19,7,0.0
73,sensor_19,8,0.0
73,sensor_19,9,0.0
73,sensor_19,10,0.0
73,sensor_20,1,0.010995670995670916
73,sensor_20,2,0.007889047619047556
73,sensor_20,3,0.006493333333333443
73,sensor_20,4,0.009776190476190307
73,sensor_20,5,0.011018398268398335
73,sensor_20,6,0.023719047619047078
73,sensor_20,7,0.006463333333333698
73,sensor_20,8,0.016542857142857154
73,sensor_20,9,0.007344761904761868
73,sensor_20,10,0.013884848484848231
73,sensor_21,1,0.003897587272727303
73,sensor_21,2,0.003955450619047578
73,sensor_21,3,0.003302711285714366
73,sensor_21,4,0.0023646324761904744
73,sensor_21,5,0.002540403744588796
73,sensor_21,6,0.002473630333333359
73,sensor_21,7,0.0028951966190476274
73,sensor_21,8,0.004613115571428657
73,sensor_21,9,0.004472043000000033
73,sensor_21,10,0.0037645119480519875
74,setting_1,1,2.673088235294118e-06
74,setting_1,2,3.00014705882353e-06
74,setting_1,3,5.814291666666664e-06
74,setting_1,4,1.8138970588235295e-06
74,setting_1,5,5.909999999999999e-06
74,setting_1,6,5.057352941176472e-06
74,setting_1,7,6.773291666666665e-06
74,setting_1,8,3.858676470588235e-06
74,setting_1,9,2.227833333333333e-06
74,setting_1,10,3.3331617647058824e-06
74,setting_2,1,6.860294117647059e-08
74,setting_2,2,7.74264705882353e-08
74,setting_2,3,7.716666666666668e-08
74,setting_2,4,8.904411764705883e-08
74,setting_2,5,8.266666666666667e-08
74,setting_2,6,6.558823529411764e-08
74,setting_2,7,8e-08
74,setting_2,8,8.867647058823532e-08
74,setting_2,9,8.1625e-08
74,setting_2,10,1.0933823529411765e-07
74,setting_3,1,0.0
74,setting_3,2,0.0
74,setting_3,3,0.0
74,setting_3,4,0.0
74,setting_3,5,0.0
74,setting_3,6,0.0
74,setting_3,7,0.0
74,setting_3,8,0.0
74,setting_3,9,0.0
74,setting_3,10,0.0
74,sensor_1,1,0.0
74,sensor_1,2,0.0
74,sensor_1,3,0.0
74,sensor_1,4,0.0
74,sensor_1,5,0.0
74,sensor_1,6,0.0
74,sensor_1,7,0.0
74,sensor_1,8,0.0
74,sensor_1,9,0.0
74,sensor_1,10,0.0
74,sensor_2,1,0.05762647058823959
74,sensor_2,2,0.06315294117647248
74,sensor_2,3,0.03958499999999803
74,sensor_2,4,0.04543897058824508
74,sensor_2,5,0.08174291666666901
74,sensor_2,6,0.19977573529411913
74,sensor_2,7,0.053086249999997386
74,sensor_2,8,0.07832205882351839
74,sensor_2,9,0.08746499999999693
74,sensor_2,10,0.09521323529414229
74,sensor_3,1,18.937438235293914
74,sensor_3,2,20.31382426470571
74,sensor_3,3,20.329331666667123
74,sensor_3,4,30.893869117646922
74,sensor_3,5,13.784366666666733
74,sensor_3,6,29.4342889705888
74,sensor_3,7,14.878476250000196
74,sensor_3,8,19.812319117647522
74,sensor_3,9,14.438824999999905
74,sensor_3,10,16.76585294117645
74,sensor_4,1,13.474261764706032
74,sensor_4,2,13.138886029411973
74,sensor_4,3,11.433173333333423
74,sensor_4,4,10.635788235294054
74,sensor_4,5,26.58742499999961
74,sensor_4,6,13.450609558823478
74,sensor_4,7,29.75357166666735
74,sensor_4,8,25.201068382352293
74,sensor_4,9,9.100299583333475
74,sensor_4,10,24.49045955882309
74,sensor_5,1,0.0
74,sensor_5,2,0.0
74,sensor_5,3,0.0
74,sensor_5,4,0.0
74,sensor_5,5,0.0
74,sensor_5,6,0.0
74,sensor_5,7,0.0
74,sensor_5,8,0.0
74,sensor_5,9,0.0
74,sensor_5,10,0.0
74,sensor_6,1,0.0
74,sensor_6,2,1.544117647057328e-05
74,sensor_6,3,0.0
74,sensor_6,4,0.0
74,sensor_6,5,0.0
74,sensor_6,6,0.0
74,sensor_6,7,0.0
74,sensor_6,8,0.0
74,sensor_6,9,0.0
74,sensor_6,10,0.0
74,sensor_7,1,0.1780125000000115
74,sensor_7,2,0.10434338235294008
74,sensor_7,3,0.12163958333332185
74,sensor_7,4,0.19596397058824133
74,sensor_7,5,0.21177625000001035
74,sensor_7,6,0.1633389705882672
74,sensor_7,7,0.24535958333329042
74,sensor_7,8,0.1820360294117668
74,sensor_7,9,0.16797958333334867
74,sensor_7,10,0.3966595588235362
74,sensor_8,1,0.00117352941177383
74,sensor_8,2,0.0005558823529432311
74,sensor_8,3,0.0006333333333404255
74,sensor_8,4,0.0010360294117646514
74,sensor_8,5,0.001226250000004313
74,sensor_8,6,0.0008389705882274574
74,sensor_8,7,0.0005666666666583729
74,sensor_8,8,0.0004058823529365739
74,sensor_8,9,0.0006383333333330314
74,sensor_8,10,0.00166911764706984
74,sensor_9,1,25.59469338235214
74,sensor_9,2,28.27942647059046
74,sensor_9,3,15.450306666664273
74,sensor_9,4,20.744936029412223
74,sensor_9,5,10.794222916670586
74,sensor_9,6,21.37439926470389
74,sensor_9,7,15.037598333333735
74,sensor_9,8,22.092375735291977
74,sensor_9,9,28.279526666666822
74,sensor_9,10,11.552811764707393
74,sensor_10,1,0.0
74,sensor_10,2,0.0
74,sensor_10,3,0.0
74,sensor_10,4,0.0
74,sensor_10,5,0.0
74,sensor_10,6,0.0
74,sensor_10,7,0.0
74,sensor_10,8,0.0
74,sensor_10,9,0.0
74,sensor_10,10,0.0
74,sensor_11,1,0.006965441176470514
74,sensor_11,2,0.008405882352941131
74,sensor_11,3,0.005226250000000262
74,sensor_11,4,0.006663235294117612
74,sensor_11,5,0.014619583333333342
74,sensor_11,6,0.014859558823529472
74,sensor_11,7,0.011712916666666634
74,sensor_11,8,0.009898529411764298
74,sensor_11,9,0.010216249999999972
74,sensor_11,10,0.010838970588234461
74,sensor_12,1,0.08950147058822912
74,sensor_12,2,0.10976838235293909
74,sensor_12,3,0.06281291666669397
74,sensor_12,4,0.10570955882352255
74,sensor_12,5,0.11926500000000953
74,sensor_12,6,0.03712794117646655
74,sensor_12,7,0.06361999999999848
74,sensor_12,8,0.12916544117646916
74,sensor_12,9,0.2037850000000186
74,sensor_12,10,0.12795955882350335
74,sensor_13,1,0.0011220588235359502
74,sensor_13,2,0.0006860294117605565
74,sensor_13,3,0.0010383333333298047
74,sensor_13,4,0.0008125000000017311
74,sensor_13,5,0.0005862500000003961
74,sensor_13,6,0.0010742647058824893
74,sensor_13,7,0.0013466666666668125
74,sensor_13,8,0.0011764705882384827
74,sensor_13,9,0.0011933333333326822
74,sensor_13,10,0.0014639705882364884
74,sensor_14,1,8.843113970587996
74,sensor_14,2,11.390773529411751
74,sensor_14,3,10.745773333333355
74,sensor_14,4,13.575600735294618
74,sensor_14,5,13.913553333335159
74,sensor_14,6,8.93312647058642
74,sensor_14,7,15.073322916668651
74,sensor_14,8,8.472886029411953
74,sensor_14,9,10.113891666667216
74,sensor_14,10,13.122255882350098
74,sensor_15,1,0.0006636455882352702
74,sensor_15,2,0.0004481280882352935
74,sensor_15,3,0.00022000600000000433
74,sensor_15,4,0.0006256618382352775
74,sensor_15,5,0.00017875583333332637
74,sensor_15,6,0.0003375651470588374
74,sensor_15,7,0.000213073166666665
74,sensor_15,8,0.00046447514705882334
74,sensor_15,9,0.0005239236250000177
74,sensor_15,10,0.0004563176470588425
74,sensor_16,1,0.0
74,sensor_16,2,0.0
74,sensor_16,3,0.0
74,sensor_16,4,0.0
74,sensor_16,5,0.0
74,sensor_16,6,0.0
74,sensor_16,7,0.0
74,sensor_16,8,0.0
74,sensor_16,9,0.0
74,sensor_16,10,0.0
74,sensor_17,1,0.7426470588235016
74,sensor_17,2,0.7500000000000161
74,sensor_17,3,1.0291666666666788
74,sensor_17,4,1.0147058823529478
74,sensor_17,5,1.0500000000000222
74,sensor_17,6,0.7205882352941204
74,sensor_17,7,0.3999999999999943
74,sensor_17,8,0.6911764705882402
74,sensor_17,9,0.733333333333324
74,sensor_17,10,1.2426470588235472
74,sensor_18,1,0.0
74,sensor_18,2,0.0
74,sensor_18,3,0.0
74,sensor_18,4,0.0
74,sensor_18,5,0.0
74,sensor_18,6,0.0
74,sensor_18,7,0.0
74,sensor_18,8,0.0
74,sensor_18,9,0.0
74,sensor_18,10,0.0
74,sensor_19,1,0.0
74,sensor_19,2,0.0
74,sensor_19,3,0.0
74,sensor_19,4,0.0
74,sensor_19,5,0.0
74,sensor_19,6,0.0
74,sensor_19,7,0.0
74,sensor_19,8,0.0
74,sensor_19,9,0.0
74,sensor_19,10,0.0
74,sensor_20,1,0.012438970588235265
74,sensor_20,2,0.012131617647058843
74,sensor_20,3,0.014286249999999966
74,sensor_20,4,0.011384558823529409
74,sensor_20,5,0.009304999999999768
74,sensor_20,6,0.010488970588235457
74,sensor_20,7,0.012918333333333443
74,sensor_20,8,0.01571838235294165
74,sensor_20,9,0.007486249999999807
74,sensor_20,10,0.009374999999999337
74,sensor_21,1,0.0034837574264705417
74,sensor_21,2,0.002698872352941164
74,sensor_21,3,0.0033048272916666884
74,sensor_21,4,0.004502132426470495
74,sensor_21,5,0.005081821625000159
74,sensor_21,6,0.002838595073529258
74,sensor_21,7,0.0024318012916668187
74,sensor_21,8,0.005012609338235251
74,sensor_21,9,0.006885644291666893
74,sensor_21,10,0.004508347647058711
75,setting_1,1,4.195098814229249e-06
75,setting_1,2,6.594426877470355e-06
75,setting_1,3,3.2062055335968384e-06
75,setting_1,4,4.1015810276679835e-06
75,setting_1,5,3.4171936758893284e-06
75,setting_1,6,4.407294372294372e-06
75,setting_1,7,3.549051383399209e-06
75,setting_1,8,3.4826086956521745e-06
75,setting_1,9,2.4558893280632415e-06
75,setting_1,10,3.2380632411067197e-06
75,setting_2,1,9.264822134387352e-08
75,setting_2,2,8.770750988142292e-08
75,setting_2,3,9.225296442687746e-08
75,setting_2,4,6.968379446640317e-08
75,setting_2,5,8.08300395256917e-08
75,setting_2,6,8.11255411255411e-08
75,setting_2,7,8.98814229249012e-08
75,setting_2,8,1.0936758893280634e-07
75,setting_2,9,9.079051383399208e-08
75,setting_2,10,5.984189723320158e-08
75,setting_3,1,0.0
75,setting_3,2,0.0
75,setting_3,3,0.0
75,setting_3,4,0.0
75,setting_3,5,0.0
75,setting_3,6,0.0
75,setting_3,7,0.0
75,setting_3,8,0.0
75,setting_3,9,0.0
75,setting_3,10,0.0
75,sensor_1,1,0.0
75,sensor_1,2,0.0
75,sensor_1,3,0.0
75,sensor_1,4,0.0
75,sensor_1,5,0.0
75,sensor_1,6,0.0
75,sensor_1,7,0.0
75,sensor_1,8,0.0
75,sensor_1,9,0.0
75,sensor_1,10,0.0
75,sensor_2,1,0.056380237154160934
75,sensor_2,2,0.06568972332016258
75,sensor_2,3,0.0977083003952406
75,sensor_2,4,0.04136047430830876
75,sensor_2,5,0.051417391304358066
75,sensor_2,6,0.1213593073593048
75,sensor_2,7,0.0899019762845901
75,sensor_2,8,0.0767893280632397
75,sensor_2,9,0.1438173913043625
75,sensor_2,10,0.11318102766796721
75,sensor_3,1,12.996354545454642
75,sensor_3,2,16.563509090908983
75,sensor_3,3,17.534303952568838
75,sensor_3,4,20.248049802371096
75,sensor_3,5,21.421333201581554
75,sensor_3,6,19.92540865800816
75,sensor_3,7,19.81923122529634
75,sensor_3,8,9.0685584980245
75,sensor_3,9,23.12573557312245
75,sensor_3,10,14.225484584980068
75,sensor_4,1,20.904986166007973
75,sensor_4,2,16.04309841897231
75,sensor_4,3,12.626186166007928
75,sensor_4,4,14.286740316205105
75,sensor_4,5,17.12733003952641
75,sensor_4,6,13.91078008657997
75,sensor_4,7,15.694870355731922
75,sensor_4,8,22.249090118576504
75,sensor_4,9,18.52296798418941
75,sensor_4,10,18.127420158102655
75,sensor_5,1,0.0
75,sensor_5,2,0.0
75,sensor_5,3,0.0
75,sensor_5,4,0.0
75,sensor_5,5,0.0
75,sensor_5,6,0.0
75,sensor_5,7,0.0
75,sensor_5,8,0.0
75,sensor_5,9,0.0
75,sensor_5,10,0.0
75,sensor_6,1,0.0
75,sensor_6,2,0.0
75,sensor_6,3,0.0
75,sensor_6,4,0.0
75,sensor_6,5,0.0
75,sensor_6,6,0.0
75,sensor_6,7,0.0
75,sensor_6,8,0.0
75,sensor_6,9,0.0
75,sensor_6,10,0.0
75,sensor_7,1,0.08768181818182302
75,sensor_7,2,0.13398023715414656
75,sensor_7,3,0.18072648221341694
75,sensor_7,4,0.1758695652173707
75,sensor_7,5,0.1601450592885414
75,sensor_7,6,0.09356818181818204
75,sensor_7,7,0.13903833992094952
75,sensor_7,8,0.13849525691700137
75,sensor_7,9,0.07479486166008142
75,sensor_7,10,0.15725375494070437
75,sensor_8,1,0.0013976284584943592
75,sensor_8,2,0.0010675889328065366
75,sensor_8,3,0.0007134387351768961
75,sensor_8,4,0.0010118577075003236
75,sensor_8,5,0.0008442687747100372
75,sensor_8,6,0.0010086580086567769
75,sensor_8,7,0.001303952569160565
75,sensor_8,8,0.0009928853754943205
75,sensor_8,9,0.0010521739130453002
75,sensor_8,10,0.001038339920947993
75,sensor_9,1,21.05690790513501
75,sensor_9,2,15.072135573123965
75,sensor_9,3,16.01092252964598
75,sensor_9,4,19.361236363636102
75,sensor_9,5,18.26653517786502
75,sensor_9,6,8.987983766233304
75,sensor_9,7,21.241387351778517
75,sensor_9,8,24.858445059287252
75,sensor_9,9,25.579762055338673
75,sensor_9,10,27.934258893284266
75,sensor_10,1,0.0
75,sensor_10,2,0.0
75,sensor_10,3,0.0
75,sensor_10,4,0.0
75,sensor_10,5,0.0
75,sensor_10,6,0.0
75,sensor_10,7,0.0
75,sensor_10,8,0.0
75,sensor_10,9,0.0
75,sensor_10,10,0.0
75,sensor_11,1,0.01175889328063222
75,sensor_11,2,0.005331620553359843
75,sensor_11,3,0.012139130434782423
75,sensor_11,4,0.008496837944664184
75,sensor_11,5,0.013671146245059574
75,sensor_11,6,0.010816666666666433
75,sensor_11,7,0.010980237154150078
75,sensor_11,8,0.01122411067193631
75,sensor_11,9,0.009880237154150052
75,sensor_11,10,0.017153359683794722
75,sensor_12,1,0.05023320158102931
75,sensor_12,2,0.08077233201579853
75,sensor_12,3,0.056552964426893476
75,sensor_12,4,0.08909525691698891
75,sensor_12,5,0.06528853754940298
75,sensor_12,6,0.09986082251082844
75,sensor_12,7,0.08765454545456004
75,sensor_12,8,0.15593913043480023
75,sensor_12,9,0.04683320158100789
75,sensor_12,10,0.09156640316203606
75,sensor_13,1,0.001485770750980854
75,sensor_13,2,0.00067154150197589
75,sensor_13,3,0.0013992094861630224
75,sensor_13,4,0.0008173913043438036
75,sensor_13,5,0.0011703557312239014
75,sensor_13,6,0.0009456709956651198
75,sensor_13,7,0.0011984189723259048
75,sensor_13,8,0.0008422924901204228
75,sensor_13,9,0.0007818181818188046
75,sensor_13,10,0.0008110671936758458
75,sensor_14,1,7.740208300394943
75,sensor_14,2,10.228798418972843
75,sensor_14,3,11.924148221342989
75,sensor_14,4,10.528650988141528
75,sensor_14,5,16.34855415019855
75,sensor_14,6,13.34130844155833
75,sensor_14,7,15.946663241106755
75,sensor_14,8,12.403445454544515
75,sensor_14,9,10.574816600790124
75,sensor_14,10,10.068262845849404
75,sensor_15,1,0.0004037804347825994
75,sensor_15,2,0.000531851660079045
75,sensor_15,3,0.00026582806324110155
75,sensor_15,4,0.00044539249011857574
75,sensor_15,5,0.0005006805928853445
75,sensor_15,6,0.0004964102380952498
75,sensor_15,7,0.0003433538339920896
75,sensor_15,8,0.0004060375494071136
75,sensor_15,9,0.0008239192885375573
75,sensor_15,10,0.0003273017786561374
75,sensor_16,1,0.0
75,sensor_16,2,0.0
75,sensor_16,3,0.0
75,sensor_16,4,0.0
75,sensor_16,5,0.0
75,sensor_16,6,0.0
75,sensor_16,7,0.0
75,sensor_16,8,0.0
75,sensor_16,9,0.0
75,sensor_16,10,0.0
75,sensor_17,1,1.1818181818181706
75,sensor_17,2,0.8458498023715406
75,sensor_17,3,0.679841897233196
75,sensor_17,4,0.9881422924901024
75,sensor_17,5,1.173913043478265
75,sensor_17,6,0.5389610389610449
75,sensor_17,7,1.019762845849816
75,sensor_17,8,0.8616600790514043
75,sensor_17,9,0.9051383399209361
75,sensor_17,10,0.8616600790513806
75,sensor_18,1,0.0
75,sensor_18,2,0.0
75,sensor_18,3,0.0
75,sensor_18,4,0.0
75,sensor_18,5,0.0
75,sensor_18,6,0.0
75,sensor_18,7,0.0
75,sensor_18,8,0.0
75,sensor_18,9,0.0
75,sensor_18,10,0.0
75,sensor_19,1,0.0
75,sensor_19,2,0.0
75,sensor_19,3,0.0
75,sensor_19,4,0.0
75,sensor_19,5,0.0
75,sensor_19,6,0.0
75,sensor_19,7,0.0
75,sensor_19,8,0.0
75,sensor_19,9,0.0
75,sensor_19,10,0.0
75,sensor_20,1,0.012215810276679522
75,sensor_20,2,0.0073996047430830185
75,sensor_20,3,0.012061264822134236
75,sensor_20,4,0.008752964426877513
75,sensor_20,5,0.009313043478260931
75,sensor_20,6,0.012479004329004194
75,sensor_20,7,0.006792885375494042
75,sensor_20,8,0.017402766798418682
75,sensor_20,9,0.012589723320158662
75,sensor_20,10,0.007529249011857895
75,sensor_21,1,0.005038232213438755
75,sensor_21,2,0.0033429054545453985
75,sensor_21,3,0.0034841658498023956
75,sensor_21,4,0.0028246290513833923
75,sensor_21,5,0.007943283478260855
75,sensor_21,6,0.002967458008658002
75,sensor_21,7,0.0035547043873517953
75,sensor_21,8,0.004865618142292346
75,sensor_21,9,0.003945557233201634
75,sensor_21,10,0.0028752275494071614
76,setting_1,1,4.765904761904761e-06
76,setting_1,2,6.966619047619048e-06
76,setting_1,3,3.4829047619047624e-06
76,setting_1,4,4.9366190476190486e-06
76,setting_1,5,4.695571428571429e-06
76,setting_1,6,3.957285714285714e-06
76,setting_1,7,6.29147619047619e-06
76,setting_1,8,4.240619047619049e-06
76,setting_1,9,3.4749047619047622e-06
76,setting_1,10,5.820619047619047e-06
76,setting_2,1,9.047619047619047e-08
76,setting_2,2,6.161904761904761e-08
76,setting_2,3,1.0333333333333333e-07
76,setting_2,4,7.99047619047619e-08
76,setting_2,5,6.861904761904762e-08
76,setting_2,6,6.76190476190476e-08
76,setting_2,7,6.247619047619049e-08
76,setting_2,8,8.147619047619047e-08
76,setting_2,9,8.528571428571429e-08
76,setting_2,10,7.790476190476191e-08
76,setting_3,1,0.0
76,setting_3,2,0.0
76,setting_3,3,0.0
76,setting_3,4,0.0
76,setting_3,5,0.0
76,setting_3,6,0.0
76,setting_3,7,0.0
76,setting_3,8,0.0
76,setting_3,9,0.0
76,setting_3,10,0.0
76,sensor_1,1,0.0
76,sensor_1,2,0.0
76,sensor_1,3,0.0
76,sensor_1,4,0.0
76,sensor_1,5,0.0
76,sensor_1,6,0.0
76,sensor_1,7,0.0
76,sensor_1,8,0.0
76,sensor_1,9,0.0
76,sensor_1,10,0.0
76,sensor_2,1,0.05640904761904932
76,sensor_2,2,0.10774142857143268
76,sensor_2,3,0.09373619047621115
76,sensor_2,4,0.1062828571428605
76,sensor_2,5,0.10699285714285964
76,sensor_2,6,0.19875142857141123
76,sensor_2,7,0.04952285714285991
76,sensor_2,8,0.044204761904764044
76,sensor_2,9,0.05994619047618536
76,sensor_2,10,0.07523333333333908
76,sensor_3,1,26.50996476190496
76,sensor_3,2,16.379166190476294
76,sensor_3,3,13.846794761904704
76,sensor_3,4,19.1864914285716
76,sensor_3,5,12.685202857142675
76,sensor_3,6,16.720891428571186
76,sensor_3,7,20.262234761904512
76,sensor_3,8,17.67724142857169
76,sensor_3,9,14.838029047619745
76,sensor_3,10,11.517739047618072
76,sensor_4,1,8.808469047618852
76,sensor_4,2,10.789815714285806
76,sensor_4,3,20.96098904761921
76,sensor_4,4,19.490753333333807
76,sensor_4,5,19.133141428571612
76,sensor_4,6,20.796542857142438
76,sensor_4,7,27.266232857142494
76,sensor_4,8,23.316189047619297
76,sensor_4,9,23.313099047619072
76,sensor_4,10,21.92417904761907
76,sensor_5,1,0.0
76,sensor_5,2,0.0
76,sensor_5,3,0.0
76,sensor_5,4,0.0
76,sensor_5,5,0.0
76,sensor_5,6,0.0
76,sensor_5,7,0.0
76,sensor_5,8,0.0
76,sensor_5,9,0.0
76,sensor_5,10,0.0
76,sensor_6,1,0.0
76,sensor_6,2,0.0
76,sensor_6,3,0.0
76,sensor_6,4,0.0
76,sensor_6,5,0.0
76,sensor_6,6,0.0
76,sensor_6,7,0.0
76,sensor_6,8,0.0
76,sensor_6,9,0.0
76,sensor_6,10,0.0
76,sensor_7,1,0.12426476190477964
76,sensor_7,2,0.18558619047618524
76,sensor_7,3,0.12161142857142652
76,sensor_7,4,0.25607142857143583
76,sensor_7,5,0.10197619047619555
76,sensor_7,6,0.16240904761904046
76,sensor_7,7,0.16133476190474536
76,sensor_7,8,0.1523547619047667
76,sensor_7,9,0.13084333333335119
76,sensor_7,10,0.23933333333336249
76,sensor_8,1,0.0011214285714303564
76,sensor_8,2,0.0005790476190470464
76,sensor_8,3,0.0005347619047595083
76,sensor_8,4,0.0007033333333384497
76,sensor_8,5,0.0007390476190474171
76,sensor_8,6,0.001166190476190441
76,sensor_8,7,0.0018157142857055727
76,sensor_8,8,0.0006014285714287257
76,sensor_8,9,0.0012561904761827112
76,sensor_8,10,0.000626190476200757
76,sensor_9,1,26.449039047626734
76,sensor_9,2,17.51308571428587
76,sensor_9,3,20.037089047616437
76,sensor_9,4,19.401953333332663
76,sensor_9,5,7.393289047619919
76,sensor_9,6,5.14785476190578
76,sensor_9,7,14.637074761904056
76,sensor_9,8,19.912832857143098
76,sensor_9,9,17.31423904762105
76,sensor_9,10,18.614955714287124
76,sensor_10,1,0.0
76,sensor_10,2,0.0
76,sensor_10,3,0.0
76,sensor_10,4,0.0
76,sensor_10,5,0.0
76,sensor_10,6,0.0
76,sensor_10,7,0.0
76,sensor_10,8,0.0
76,sensor_10,9,0.0
76,sensor_10,10,0.0
76,sensor_11,1,0.01198619047619071
76,sensor_11,2,0.012584761904761618
76,sensor_11,3,0.008916190476190492
76,sensor_11,4,0.014346190476190198
76,sensor_11,5,0.02247285714285689
76,sensor_11,6,0.008226190476190987
76,sensor_11,7,0.005711428571428643
76,sensor_11,8,0.016594761904762036
76,sensor_11,9,0.017702857142857204
76,sensor_11,10,0.013715714285714563
76,sensor_12,1,0.07240285714287034
76,sensor_12,2,0.06510333333334331
76,sensor_12,3,0.1145857142857187
76,sensor_12,4,0.07238476190476316
76,sensor_12,5,0.07531142857142097
76,sensor_12,6,0.08285142857144098
76,sensor_12,7,0.07249476190476375
76,sensor_12,8,0.07704904761905143
76,sensor_12,9,0.2093399999999881
76,sensor_12,10,0.07480619047616446
76,sensor_13,1,0.0005428571428556877
76,sensor_13,2,0.0006199999999958307
76,sensor_13,3,0.0012347619047565783
76,sensor_13,4,0.0010833333333303567
76,sensor_13,5,0.000602857142856085
76,sensor_13,6,0.0007699999999887998
76,sensor_13,7,0.0015199999999956058
76,sensor_13,8,0.0007233333333345057
76,sensor_13,9,0.0009147619047605396
76,sensor_13,10,0.0009133333333416734
76,sensor_14,1,9.91968904761993
76,sensor_14,2,7.191495714286077
76,sensor_14,3,17.101935714284668
76,sensor_14,4,8.470655714285915
76,sensor_14,5,8.723395714284814
76,sensor_14,6,10.124744761906225
76,sensor_14,7,7.580989047618923
76,sensor_14,8,9.229826190475421
76,sensor_14,9,9.79309571428524
76,sensor_14,10,9.70887333333302
76,sensor_15,1,0.0004852864761904615
76,sensor_15,2,0.00048094390476194115
76,sensor_15,3,0.0005090836190476315
76,sensor_15,4,0.0003818929047619065
76,sensor_15,5,0.0003139399047618995
76,sensor_15,6,9.566490476191209e-05
76,sensor_15,7,0.0003911805714285767
76,sensor_15,8,0.0005098119047619126
76,sensor_15,9,0.00042799461904764844
76,sensor_15,10,0.00033657547619048557
76,sensor_16,1,0.0
76,sensor_16,2,0.0
76,sensor_16,3,0.0
76,sensor_16,4,0.0
76,sensor_16,5,0.0
76,sensor_16,6,0.0
76,sensor_16,7,0.0
76,sensor_16,8,0.0
76,sensor_16,9,0.0
76,sensor_16,10,0.0
76,sensor_17,1,0.7476190476190518
76,sensor_17,2,0.9476190476190476
76,sensor_17,3,0.7285714285714238
76,sensor_17,4,1.4476190476190265
76,sensor_17,5,0.49047619047618446
76,sensor_17,6,0.4904761904762209
76,sensor_17,7,1.3619047619047164
76,sensor_17,8,1.3142857142857112
76,sensor_17,9,1.1285714285714232
76,sensor_17,10,1.2904761904761872
76,sensor_18,1,0.0
76,sensor_18,2,0.0
76,sensor_18,3,0.0
76,sensor_18,4,0.0
76,sensor_18,5,0.0
76,sensor_18,6,0.0
76,sensor_18,7,0.0
76,sensor_18,8,0.0
76,sensor_18,9,0.0
76,sensor_18,10,0.0
76,sensor_19,1,0.0
76,sensor_19,2,0.0
76,sensor_19,3,0.0
76,sensor_19,4,0.0
76,sensor_19,5,0.0
76,sensor_19,6,0.0
76,sensor_19,7,0.0
76,sensor_19,8,0.0
76,sensor_19,9,0.0
76,sensor_19,10,0.0
76,sensor_20,1,0.010624761904762085
76,sensor_20,2,0.004709047619047726
76,sensor_20,3,0.016666190476190536
76,sensor_20,4,0.011379999999999951
76,sensor_20,5,0.012504761904761949
76,sensor_20,6,0.004649047619047638
76,sensor_20,7,0.00907619047619038
76,sensor_20,8,0.013114761904761773
76,sensor_20,9,0.011033333333333391
76,sensor_20,10,0.008046190476190556
76,sensor_21,1,0.003419923619047681
76,sensor_21,2,0.0028457546190475747
76,sensor_21,3,0.005335363142857094
76,sensor_21,4,0.0036823679047619296
76,sensor_21,5,0.0038889865714286146
76,sensor_21,6,0.003695946904761882
76,sensor_21,7,0.002760910619047649
76,sensor_21,8,0.00297677428571424
76,sensor_21,9,0.0016697509047618585
76,sensor_21,10,0.0027447623333334533
77,setting_1,1,5.271625e-06
77,setting_1,2,6.849809523809525e-06
77,setting_1,3,3.519238095238096e-06
77,setting_1,4,3.869291666666667e-06
77,setting_1,5,5.264285714285715e-06
77,setting_1,6,9.307809523809524e-06
77,setting_1,7,4.3598333333333336e-06
77,setting_1,8,7.0638095238095254e-06
77,setting_1,9,6.638380952380951e-06
77,setting_1,10,4.01e-06
77,setting_2,1,7.866666666666667e-08
77,setting_2,2,5.5523809523809526e-08
77,setting_2,3,9.523809523809524e-08
77,setting_2,4,8.095833333333332e-08
77,setting_2,5,1.4352380952380952e-07
77,setting_2,6,9.980952380952382e-08
77,setting_2,7,5.583333333333334e-08
77,setting_2,8,9.209523809523809e-08
77,setting_2,9,8.971428571428571e-08
77,setting_2,10,1.1062499999999999e-07
77,setting_3,1,0.0
77,setting_3,2,0.0
77,setting_3,3,0.0
77,setting_3,4,0.0
77,setting_3,5,0.0
77,setting_3,6,0.0
77,setting_3,7,0.0
77,setting_3,8,0.0
77,setting_3,9,0.0
77,setting_3,10,0.0
77,sensor_1,1,0.0
77,sensor_1,2,0.0
77,sensor_1,3,0.0
77,sensor_1,4,0.0
77,sensor_1,5,0.0
77,sensor_1,6,0.0
77,sensor_1,7,0.0
77,sensor_1,8,0.0
77,sensor_1,9,0.0
77,sensor_1,10,0.0
77,sensor_2,1,0.11607625000001066
77,sensor_2,2,0.0406885714285765
77,sensor_2,3,0.07829809523809092
77,sensor_2,4,0.07568666666666803
77,sensor_2,5,0.05389809523810796
77,sensor_2,6,0.17124571428570642
77,sensor_2,7,0.07086666666666389
77,sensor_2,8,0.044898095238094675
77,sensor_2,9,0.09310952380953827
77,sensor_2,10,0.10198666666667357
77,sensor_3,1,10.748479583333797
77,sensor_3,2,12.659280952380962
77,sensor_3,3,15.622840952380864
77,sensor_3,4,29.34587833333317
77,sensor_3,5,10.62068857142867
77,sensor_3,6,31.99356952380972
77,sensor_3,7,13.51658958333339
77,sensor_3,8,17.218445714285995
77,sensor_3,9,33.6536742857142
77,sensor_3,10,22.134939583333058
77,sensor_4,1,17.506132916666054
77,sensor_4,2,11.092398095237883
77,sensor_4,3,11.772095238095066
77,sensor_4,4,15.60821291666651
77,sensor_4,5,12.006488571428472
77,sensor_4,6,4.7927409523808135
77,sensor_4,7,14.268985000000317
77,sensor_4,8,18.287823809523548
77,sensor_4,9,13.18239523809503
77,sensor_4,10,13.038339583333286
77,sensor_5,1,0.0
77,sensor_5,2,0.0
77,sensor_5,3,0.0
77,sensor_5,4,0.0
77,sensor_5,5,0.0
77,sensor_5,6,0.0
77,sensor_5,7,0.0
77,sensor_5,8,0.0
77,sensor_5,9,0.0
77,sensor_5,10,0.0
77,sensor_6,1,0.0
77,sensor_6,2,6.6666666666662135e-06
77,sensor_6,3,0.0
77,sensor_6,4,0.0
77,sensor_6,5,0.0
77,sensor_6,6,0.0
77,sensor_6,7,0.0
77,sensor_6,8,0.0
77,sensor_6,9,0.0
77,sensor_6,10,0.0
77,sensor_7,1,0.134866249999987
77,sensor_7,2,0.14642857142857948
77,sensor_7,3,0.06860666666664732
77,sensor_7,4,0.11885166666668583
77,sensor_7,5,0.1456923809523672
77,sensor_7,6,0.12564571428570145
77,sensor_7,7,0.14651833333332107
77,sensor_7,8,0.34620952380949316
77,sensor_7,9,0.09992571428570644
77,sensor_7,10,0.18990291666664852
77,sensor_8,1,0.0010495833333288842
77,sensor_8,2,0.0008380952380917524
77,sensor_8,3,0.000480952380950704
77,sensor_8,4,0.0010399999999960617
77,sensor_8,5,0.0006209523809538743
77,sensor_8,6,0.0008028571428504528
77,sensor_8,7,0.0004916666666673796
77,sensor_8,8,0.0010695238095238216
77,sensor_8,9,0.0005066666666660066
77,sensor_8,10,0.0012000000000106652
77,sensor_9,1,12.58152291667239
77,sensor_9,2,24.93566952380482
77,sensor_9,3,13.016866666666164
77,sensor_9,4,36.3178529166666
77,sensor_9,5,29.176169523808827
77,sensor_9,6,17.158312380950928
77,sensor_9,7,17.284512916665488
77,sensor_9,8,12.56157809524099
77,sensor_9,9,23.326555238096603
77,sensor_9,10,24.961346250008372
77,sensor_10,1,0.0
77,sensor_10,2,0.0
77,sensor_10,3,0.0
77,sensor_10,4,0.0
77,sensor_10,5,0.0
77,sensor_10,6,0.0
77,sensor_10,7,0.0
77,sensor_10,8,0.0
77,sensor_10,9,0.0
77,sensor_10,10,0.0
77,sensor_11,1,0.009626249999999842
77,sensor_11,2,0.017478095238095227
77,sensor_11,3,0.011223809523809636
77,sensor_11,4,0.009546666666666755
77,sensor_11,5,0.006995238095237809
77,sensor_11,6,0.009695238095238012
77,sensor_11,7,0.022558333333333413
77,sensor_11,8,0.011640952380952111
77,sensor_11,9,0.00865238095238052
77,sensor_11,10,0.0154762500000008
77,sensor_12,1,0.15157166666666316
77,sensor_12,2,0.10644000000001409
77,sensor_12,3,0.10892666666666644
77,sensor_12,4,0.08827833333332942
77,sensor_12,5,0.19285238095237875
77,sensor_12,6,0.04602666666667188
77,sensor_12,7,0.14438500000000262
77,sensor_12,8,0.18064095238096828
77,sensor_12,9,0.07153523809523923
77,sensor_12,10,0.189453333333362
77,sensor_13,1,0.00041333333333638204
77,sensor_13,2,0.0008142857142919126
77,sensor_13,3,0.0008380952380921535
77,sensor_13,4,0.0006999999999996725
77,sensor_13,5,0.0007352380952346373
77,sensor_13,6,0.0012599999999958666
77,sensor_13,7,0.00034625000000403186
77,sensor_13,8,0.001068571428569969
77,sensor_13,9,0.001157142857135156
77,sensor_13,10,0.0018962499999997245
77,sensor_14,1,4.789019999999394
77,sensor_14,2,7.783331428571374
77,sensor_14,3,3.0131123809531197
77,sensor_14,4,14.075296249999784
77,sensor_14,5,12.228155238093835
77,sensor_14,6,11.11054952380972
77,sensor_14,7,9.304424999999558
77,sensor_14,8,10.35024000000017
77,sensor_14,9,8.441563809523153
77,sensor_14,10,15.430891666666591
77,sensor_15,1,0.0005481612916666539
77,sensor_15,2,0.0004463555238095153
77,sensor_15,3,0.0004997625714285762
77,sensor_15,4,0.0005283379583333369
77,sensor_15,5,0.0002238140952381065
77,sensor_15,6,0.0003254723809523825
77,sensor_15,7,0.00031384629166667313
77,sensor_15,8,0.0001929768571428533
77,sensor_15,9,0.00035690000000000304
77,sensor_15,10,0.00042650400000000674
77,sensor_16,1,0.0
77,sensor_16,2,0.0
77,sensor_16,3,0.0
77,sensor_16,4,0.0
77,sensor_16,5,0.0
77,sensor_16,6,0.0
77,sensor_16,7,0.0
77,sensor_16,8,0.0
77,sensor_16,9,0.0
77,sensor_16,10,0.0
77,sensor_17,1,0.8958333333333267
77,sensor_17,2,0.6666666666666584
77,sensor_17,3,0.5714285714285515
77,sensor_17,4,1.5291666666666737
77,sensor_17,5,0.9523809523809563
77,sensor_17,6,1.2095238095238243
77,sensor_17,7,1.2000000000000015
77,sensor_17,8,0.552380952380972
77,sensor_17,9,1.2095238095238003
77,sensor_17,10,1.4625000000000081
77,sensor_18,1,0.0
77,sensor_18,2,0.0
77,sensor_18,3,0.0
77,sensor_18,4,0.0
77,sensor_18,5,0.0
77,sensor_18,6,0.0
77,sensor_18,7,0.0
77,sensor_18,8,0.0
77,sensor_18,9,0.0
77,sensor_18,10,0.0
77,sensor_19,1,0.0
77,sensor_19,2,0.0
77,sensor_19,3,0.0
77,sensor_19,4,0.0
77,sensor_19,5,0.0
77,sensor_19,6,0.0
77,sensor_19,7,0.0
77,sensor_19,8,0.0
77,sensor_19,9,0.0
77,sensor_19,10,0.0
77,sensor_20,1,0.009238333333333586
77,sensor_20,2,0.011283809523809684
77,sensor_20,3,0.017692380952380977
77,sensor_20,4,0.012184999999999545
77,sensor_20,5,0.02041238095238108
77,sensor_20,6,0.006097142857142689
77,sensor_20,7,0.0144783333333333
77,sensor_20,8,0.012357142857143117
77,sensor_20,9,0.022178095238094404
77,sensor_20,10,0.018259583333333985
77,sensor_21,1,0.0059892986250000505
77,sensor_21,2,0.0025651471428571695
77,sensor_21,3,0.0032024240952379835
77,sensor_21,4,0.009736825291666616
77,sensor_21,5,0.002218035714285718
77,sensor_21,6,0.0037268811428572165
77,sensor_21,7,0.004975144291666767
77,sensor_21,8,0.002008686857142818
77,sensor_21,9,0.002616470285714197
77,sensor_21,10,0.003908403625000105
78,setting_1,1,4.731721014492753e-06
78,setting_1,2,6.175415019762844e-06
78,setting_1,3,4.823478260869565e-06
78,setting_1,4,4.929525691699604e-06
78,setting_1,5,4.865454545454547e-06
78,setting_1,6,4.2802766798418975e-06
78,setting_1,7,5.017193675889329e-06
78,setting_1,8,8.543636363636361e-06
78,setting_1,9,4.4977075098814235e-06
78,setting_1,10,4.19897233201581e-06
78,setting_2,1,8.346014492753622e-08
78,setting_2,2,1.1173913043478262e-07
78,setting_2,3,6.968379446640315e-08
78,setting_2,4,8.043478260869565e-08
78,setting_2,5,8.083003952569171e-08
78,setting_2,6,1.1083003952569172e-07
78,setting_2,7,6.418972332015812e-08
78,setting_2,8,8.363636363636364e-08
78,setting_2,9,6.877470355731226e-08
78,setting_2,10,6.83794466403162e-08
78,setting_3,1,0.0
78,setting_3,2,0.0
78,setting_3,3,0.0
78,setting_3,4,0.0
78,setting_3,5,0.0
78,setting_3,6,0.0
78,setting_3,7,0.0
78,setting_3,8,0.0
78,setting_3,9,0.0
78,setting_3,10,0.0
78,sensor_1,1,0.0
78,sensor_1,2,0.0
78,sensor_1,3,0.0
78,sensor_1,4,0.0
78,sensor_1,5,0.0
78,sensor_1,6,0.0
78,sensor_1,7,0.0
78,sensor_1,8,0.0
78,sensor_1,9,0.0
78,sensor_1,10,0.0
78,sensor_2,1,0.07474710144927625
78,sensor_2,2,0.08836363636362393
78,sensor_2,3,0.06622411067193788
78,sensor_2,4,0.1165268774703609
78,sensor_2,5,0.14114980237155972
78,sensor_2,6,0.049802766798415825
78,sensor_2,7,0.06941699604743827
78,sensor_2,8,0.07865731225298546
78,sensor_2,9,0.08443320158103752
78,sensor_2,10,0.1106118577074949
78,sensor_3,1,22.04946068840537
78,sensor_3,2,15.424726877470533
78,sensor_3,3,19.29832015810291
78,sensor_3,4,17.513183794466155
78,sensor_3,5,12.442962450592352
78,sensor_3,6,20.641270355730764
78,sensor_3,7,20.239990909090803
78,sensor_3,8,15.213094861660084
78,sensor_3,9,14.124353754940474
78,sensor_3,10,14.840494861659751
78,sensor_4,1,11.375584782608758
78,sensor_4,2,22.442258893280588
78,sensor_4,3,22.129061264822244
78,sensor_4,4,15.033749802371773
78,sensor_4,5,12.959162845849603
78,sensor_4,6,16.654465612647616
78,sensor_4,7,12.701616996047195
78,sensor_4,8,23.59632924901191
78,sensor_4,9,22.777942292490614
78,sensor_4,10,29.968993675890307
78,sensor_5,1,0.0
78,sensor_5,2,0.0
78,sensor_5,3,0.0
78,sensor_5,4,0.0
78,sensor_5,5,0.0
78,sensor_5,6,0.0
78,sensor_5,7,0.0
78,sensor_5,8,0.0
78,sensor_5,9,0.0
78,sensor_5,10,0.0
78,sensor_6,1,1.9565217391292315e-05
78,sensor_6,2,1.5019762845842292e-05
78,sensor_6,3,1.185770750986907e-05
78,sensor_6,4,1.5019762845844478e-05
78,sensor_6,5,4.347826086953439e-06
78,sensor_6,6,8.300395256916293e-06
78,sensor_6,7,4.347826086955281e-06
78,sensor_6,8,0.0
78,sensor_6,9,0.0
78,sensor_6,10,0.0
78,sensor_7,1,0.18057373188413103
78,sensor_7,2,0.18479960474308788
78,sensor_7,3,0.15822094861658786
78,sensor_7,4,0.11528577075099333
78,sensor_7,5,0.13598102766796547
78,sensor_7,6,0.2011027667984206
78,sensor_7,7,0.13283478260871637
78,sensor_7,8,0.3391754940711765
78,sensor_7,9,0.21908932806322093
78,sensor_7,10,0.3261541501976023
78,sensor_8,1,0.0011389492753645074
78,sensor_8,2,0.001015019762848648
78,sensor_8,3,0.0010857707509835312
78,sensor_8,4,0.0009146245059210124
78,sensor_8,5,0.0010521739130381522
78,sensor_8,6,0.001039130434780655
78,sensor_8,7,0.0009612648221372394
78,sensor_8,8,0.0007359683794479466
78,sensor_8,9,0.0006612648221340293
78,sensor_8,10,0.0010845849802357881
78,sensor_9,1,21.139034601442773
78,sensor_9,2,14.902908300396058
78,sensor_9,3,17.36158932806256
78,sensor_9,4,18.47549841897539
78,sensor_9,5,10.985616996048714
78,sensor_9,6,15.449772332016995
78,sensor_9,7,18.52318932806042
78,sensor_9,8,16.140407509881612
78,sensor_9,9,25.714440711468512
78,sensor_9,10,43.970066403166356
78,sensor_10,1,0.0
78,sensor_10,2,0.0
78,sensor_10,3,0.0
78,sensor_10,4,0.0
78,sensor_10,5,0.0
78,sensor_10,6,0.0
78,sensor_10,7,0.0
78,sensor_10,8,0.0
78,sensor_10,9,0.0
78,sensor_10,10,0.0
78,sensor_11,1,0.009901449275362418
78,sensor_11,2,0.009044664031620752
78,sensor_11,3,0.012062055335968509
78,sensor_11,4,0.01817707509881415
78,sensor_11,5,0.012207905138340164
78,sensor_11,6,0.011405928853755078
78,sensor_11,7,0.01051343873517795
78,sensor_11,8,0.014622134387352121
78,sensor_11,9,0.01500790513833939
78,sensor_11,10,0.014892885375494885
78,sensor_12,1,0.12691521739131129
78,sensor_12,2,0.05522569169958966
78,sensor_12,3,0.08241739130435599
78,sensor_12,4,0.11328063241105966
78,sensor_12,5,0.10092569169960203
78,sensor_12,6,0.07972411067194424
78,sensor_12,7,0.08482094861659668
78,sensor_12,8,0.082035968379442
78,sensor_12,9,0.1608928853754857
78,sensor_12,10,0.18521739130431672
78,sensor_13,1,0.0005780797101510232
78,sensor_13,2,0.0016039525691701534
78,sensor_13,3,0.0006901185770775245
78,sensor_13,4,0.000990118577085446
78,sensor_13,5,0.0008679841897277028
78,sensor_13,6,0.0006225296442698638
78,sensor_13,7,0.0009565217391224898
78,sensor_13,8,0.0007996047430802879
78,sensor_13,9,0.0012043478260799797
78,sensor_13,10,0.0015541501976190676
78,sensor_14,1,8.244738949275126
78,sensor_14,2,9.048226482213256
78,sensor_14,3,13.99097826086887
78,sensor_14,4,12.229942292490371
78,sensor_14,5,12.085649802371167
78,sensor_14,6,14.564801976284622
78,sensor_14,7,6.173323715415872
78,sensor_14,8,9.362474703558052
78,sensor_14,9,11.49723162055733
78,sensor_14,10,15.475440711463671
78,sensor_15,1,0.0007781207971014459
78,sensor_15,2,0.0006073215810276597
78,sensor_15,3,0.0003156662055336095
78,sensor_15,4,0.0004888699604743122
78,sensor_15,5,0.00043626782608693606
78,sensor_15,6,0.00047939083003951477
78,sensor_15,7,0.00033954150197628113
78,sensor_15,8,0.00035218897233201885
78,sensor_15,9,0.00021281857707510025
78,sensor_15,10,0.0007174044268774307
78,sensor_16,1,0.0
78,sensor_16,2,0.0
78,sensor_16,3,0.0
78,sensor_16,4,0.0
78,sensor_16,5,0.0
78,sensor_16,6,0.0
78,sensor_16,7,0.0
78,sensor_16,8,0.0
78,sensor_16,9,0.0
78,sensor_16,10,0.0
78,sensor_17,1,0.5797101449275393
78,sensor_17,2,0.988142292490118
78,sensor_17,3,0.6007905138339988
78,sensor_17,4,0.9841897233201581
78,sensor_17,5,0.7272727272727176
78,sensor_17,6,1.1739130434782648
78,sensor_17,7,0.814229249011841
78,sensor_17,8,0.719367588932802
78,sensor_17,9,0.81027667984187
78,sensor_17,10,0.7944664031620434
78,sensor_18,1,0.0
78,sensor_18,2,0.0
78,sensor_18,3,0.0
78,sensor_18,4,0.0
78,sensor_18,5,0.0
78,sensor_18,6,0.0
78,sensor_18,7,0.0
78,sensor_18,8,0.0
78,sensor_18,9,0.0
78,sensor_18,10,0.0
78,sensor_19,1,0.0
78,sensor_19,2,0.0
78,sensor_19,3,0.0
78,sensor_19,4,0.0
78,sensor_19,5,0.0
78,sensor_19,6,0.0
78,sensor_19,7,0.0
78,sensor_19,8,0.0
78,sensor_19,9,0.0
78,sensor_19,10,0.0
78,sensor_20,1,0.009805797101449302
78,sensor_20,2,0.009157312252964648
78,sensor_20,3,0.011041897233201363
78,sensor_20,4,0.012389328063240957
78,sensor_20,5,0.008104347826086636
78,sensor_20,6,0.009211857707509583
78,sensor_20,7,0.009862055335968635
78,sensor_20,8,0.01388577075098783
78,sensor_20,9,0.013026482213438485
78,sensor_20,10,0.019872332015810713
78,sensor_21,1,0.0025047563586956508
78,sensor_21,2,0.0033573669169960785
78,sensor_21,3,0.004575368972332066
78,sensor_21,4,0.00413123565217393
78,sensor_21,5,0.003939593596837903
78,sensor_21,6,0.002826732371541481
78,sensor_21,7,0.0028007690118577034
78,sensor_21,8,0.006057140197628383
78,sensor_21,9,0.0025894565612648657
78,sensor_21,10,0.00579561964426871
79,setting_1,1,6.880631578947368e-06
79,setting_1,2,3.9605e-06
79,setting_1,3,5.207868421052632e-06
79,setting_1,4,3.9980000000000005e-06
79,setting_1,5,4.298e-06
79,setting_1,6,2.3947368421052626e-06
79,setting_1,7,3.3857631578947365e-06
79,setting_1,8,4.593263157894737e-06
79,setting_1,9,5.4636578947368406e-06
79,setting_1,10,5.951684210526317e-06
79,setting_2,1,1.0239473684210526e-07
79,setting_2,2,1.0555263157894738e-07
79,setting_2,3,1.0936842105263157e-07
79,setting_2,4,8.050000000000001e-08
79,setting_2,5,8.326315789473685e-08
79,setting_2,6,8.245614035087719e-08
79,setting_2,7,1.0260526315789476e-07
79,setting_2,8,1.0239473684210526e-07
79,setting_2,9,8.344736842105263e-08
79,setting_2,10,6.778947368421052e-08
79,setting_3,1,0.0
79,setting_3,2,0.0
79,setting_3,3,0.0
79,setting_3,4,0.0
79,setting_3,5,0.0
79,setting_3,6,0.0
79,setting_3,7,0.0
79,setting_3,8,0.0
79,setting_3,9,0.0
79,setting_3,10,0.0
79,sensor_1,1,0.0
79,sensor_1,2,0.0
79,sensor_1,3,0.0
79,sensor_1,4,0.0
79,sensor_1,5,0.0
79,sensor_1,6,0.0
79,sensor_1,7,0.0
79,sensor_1,8,0.0
79,sensor_1,9,0.0
79,sensor_1,10,0.0
79,sensor_2,1,0.08520921052629993
79,sensor_2,2,0.16032736842105563
79,sensor_2,3,0.08138815789474253
79,sensor_2,4,0.1844871052631664
79,sensor_2,5,0.1286028947368312
79,sensor_2,6,0.03930526315788899
79,sensor_2,7,0.06481684210527029
79,sensor_2,8,0.14535157894734238
79,sensor_2,9,0.105272631578939
79,sensor_2,10,0.11996947368418323
79,sensor_3,1,16.8251839473685
79,sensor_3,2,14.119876578947212
79,sensor_3,3,15.76900500000005
79,sensor_3,4,12.219318684210558
79,sensor_3,5,25.017929210525555
79,sensor_3,6,17.879166666667132
79,sensor_3,7,23.070573421052877
79,sensor_3,8,18.812432631578176
79,sensor_3,9,14.683448421053027
79,sensor_3,10,12.753950263157803
79,sensor_4,1,16.758844999999987
79,sensor_4,2,30.236087105262648
79,sensor_4,3,11.250984210526054
79,sensor_4,4,18.715485263157912
79,sensor_4,5,19.90422736842117
79,sensor_4,6,10.647843274853555
79,sensor_4,7,13.456002894736871
79,sensor_4,8,18.50608289473696
79,sensor_4,9,15.890476578947249
79,sensor_4,10,36.07630815789488
79,sensor_5,1,0.0
79,sensor_5,2,0.0
79,sensor_5,3,0.0
79,sensor_5,4,0.0
79,sensor_5,5,0.0
79,sensor_5,6,0.0
79,sensor_5,7,0.0
79,sensor_5,8,0.0
79,sensor_5,9,0.0
79,sensor_5,10,0.0
79,sensor_6,1,1.342105263157448e-05
79,sensor_6,2,4.999999999997261e-06
79,sensor_6,3,0.0
79,sensor_6,4,9.47368421052796e-06
79,sensor_6,5,9.473684210514056e-06
79,sensor_6,6,9.941520467831834e-06
79,sensor_6,7,4.999999999998665e-06
79,sensor_6,8,0.0
79,sensor_6,9,0.0
79,sensor_6,10,0.0
79,sensor_7,1,0.15550394736842996
79,sensor_7,2,0.18444210526317117
79,sensor_7,3,0.10387657894736456
79,sensor_7,4,0.15095657894735942
79,sensor_7,5,0.14006947368419376
79,sensor_7,6,0.2767064327485494
79,sensor_7,7,0.20317763157892677
79,sensor_7,8,0.20546210526313913
79,sensor_7,9,0.22192078947369706
79,sensor_7,10,0.17961552631577654
79,sensor_8,1,0.0012589473684244655
79,sensor_8,2,0.0006484210526265556
79,sensor_8,3,0.0004947368421062044
79,sensor_8,4,0.0007565789473614969
79,sensor_8,5,0.0006884210526198279
79,sensor_8,6,0.0009730994152051206
79,sensor_8,7,0.000969473684209982
79,sensor_8,8,0.0009292105263078578
79,sensor_8,9,0.0015747368421074955
79,sensor_8,10,0.0012049999999950646
79,sensor_9,1,9.62094184210533
79,sensor_9,2,26.897044999999622
79,sensor_9,3,18.521135789476418
79,sensor_9,4,18.855990526316305
79,sensor_9,5,15.715411578947025
79,sensor_9,6,20.903325730992446
79,sensor_9,7,17.03509342105549
79,sensor_9,8,7.282141842103942
79,sensor_9,9,39.27533052631901
79,sensor_9,10,49.854739736830254
79,sensor_10,1,0.0
79,sensor_10,2,0.0
79,sensor_10,3,0.0
79,sensor_10,4,0.0
79,sensor_10,5,0.0
79,sensor_10,6,0.0
79,sensor_10,7,0.0
79,sensor_10,8,0.0
79,sensor_10,9,0.0
79,sensor_10,10,0.0
79,sensor_11,1,0.013141052631578453
79,sensor_11,2,0.011606315789473513
79,sensor_11,3,0.005356578947368729
79,sensor_11,4,0.015294736842105557
79,sensor_11,5,0.012032631578946911
79,sensor_11,6,0.009531578947368488
79,sensor_11,7,0.004767368421052537
79,sensor_11,8,0.012815526315788625
79,sensor_11,9,0.006666052631578921
79,sensor_11,10,0.010531578947367871
79,sensor_12,1,0.04463026315790053
79,sensor_12,2,0.06865763157893051
79,sensor_12,3,0.1039252631578877
79,sensor_12,4,0.040115789473683765
79,sensor_12,5,0.13885368421053657
79,sensor_12,6,0.058998830409353754
79,sensor_12,7,0.22491447368418602
79,sensor_12,8,0.0663884210526284
79,sensor_12,9,0.1628513157894588
79,sensor_12,10,0.1473221052631438
79,sensor_13,1,0.000988421052638619
79,sensor_13,2,0.0009628947368407339
79,sensor_13,3,0.0007800000000006994
79,sensor_13,4,0.0004252631578950354
79,sensor_13,5,0.0015923684210549923
79,sensor_13,6,0.0012385964912299593
79,sensor_13,7,0.0008365789473625465
79,sensor_13,8,0.0007923684210575903
79,sensor_13,9,0.000811578947360763
79,sensor_13,10,0.0005607894736901702
79,sensor_14,1,5.277362894738534
79,sensor_14,2,6.469169473685311
79,sensor_14,3,6.7817923684204136
79,sensor_14,4,5.484078684209988
79,sensor_14,5,10.585414736839727
79,sensor_14,6,5.851761988304128
79,sensor_14,7,8.901767105263302
79,sensor_14,8,4.698809473685167
79,sensor_14,9,9.964346052630294
79,sensor_14,10,16.329560789477238
79,sensor_15,1,0.00031739273684210236
79,sensor_15,2,0.0004778932631578892
79,sensor_15,3,0.00044064410526314734
79,sensor_15,4,0.0003361615526315829
79,sensor_15,5,0.0006852377894736868
79,sensor_15,6,0.00045870251461986827
79,sensor_15,7,0.00039598852631579054
79,sensor_15,8,0.00028751839473684885
79,sensor_15,9,0.0002626257631578825
79,sensor_15,10,0.0002184268157894751
79,sensor_16,1,0.0
79,sensor_16,2,0.0
79,sensor_16,3,0.0
79,sensor_16,4,0.0
79,sensor_16,5,0.0
79,sensor_16,6,0.0
79,sensor_16,7,0.0
79,sensor_16,8,0.0
79,sensor_16,9,0.0
79,sensor_16,10,0.0
79,sensor_17,1,0.35789473684210954
79,sensor_17,2,0.4631578947368425
79,sensor_17,3,1.1026315789473642
79,sensor_17,4,0.6605263157894721
79,sensor_17,5,0.681578947368417
79,sensor_17,6,1.1403508771929804
79,sensor_17,7,0.9973684210526358
79,sensor_17,8,0.7368421052631485
79,sensor_17,9,1.2210526315789008
79,sensor_17,10,0.8526315789473714
79,sensor_18,1,0.0
79,sensor_18,2,0.0
79,sensor_18,3,0.0
79,sensor_18,4,0.0
79,sensor_18,5,0.0
79,sensor_18,6,0.0
79,sensor_18,7,0.0
79,sensor_18,8,0.0
79,sensor_18,9,0.0
79,sensor_18,10,0.0
79,sensor_19,1,0.0
79,sensor_19,2,0.0
79,sensor_19,3,0.0
79,sensor_19,4,0.0
79,sensor_19,5,0.0
79,sensor_19,6,0.0
79,sensor_19,7,0.0
79,sensor_19,8,0.0
79,sensor_19,9,0.0
79,sensor_19,10,0.0
79,sensor_20,1,0.0073292105263162155
79,sensor_20,2,0.01074315789473688
79,sensor_20,3,0.014241052631578812
79,sensor_20,4,0.009935789473684264
79,sensor_20,5,0.009756578947368241
79,sensor_20,6,0.008360818713450294
79,sensor_20,7,0.010399999999999753
79,sensor_20,8,0.009273684210526325
79,sensor_20,9,0.0095502631578945
79,sensor_20,10,0.02181578947368381
79,sensor_21,1,0.003585344078947371
79,sensor_21,2,0.002803691578947367
79,sensor_21,3,0.0046079339736842684
79,sensor_21,4,0.003334659236842097
79,sensor_21,5,0.0059767610526317546
79,sensor_21,6,0.0037330376608187355
79,sensor_21,7,0.0028047026052633066
79,sensor_21,8,0.006430579894736877
79,sensor_21,9,0.005015551473684157
79,sensor_21,10,0.006920899894736865
80,setting_1,1,4.188070175438597e-06
80,setting_1,2,6.323790849673204e-06
80,setting_1,3,6.957836257309943e-06
80,setting_1,4,4.78888888888889e-06
80,setting_1,5,6.325614035087719e-06
80,setting_1,6,5.348790849673202e-06
80,setting_1,7,4.075163398692809e-06
80,setting_1,8,4.840058479532164e-06
80,setting_1,9,7.546176470588234e-06
80,setting_1,10,4.513859649122808e-06
80,setting_2,1,8.988304093567253e-08
80,setting_2,2,6.604575163398693e-08
80,setting_2,3,9.099415204678361e-08
80,setting_2,4,7.781045751633986e-08
80,setting_2,5,8.064327485380117e-08
80,setting_2,6,9.27124183006536e-08
80,setting_2,7,9.035947712418302e-08
80,setting_2,8,6.450292397660817e-08
80,setting_2,9,9.437908496732024e-08
80,setting_2,10,7.894736842105262e-08
80,setting_3,1,0.0
80,setting_3,2,0.0
80,setting_3,3,0.0
80,setting_3,4,0.0
80,setting_3,5,0.0
80,setting_3,6,0.0
80,setting_3,7,0.0
80,setting_3,8,0.0
80,setting_3,9,0.0
80,setting_3,10,0.0
80,sensor_1,1,0.0
80,sensor_1,2,0.0
80,sensor_1,3,0.0
80,sensor_1,4,0.0
80,sensor_1,5,0.0
80,sensor_1,6,0.0
80,sensor_1,7,0.0
80,sensor_1,8,0.0
80,sensor_1,9,0.0
80,sensor_1,10,0.0
80,sensor_2,1,0.20323684210525103
80,sensor_2,2,0.028811764705883283
80,sensor_2,3,0.16062748538011132
80,sensor_2,4,0.09001045751632854
80,sensor_2,5,0.06593567251462253
80,sensor_2,6,0.06641470588234374
80,sensor_2,7,0.048963398692812736
80,sensor_2,8,0.10635906432750124
80,sensor_2,9,0.09286830065359515
80,sensor_2,10,0.10957602339178163
80,sensor_3,1,22.435014035087605
80,sensor_3,2,20.67221470588223
80,sensor_3,3,16.710911695905985
80,sensor_3,4,19.377300653594496
80,sensor_3,5,11.10509883040946
80,sensor_3,6,12.440673529411768
80,sensor_3,7,13.504776470588098
80,sensor_3,8,19.550004093567633
80,sensor_3,9,14.134567320261434
80,sensor_3,10,16.437187134503375
80,sensor_4,1,29.45685380117008
80,sensor_4,2,21.320900653594197
80,sensor_4,3,9.64596725146215
80,sensor_4,4,16.248833006536117
80,sensor_4,5,15.099691812865505
80,sensor_4,6,16.511946732026413
80,sensor_4,7,23.974990849673198
80,sensor_4,8,12.809781286549615
80,sensor_4,9,16.78244967320218
80,sensor_4,10,29.38112748537968
80,sensor_5,1,0.0
80,sensor_5,2,0.0
80,sensor_5,3,0.0
80,sensor_5,4,0.0
80,sensor_5,5,0.0
80,sensor_5,6,0.0
80,sensor_5,7,0.0
80,sensor_5,8,0.0
80,sensor_5,9,0.0
80,sensor_5,10,0.0
80,sensor_6,1,0.0
80,sensor_6,2,0.0
80,sensor_6,3,0.0
80,sensor_6,4,0.0
80,sensor_6,5,0.0
80,sensor_6,6,0.0
80,sensor_6,7,0.0
80,sensor_6,8,0.0
80,sensor_6,9,0.0
80,sensor_6,10,0.0
80,sensor_7,1,0.23648187134503995
80,sensor_7,2,0.10446437908497416
80,sensor_7,3,0.1943918128654833
80,sensor_7,4,0.08408790849673142
80,sensor_7,5,0.10326900584795343
80,sensor_7,6,0.14801830065361873
80,sensor_7,7,0.24725882352942222
80,sensor_7,8,0.12787192982455667
80,sensor_7,9,0.13211633986929194
80,sensor_7,10,0.22921754385963805
80,sensor_8,1,0.0007672514619884645
80,sensor_8,2,0.0010029411764736628
80,sensor_8,3,0.0006982456140313367
80,sensor_8,4,0.001307516339872792
80,sensor_8,5,0.000994152046780354
80,sensor_8,6,0.0011088235294090256
80,sensor_8,7,0.00043398692810330653
80,sensor_8,8,0.0005871345029250894
80,sensor_8,9,0.00038202614379126263
80,sensor_8,10,0.0014116959064297302
80,sensor_9,1,13.066976023391188
80,sensor_9,2,19.406129411766507
80,sensor_9,3,34.209995321636114
80,sensor_9,4,13.7033428104553
80,sensor_9,5,19.119902339181646
80,sensor_9,6,6.6777045751652135
80,sensor_9,7,30.39097908495833
80,sensor_9,8,59.70520409356906
80,sensor_9,9,84.48308496731944
80,sensor_9,10,220.28591754387455
80,sensor_10,1,0.0
80,sensor_10,2,0.0
80,sensor_10,3,0.0
80,sensor_10,4,0.0
80,sensor_10,5,0.0
80,sensor_10,6,0.0
80,sensor_10,7,0.0
80,sensor_10,8,0.0
80,sensor_10,9,0.0
80,sensor_10,10,0.0
80,sensor_11,1,0.009302923976607888
80,sensor_11,2,0.01331143790849666
80,sensor_11,3,0.012383040935672288
80,sensor_11,4,0.008002614379085076
80,sensor_11,5,0.008135672514619718
80,sensor_11,6,0.010152941176470386
80,sensor_11,7,0.01028235294117679
80,sensor_11,8,0.013447368421052623
80,sensor_11,9,0.012364705882352736
80,sensor_11,10,0.018306432748537747
80,sensor_12,1,0.1419321637426815
80,sensor_12,2,0.13166045751633573
80,sensor_12,3,0.03308128654970853
80,sensor_12,4,0.13417908496733186
80,sensor_12,5,0.06590643274854026
80,sensor_12,6,0.11131928104575461
80,sensor_12,7,0.06051143790850605
80,sensor_12,8,0.09590935672515752
80,sensor_12,9,0.07354379084967338
80,sensor_12,10,0.1484321637426913
80,sensor_13,1,0.0005777777777821852
80,sensor_13,2,0.0011558823529459511
80,sensor_13,3,0.001495321637425906
80,sensor_13,4,0.0013075163398739995
80,sensor_13,5,0.0009807017543846605
80,sensor_13,6,0.0007428104575117654
80,sensor_13,7,0.0009320261437879593
80,sensor_13,8,0.0012508771929843697
80,sensor_13,9,0.0007506535947720622
80,sensor_13,10,0.0024719298245648278
80,sensor_14,1,8.901520467836344
80,sensor_14,2,5.216512418300859
80,sensor_14,3,17.749894152045666
80,sensor_14,4,8.938134967319614
80,sensor_14,5,7.033839766082066
80,sensor_14,6,16.57917026143955
80,sensor_14,7,10.555729411765462
80,sensor_14,8,30.660898830406794
80,sensor_14,9,54.825139869281145
80,sensor_14,10,152.23408713450507
80,sensor_15,1,0.00037713204678363433
80,sensor_15,2,0.00045423058823530326
80,sensor_15,3,0.00030040830409356126
80,sensor_15,4,0.0004945566339869448
80,sensor_15,5,0.00043423397660819006
80,sensor_15,6,0.0005746329411764678
80,sensor_15,7,0.00044958823529411753
80,sensor_15,8,0.0002974598830409424
80,sensor_15,9,0.00039135712418300915
80,sensor_15,10,0.00045352538011696696
80,sensor_16,1,0.0
80,sensor_16,2,0.0
80,sensor_16,3,0.0
80,sensor_16,4,0.0
80,sensor_16,5,0.0
80,sensor_16,6,0.0
80,sensor_16,7,0.0
80,sensor_16,8,0.0
80,sensor_16,9,0.0
80,sensor_16,10,0.0
80,sensor_17,1,1.0643274853801188
80,sensor_17,2,0.9281045751634178
80,sensor_17,3,0.9298245614035194
80,sensor_17,4,0.9281045751634
80,sensor_17,5,1.064327485380107
80,sensor_17,6,0.9575163398692382
80,sensor_17,7,0.7712418300653572
80,sensor_17,8,0.695906432748521
80,sensor_17,9,1.0065359477124218
80,sensor_17,10,1.2748538011696198
80,sensor_18,1,0.0
80,sensor_18,2,0.0
80,sensor_18,3,0.0
80,sensor_18,4,0.0
80,sensor_18,5,0.0
80,sensor_18,6,0.0
80,sensor_18,7,0.0
80,sensor_18,8,0.0
80,sensor_18,9,0.0
80,sensor_18,10,0.0
80,sensor_19,1,0.0
80,sensor_19,2,0.0
80,sensor_19,3,0.0
80,sensor_19,4,0.0
80,sensor_19,5,0.0
80,sensor_19,6,0.0
80,sensor_19,7,0.0
80,sensor_19,8,0.0
80,sensor_19,9,0.0
80,sensor_19,10,0.0
80,sensor_20,1,0.01101520467836249
80,sensor_20,2,0.011776470588235452
80,sensor_20,3,0.008420467836257531
80,sensor_20,4,0.007567647058823749
80,sensor_20,5,0.009922807017544229
80,sensor_20,6,0.01618823529411712
80,sensor_20,7,0.017567320261438334
80,sensor_20,8,0.011350877192982882
80,sensor_20,9,0.006287908496732012
80,sensor_20,10,0.01075380116959112
80,sensor_21,1,0.0036243955555555307
80,sensor_21,2,0.00307020732026145
80,sensor_21,3,0.004180703391812784
80,sensor_21,4,0.003404295588235267
80,sensor_21,5,0.0024772953801168985
80,sensor_21,6,0.004384873496732041
80,sensor_21,7,0.0028300261437908133
80,sensor_21,8,0.005002797192982456
80,sensor_21,9,0.005747272026143877
80,sensor_21,10,0.006002996725146237
81,setting_1,1,4.830144927536232e-06
81,setting_1,2,3.900217391304348e-06
81,setting_1,3,4.0025362318840585e-06
81,setting_1,4,5.098677536231884e-06
81,setting_1,5,8.303315217391304e-06
81,setting_1,6,3.8562318840579714e-06
81,setting_1,7,3.144764492753623e-06
81,setting_1,8,3.868677536231884e-06
81,setting_1,9,4.469547101449275e-06
81,setting_1,10,1.0748967391304347e-05
81,setting_2,1,7.461956521739131e-08
81,setting_2,2,1.1693840579710145e-07
81,setting_2,3,9.210144927536231e-08
81,setting_2,4,8.492753623188405e-08
81,setting_2,5,8.375000000000003e-08
81,setting_2,6,8.891304347826091e-08
81,setting_2,7,1.0427536231884057e-07
81,setting_2,8,1.147101449275362e-07
81,setting_2,9,9.014492753623185e-08
81,setting_2,10,1.082427536231884e-07
81,setting_3,1,0.0
81,setting_3,2,0.0
81,setting_3,3,0.0
81,setting_3,4,0.0
81,setting_3,5,0.0
81,setting_3,6,0.0
81,setting_3,7,0.0
81,setting_3,8,0.0
81,setting_3,9,0.0
81,setting_3,10,0.0
81,sensor_1,1,0.0
81,sensor_1,2,0.0
81,sensor_1,3,0.0
81,sensor_1,4,0.0
81,sensor_1,5,0.0
81,sensor_1,6,0.0
81,sensor_1,7,0.0
81,sensor_1,8,0.0
81,sensor_1,9,0.0
81,sensor_1,10,0.0
81,sensor_2,1,0.13169275362317912
81,sensor_2,2,0.06528623188406218
81,sensor_2,3,0.11981086956521861
81,sensor_2,4,0.09472971014493338
81,sensor_2,5,0.15847807971013417
81,sensor_2,6,0.08336739130434194
81,sensor_2,7,0.083550000000015
81,sensor_2,8,0.042528804347824224
81,sensor_2,9,0.10320000000001225
81,sensor_2,10,0.10042445652171765
81,sensor_3,1,10.877657971014454
81,sensor_3,2,26.74170434782636
81,sensor_3,3,9.329308514492752
81,sensor_3,4,16.754589673912818
81,sensor_3,5,23.313129710144775
81,sensor_3,6,23.107930253623064
81,sensor_3,7,13.581834057971056
81,sensor_3,8,13.090724456522185
81,sensor_3,9,17.63635579710139
81,sensor_3,10,18.096891123188254
81,sensor_4,1,28.386268840579884
81,sensor_4,2,11.856831884058073
81,sensor_4,3,16.459463586956495
81,sensor_4,4,22.81418242753644
81,sensor_4,5,14.462304347826231
81,sensor_4,6,25.87899112318929
81,sensor_4,7,12.160373188405822
81,sensor_4,8,17.114451992753896
81,sensor_4,9,23.974457971014118
81,sensor_4,10,26.872802173912877
81,sensor_5,1,0.0
81,sensor_5,2,0.0
81,sensor_5,3,0.0
81,sensor_5,4,0.0
81,sensor_5,5,0.0
81,sensor_5,6,0.0
81,sensor_5,7,0.0
81,sensor_5,8,0.0
81,sensor_5,9,0.0
81,sensor_5,10,0.0
81,sensor_6,1,0.0
81,sensor_6,2,0.0
81,sensor_6,3,0.0
81,sensor_6,4,4.1666666666632804e-06
81,sensor_6,5,0.0
81,sensor_6,6,0.0
81,sensor_6,7,0.0
81,sensor_6,8,0.0
81,sensor_6,9,0.0
81,sensor_6,10,0.0
81,sensor_7,1,0.14954619565216262
81,sensor_7,2,0.125929710144943
81,sensor_7,3,0.20166358695653025
81,sensor_7,4,0.11752880434782369
81,sensor_7,5,0.1903954710144904
81,sensor_7,6,0.27396231884060723
81,sensor_7,7,0.2878579710145038
81,sensor_7,8,0.1832630434782638
81,sensor_7,9,0.15923894927535445
81,sensor_7,10,0.18531231884054783
81,sensor_8,1,0.0010563405797113553
81,sensor_8,2,0.0011650362318938493
81,sensor_8,3,0.0010949275362277763
81,sensor_8,4,0.0010144927536286014
81,sensor_8,5,0.0009210144927520982
81,sensor_8,6,0.0006432971014460237
81,sensor_8,7,0.0007519927536233852
81,sensor_8,8,0.0007992753623200725
81,sensor_8,9,0.0019130434782651596
81,sensor_8,10,0.0020340579710217744
81,sensor_9,1,14.060294927534937
81,sensor_9,2,16.90237101449105
81,sensor_9,3,10.376327536231765
81,sensor_9,4,24.927215760869043
81,sensor_9,5,21.394553623192582
81,sensor_9,6,13.933356521739302
81,sensor_9,7,17.573636956521973
81,sensor_9,8,17.8359519927554
81,sensor_9,9,13.700492753623449
81,sensor_9,10,23.293449275363134
81,sensor_10,1,0.0
81,sensor_10,2,0.0
81,sensor_10,3,0.0
81,sensor_10,4,0.0
81,sensor_10,5,0.0
81,sensor_10,6,0.0
81,sensor_10,7,0.0
81,sensor_10,8,0.0
81,sensor_10,9,0.0
81,sensor_10,10,0.0
81,sensor_11,1,0.014541847826086892
81,sensor_11,2,0.006717210144927495
81,sensor_11,3,0.00960271739130426
81,sensor_11,4,0.006704166666666142
81,sensor_11,5,0.009225362318840592
81,sensor_11,6,0.007727536231884358
81,sensor_11,7,0.016318840579709837
81,sensor_11,8,0.017362318840579476
81,sensor_11,9,0.018512318840580445
81,sensor_11,10,0.020188405797101273
81,sensor_12,1,0.08779927536233494
81,sensor_12,2,0.09319057971014456
81,sensor_12,3,0.08953025362321157
81,sensor_12,4,0.07725199275361389
81,sensor_12,5,0.10774710144927536
81,sensor_12,6,0.11890144927536386
81,sensor_12,7,0.09796068840579097
81,sensor_12,8,0.0894041666666604
81,sensor_12,9,0.06620851449275568
81,sensor_12,10,0.12904927536228278
81,sensor_13,1,0.0005152173913004543
81,sensor_13,2,0.0008579710144921304
81,sensor_13,3,0.0006302536231829213
81,sensor_13,4,0.0008804347826085783
81,sensor_13,5,0.0011818840579716212
81,sensor_13,6,0.0010737318840543235
81,sensor_13,7,0.0008514492753585533
81,sensor_13,8,0.0011432971014413086
81,sensor_13,9,0.001797101449272587
81,sensor_13,10,0.0006891304347922242
81,sensor_14,1,10.1156753623187
81,sensor_14,2,7.413666666666478
81,sensor_14,3,13.138891123188072
81,sensor_14,4,8.850208514493557
81,sensor_14,5,12.114807065219269
81,sensor_14,6,11.335388405797426
81,sensor_14,7,6.822147101449847
81,sensor_14,8,9.87735199275328
81,sensor_14,9,10.399799818839709
81,sensor_14,10,12.284682427535767
81,sensor_15,1,0.0005817947644927503
81,sensor_15,2,0.0004724808514492736
81,sensor_15,3,0.0004945268840579536
81,sensor_15,4,0.0003523671739130383
81,sensor_15,5,0.0006646097826086933
81,sensor_15,6,0.00023642173913044
81,sensor_15,7,0.00032749152173912506
81,sensor_15,8,0.0006322280434782721
81,sensor_15,9,0.0005815845652174225
81,sensor_15,10,0.0005761431884058018
81,sensor_16,1,0.0
81,sensor_16,2,0.0
81,sensor_16,3,0.0
81,sensor_16,4,0.0
81,sensor_16,5,0.0
81,sensor_16,6,0.0
81,sensor_16,7,0.0
81,sensor_16,8,0.0
81,sensor_16,9,0.0
81,sensor_16,10,0.0
81,sensor_17,1,0.9112318840579414
81,sensor_17,2,1.2590579710145002
81,sensor_17,3,0.86231884057971
81,sensor_17,4,0.9836956521739056
81,sensor_17,5,0.7536231884057992
81,sensor_17,6,1.1231884057971053
81,sensor_17,7,1.1231884057970858
81,sensor_17,8,1.0851449275362455
81,sensor_17,9,1.1141304347826115
81,sensor_17,10,1.6739130434782652
81,sensor_18,1,0.0
81,sensor_18,2,0.0
81,sensor_18,3,0.0
81,sensor_18,4,0.0
81,sensor_18,5,0.0
81,sensor_18,6,0.0
81,sensor_18,7,0.0
81,sensor_18,8,0.0
81,sensor_18,9,0.0
81,sensor_18,10,0.0
81,sensor_19,1,0.0
81,sensor_19,2,0.0
81,sensor_19,3,0.0
81,sensor_19,4,0.0
81,sensor_19,5,0.0
81,sensor_19,6,0.0
81,sensor_19,7,0.0
81,sensor_19,8,0.0
81,sensor_19,9,0.0
81,sensor_19,10,0.0
81,sensor_20,1,0.008750543478260778
81,sensor_20,2,0.007659239130434853
81,sensor_20,3,0.012007971014492864
81,sensor_20,4,0.011703623188405869
81,sensor_20,5,0.006725905797101564
81,sensor_20,6,0.012631884057971006
81,sensor_20,7,0.005691123188405657
81,sensor_20,8,0.007547101449275347
81,sensor_20,9,0.008765036231884134
81,sensor_20,10,0.01671286231884044
81,sensor_21,1,0.0026651649275362317
81,sensor_21,2,0.0038000417391304783
81,sensor_21,3,0.0055688543297100716
81,sensor_21,4,0.0067459747826087366
81,sensor_21,5,0.0032895579710143998
81,sensor_21,6,0.0045377512318840515
81,sensor_21,7,0.003964227373188348
81,sensor_21,8,0.003085644329710158
81,sensor_21,9,0.0022123199275362543
81,sensor_21,10,0.002455301449275361
82,setting_1,1,5.434285714285714e-06
82,setting_1,2,3.587476190476191e-06
82,setting_1,3,3.3881428571428565e-06
82,setting_1,4,5.510757575757576e-06
82,setting_1,5,6.815333333333334e-06
82,setting_1,6,2.191285714285714e-06
82,setting_1,7,7.999935064935064e-06
82,setting_1,8,4.237476190476191e-06
82,setting_1,9,3.9909047619047625e-06
82,setting_1,10,4.242510822510823e-06
82,setting_2,1,1.0218614718614717e-07
82,setting_2,2,8.614285714285715e-08
82,setting_2,3,8.414285714285712e-08
82,setting_2,4,6.441558441558442e-08
82,setting_2,5,6.628571428571428e-08
82,setting_2,6,7.833333333333333e-08
82,setting_2,7,7.826839826839828e-08
82,setting_2,8,6.161904761904763e-08
82,setting_2,9,9.547619047619049e-08
82,setting_2,10,9.333333333333335e-08
82,setting_3,1,0.0
82,setting_3,2,0.0
82,setting_3,3,0.0
82,setting_3,4,0.0
82,setting_3,5,0.0
82,setting_3,6,0.0
82,setting_3,7,0.0
82,setting_3,8,0.0
82,setting_3,9,0.0
82,setting_3,10,0.0
82,sensor_1,1,0.0
82,sensor_1,2,0.0
82,sensor_1,3,0.0
82,sensor_1,4,0.0
82,sensor_1,5,0.0
82,sensor_1,6,0.0
82,sensor_1,7,0.0
82,sensor_1,8,0.0
82,sensor_1,9,0.0
82,sensor_1,10,0.0
82,sensor_2,1,0.06177770562769921
82,sensor_2,2,0.1054647619047584
82,sensor_2,3,0.1431914285714297
82,sensor_2,4,0.08397056277055268
82,sensor_2,5,0.12401619047619106
82,sensor_2,6,0.09082142857141844
82,sensor_2,7,0.07813008658007647
82,sensor_2,8,0.12887333333331924
82,sensor_2,9,0.12524333333332227
82,sensor_2,10,0.11647900432899368
82,sensor_3,1,24.287479004329207
82,sensor_3,2,16.02836999999993
82,sensor_3,3,15.3576347619046
82,sensor_3,4,22.782532683982907
82,sensor_3,5,9.908796190476325
82,sensor_3,6,19.262645714285973
82,sensor_3,7,27.171958441558413
82,sensor_3,8,24.322405714285807
82,sensor_3,9,15.748506190476713
82,sensor_3,10,23.114394155844167
82,sensor_4,1,15.649985497835402
82,sensor_4,2,13.167346190475934
82,sensor_4,3,14.80041476190436
82,sensor_4,4,17.969840909090813
82,sensor_4,5,9.10534904761911
82,sensor_4,6,19.659203333333664
82,sensor_4,7,18.962994155844815
82,sensor_4,8,20.029739047619252
82,sensor_4,9,17.48980333333323
82,sensor_4,10,22.790580952380758
82,sensor_5,1,0.0
82,sensor_5,2,0.0
82,sensor_5,3,0.0
82,sensor_5,4,0.0
82,sensor_5,5,0.0
82,sensor_5,6,0.0
82,sensor_5,7,0.0
82,sensor_5,8,0.0
82,sensor_5,9,0.0
82,sensor_5,10,0.0
82,sensor_6,1,8.658008658006248e-06
82,sensor_6,2,9.04761904761766e-06
82,sensor_6,3,4.761904761906901e-06
82,sensor_6,4,4.545454545452244e-06
82,sensor_6,5,4.761904761906901e-06
82,sensor_6,6,1.6190476190475268e-05
82,sensor_6,7,0.0
82,sensor_6,8,0.0
82,sensor_6,9,0.0
82,sensor_6,10,0.0
82,sensor_7,1,0.12206168831167526
82,sensor_7,2,0.17022999999999988
82,sensor_7,3,0.17942285714285852
82,sensor_7,4,0.1516147186147067
82,sensor_7,5,0.1337890476190518
82,sensor_7,6,0.18982904761908073
82,sensor_7,7,0.18607186147184152
82,sensor_7,8,0.1161090476190465
82,sensor_7,9,0.2031457142857264
82,sensor_7,10,0.16866580086580396
82,sensor_8,1,0.0008253246753305671
82,sensor_8,2,0.0013361904762007608
82,sensor_8,3,0.0011761904761880527
82,sensor_8,4,0.001006060606062345
82,sensor_8,5,0.0008757142857142403
82,sensor_8,6,0.0010590476190475236
82,sensor_8,7,0.0006331168831167794
82,sensor_8,8,0.00084571428571141
82,sensor_8,9,0.001323333333340455
82,sensor_8,10,0.0016147186147185625
82,sensor_9,1,15.876982683983345
82,sensor_9,2,21.324373333329245
82,sensor_9,3,18.294592857140945
82,sensor_9,4,25.390321212116834
82,sensor_9,5,17.061879999998958
82,sensor_9,6,15.853414761902854
82,sensor_9,7,11.348311038968689
82,sensor_9,8,48.48214904762402
82,sensor_9,9,113.36561571429414
82,sensor_9,10,429.1426469696836
82,sensor_10,1,0.0
82,sensor_10,2,0.0
82,sensor_10,3,0.0
82,sensor_10,4,0.0
82,sensor_10,5,0.0
82,sensor_10,6,0.0
82,sensor_10,7,0.0
82,sensor_10,8,0.0
82,sensor_10,9,0.0
82,sensor_10,10,0.0
82,sensor_11,1,0.009634848484848225
82,sensor_11,2,0.009406190476190542
82,sensor_11,3,0.01066476190476196
82,sensor_11,4,0.009228571428571461
82,sensor_11,5,0.011233333333333467
82,sensor_11,6,0.010359047619047632
82,sensor_11,7,0.008799350649350675
82,sensor_11,8,0.014866190476190833
82,sensor_11,9,0.013529047619047588
82,sensor_11,10,0.03556818181818194
82,sensor_12,1,0.08512294372294897
82,sensor_12,2,0.1079690476191028
82,sensor_12,3,0.1160590476190434
82,sensor_12,4,0.0639774891774967
82,sensor_12,5,0.09373904761906068
82,sensor_12,6,0.10002619047618955
82,sensor_12,7,0.08410389610389102
82,sensor_12,8,0.09898285714284605
82,sensor_12,9,0.08855904761904623
82,sensor_12,10,0.09041839826837532
82,sensor_13,1,0.0012036796536827538
82,sensor_13,2,0.0008100000000014962
82,sensor_13,3,0.0011933333333372566
82,sensor_13,4,0.0008181818181871152
82,sensor_13,5,0.0012528571428627325
82,sensor_13,6,0.0010047619047634077
82,sensor_13,7,0.0008354978355014632
82,sensor_13,8,0.0006347619047624768
82,sensor_13,9,0.0011147619047761348
82,sensor_13,10,0.0009541125540941302
82,sensor_14,1,13.046326623375448
82,sensor_14,2,6.73615476190402
82,sensor_14,3,4.0936447619052085
82,sensor_14,4,10.729288528137925
82,sensor_14,5,16.40299904761941
82,sensor_14,6,23.455833333339186
82,sensor_14,7,23.586294372291757
82,sensor_14,8,25.568282857143704
82,sensor_14,9,91.98871619048627
82,sensor_14,10,293.89979502165534
82,sensor_15,1,0.00035414277056277255
82,sensor_15,2,0.00015384761904762428
82,sensor_15,3,0.00024896590476191364
82,sensor_15,4,0.0004703568831168759
82,sensor_15,5,0.0003298755714285954
82,sensor_15,6,0.00035263357142858293
82,sensor_15,7,0.00048209404761903737
82,sensor_15,8,0.0005553495714285723
82,sensor_15,9,0.00031960828571428007
82,sensor_15,10,0.00045091950216454046
82,sensor_16,1,0.0
82,sensor_16,2,0.0
82,sensor_16,3,0.0
82,sensor_16,4,0.0
82,sensor_16,5,0.0
82,sensor_16,6,0.0
82,sensor_16,7,0.0
82,sensor_16,8,0.0
82,sensor_16,9,0.0
82,sensor_16,10,0.0
82,sensor_17,1,0.632034632034626
82,sensor_17,2,0.9142857142857125
82,sensor_17,3,0.6571428571428557
82,sensor_17,4,1.1082251082251109
82,sensor_17,5,0.8285714285714342
82,sensor_17,6,1.1142857142857188
82,sensor_17,7,0.8744588744588642
82,sensor_17,8,1.0142857142857
82,sensor_17,9,0.7904761904761806
82,sensor_17,10,2.2770562770562814
82,sensor_18,1,0.0
82,sensor_18,2,0.0
82,sensor_18,3,0.0
82,sensor_18,4,0.0
82,sensor_18,5,0.0
82,sensor_18,6,0.0
82,sensor_18,7,0.0
82,sensor_18,8,0.0
82,sensor_18,9,0.0
82,sensor_18,10,0.0
82,sensor_19,1,0.0
82,sensor_19,2,0.0
82,sensor_19,3,0.0
82,sensor_19,4,0.0
82,sensor_19,5,0.0
82,sensor_19,6,0.0
82,sensor_19,7,0.0
82,sensor_19,8,0.0
82,sensor_19,9,0.0
82,sensor_19,10,0.0
82,sensor_20,1,0.009583766233766345
82,sensor_20,2,0.005839047619047682
82,sensor_20,3,0.008006190476190469
82,sensor_20,4,0.006563636363636359
82,sensor_20,5,0.007604761904761978
82,sensor_20,6,0.009065714285714403
82,sensor_20,7,0.008740259740259713
82,sensor_20,8,0.007419999999999918
82,sensor_20,9,0.0168190476190476
82,sensor_20,10,0.018341991341991243
82,sensor_21,1,0.006877616558441563
82,sensor_21,2,0.002403199142857119
82,sensor_21,3,0.0033292694761904787
82,sensor_21,4,0.0035047421861471393
82,sensor_21,5,0.0021964403333333987
82,sensor_21,6,0.0032888673333333904
82,sensor_21,7,0.0037396413203464205
82,sensor_21,8,0.005186932571428336
82,sensor_21,9,0.0040394325714285815
82,sensor_21,10,0.004070676796536911
83,setting_1,1,4.131275862068966e-06
83,setting_1,2,5.604802955665026e-06
83,setting_1,3,6.627931034482759e-06
83,setting_1,4,4.628226600985221e-06
83,setting_1,5,5.661712643678161e-06
83,setting_1,6,2.663325123152709e-06
83,setting_1,7,2.5374137931034477e-06
83,setting_1,8,6.600369458128079e-06
83,setting_1,9,4.34591133004926e-06
83,setting_1,10,3.969241379310345e-06
83,setting_2,1,7.006896551724137e-08
83,setting_2,2,4.623152709359606e-08
83,setting_2,3,6.135467980295566e-08
83,setting_2,4,1.0975369458128079e-07
83,setting_2,5,5.719540229885058e-08
83,setting_2,6,6.504926108374384e-08
83,setting_2,7,9.862068965517243e-08
83,setting_2,8,9.77832512315271e-08
83,setting_2,9,8.948275862068965e-08
83,setting_2,10,7.862068965517241e-08
83,setting_3,1,0.0
83,setting_3,2,0.0
83,setting_3,3,0.0
83,setting_3,4,0.0
83,setting_3,5,0.0
83,setting_3,6,0.0
83,setting_3,7,0.0
83,setting_3,8,0.0
83,setting_3,9,0.0
83,setting_3,10,0.0
83,sensor_1,1,0.0
83,sensor_1,2,0.0
83,sensor_1,3,0.0
83,sensor_1,4,0.0
83,sensor_1,5,0.0
83,sensor_1,6,0.0
83,sensor_1,7,0.0
83,sensor_1,8,0.0
83,sensor_1,9,0.0
83,sensor_1,10,0.0
83,sensor_2,1,0.11005344827584294
83,sensor_2,2,0.11342192118225257
83,sensor_2,3,0.06846871921182147
83,sensor_2,4,0.07181379310343369
83,sensor_2,5,0.08889988505746645
83,sensor_2,6,0.0711761083743819
83,sensor_2,7,0.153102955665026
83,sensor_2,8,0.12402142857144018
83,sensor_2,9,0.14769014778325276
83,sensor_2,10,0.1267748275861712
83,sensor_3,1,19.61384643678182
83,sensor_3,2,16.581056403940945
83,sensor_3,3,13.01457783251223
83,sensor_3,4,13.91084236453193
83,sensor_3,5,11.878251609195429
83,sensor_3,6,15.242296551724044
83,sensor_3,7,9.875793596059093
83,sensor_3,8,12.089931280787798
83,sensor_3,9,24.106734975369232
83,sensor_3,10,21.331149540229884
83,sensor_4,1,14.317689195402556
83,sensor_4,2,25.911520935961043
83,sensor_4,3,14.890593596059173
83,sensor_4,4,18.413211822659598
83,sensor_4,5,12.546508160919268
83,sensor_4,6,16.470038423645214
83,sensor_4,7,23.4117290640389
83,sensor_4,8,19.909157881773655
83,sensor_4,9,23.294175862068748
83,sensor_4,10,35.312005172414956
83,sensor_5,1,0.0
83,sensor_5,2,0.0
83,sensor_5,3,0.0
83,sensor_5,4,0.0
83,sensor_5,5,0.0
83,sensor_5,6,0.0
83,sensor_5,7,0.0
83,sensor_5,8,0.0
83,sensor_5,9,0.0
83,sensor_5,10,0.0
83,sensor_6,1,1.4367816091949227e-05
83,sensor_6,2,6.650246305416829e-06
83,sensor_6,3,3.4482758620678206e-06
83,sensor_6,4,1.2315270935966135e-05
83,sensor_6,5,9.310344827585267e-06
83,sensor_6,6,3.44827586206716e-06
83,sensor_6,7,0.0
83,sensor_6,8,0.0
83,sensor_6,9,0.0
83,sensor_6,10,0.0
83,sensor_7,1,0.11211540229885325
83,sensor_7,2,0.16385197044333782
83,sensor_7,3,0.14353054187193456
83,sensor_7,4,0.2180315270935738
83,sensor_7,5,0.17236965517240996
83,sensor_7,6,0.15288325123155286
83,sensor_7,7,0.23272931034486224
83,sensor_7,8,0.211897536945812
83,sensor_7,9,0.19414704433501564
83,sensor_7,10,0.24411827586207974
83,sensor_8,1,0.001037816091957459
83,sensor_8,2,0.0007113300492608964
83,sensor_8,3,0.0009524630541926041
83,sensor_8,4,0.0007386699507513324
83,sensor_8,5,0.0009222988505756189
83,sensor_8,6,0.0007965517241401282
83,sensor_8,7,0.001382758620695587
83,sensor_8,8,0.0016041871921234942
83,sensor_8,9,0.0011706896551689674
83,sensor_8,10,0.0011274712643720563
83,sensor_9,1,11.648256206895741
83,sensor_9,2,18.2911849753684
83,sensor_9,3,18.394781527093738
83,sensor_9,4,20.618963793101234
83,sensor_9,5,10.21479781609168
83,sensor_9,6,13.948575123155516
83,sensor_9,7,14.664487684731274
83,sensor_9,8,14.120695320194244
83,sensor_9,9,23.996946305408073
83,sensor_9,10,18.67955505747245
83,sensor_10,1,0.0
83,sensor_10,2,0.0
83,sensor_10,3,0.0
83,sensor_10,4,0.0
83,sensor_10,5,0.0
83,sensor_10,6,0.0
83,sensor_10,7,0.0
83,sensor_10,8,0.0
83,sensor_10,9,0.0
83,sensor_10,10,0.0
83,sensor_11,1,0.006862643678160824
83,sensor_11,2,0.011045566502463248
83,sensor_11,3,0.008389901477832631
83,sensor_11,4,0.006082758620689631
83,sensor_11,5,0.013041379310345203
83,sensor_11,6,0.011162315270935901
83,sensor_11,7,0.011577832512315252
83,sensor_11,8,0.01157906403940857
83,sensor_11,9,0.01437610837438488
83,sensor_11,10,0.028401034482759154
83,sensor_12,1,0.12363781609197194
83,sensor_12,2,0.0751278325123216
83,sensor_12,3,0.06771674876849347
83,sensor_12,4,0.09755665024630171
83,sensor_12,5,0.09185298850574815
83,sensor_12,6,0.12388226600986041
83,sensor_12,7,0.07503620689654268
83,sensor_12,8,0.11834039408866832
83,sensor_12,9,0.10484236453201363
83,sensor_12,10,0.18901195402290655
83,sensor_13,1,0.0007705747126485244
83,sensor_13,2,0.0006881773399104063
83,sensor_13,3,0.0009662561576279225
83,sensor_13,4,0.0011864532019699714
83,sensor_13,5,0.00135275862068984
83,sensor_13,6,0.0008933497536942387
83,sensor_13,7,0.0011403940886658868
83,sensor_13,8,0.0009948275862062801
83,sensor_13,9,0.0010480295566512002
83,sensor_13,10,0.002398160919515567
83,sensor_14,1,11.064885057470995
83,sensor_14,2,7.374600492611791
83,sensor_14,3,10.591726600984845
83,sensor_14,4,7.802816256157589
83,sensor_14,5,12.876137471263371
83,sensor_14,6,14.98101059113245
83,sensor_14,7,10.865236206896798
83,sensor_14,8,10.61395246305419
83,sensor_14,9,13.01085197044272
83,sensor_14,10,20.343280919537897
83,sensor_15,1,0.00037470391954023074
83,sensor_15,2,0.0003936346551724152
83,sensor_15,3,0.000401733497536947
83,sensor_15,4,0.0004238266995073711
83,sensor_15,5,0.0003027027126436867
83,sensor_15,6,0.000595176182265974
83,sensor_15,7,0.0004256468965517226
83,sensor_15,8,0.0003647839901477927
83,sensor_15,9,0.0005999014285714675
83,sensor_15,10,0.0004533377471264259
83,sensor_16,1,0.0
83,sensor_16,2,0.0
83,sensor_16,3,0.0
83,sensor_16,4,0.0
83,sensor_16,5,0.0
83,sensor_16,6,0.0
83,sensor_16,7,0.0
83,sensor_16,8,0.0
83,sensor_16,9,0.0
83,sensor_16,10,0.0
83,sensor_17,1,0.8333333333333496
83,sensor_17,2,0.9039408866995193
83,sensor_17,3,0.8275862068965535
83,sensor_17,4,0.8300492610837367
83,sensor_17,5,0.8793103448275756
83,sensor_17,6,1.071428571428595
83,sensor_17,7,0.7561576354679851
83,sensor_17,8,1.206896551724132
83,sensor_17,9,1.0295566502463136
83,sensor_17,10,1.075862068965482
83,sensor_18,1,0.0
83,sensor_18,2,0.0
83,sensor_18,3,0.0
83,sensor_18,4,0.0
83,sensor_18,5,0.0
83,sensor_18,6,0.0
83,sensor_18,7,0.0
83,sensor_18,8,0.0
83,sensor_18,9,0.0
83,sensor_18,10,0.0
83,sensor_19,1,0.0
83,sensor_19,2,0.0
83,sensor_19,3,0.0
83,sensor_19,4,0.0
83,sensor_19,5,0.0
83,sensor_19,6,0.0
83,sensor_19,7,0.0
83,sensor_19,8,0.0
83,sensor_19,9,0.0
83,sensor_19,10,0.0
83,sensor_20,1,0.010054712643678312
83,sensor_20,2,0.012356650246305407
83,sensor_20,3,0.00923645320197047
83,sensor_20,4,0.009599261083744006
83,sensor_20,5,0.011685517241379208
83,sensor_20,6,0.010438177339901851
83,sensor_20,7,0.013982758620689517
83,sensor_20,8,0.010615024630542211
83,sensor_20,9,0.015624137931034884
83,sensor_20,10,0.010795402298850783
83,sensor_21,1,0.002375743919540249
83,sensor_21,2,0.006050368645320165
83,sensor_21,3,0.00339194623152713
83,sensor_21,4,0.0034892424876846193
83,sensor_21,5,0.003489643091953986
83,sensor_21,6,0.005719513817733994
83,sensor_21,7,0.005037931083743998
83,sensor_21,8,0.0030675611330049785
83,sensor_21,9,0.0027287256403940373
83,sensor_21,10,0.00361034782758632
84,setting_1,1,5.274102564102565e-06
84,setting_1,2,5.041794871794872e-06
84,setting_1,3,5.763938461538461e-06
84,setting_1,4,3.3849002849002852e-06
84,setting_1,5,4.68025641025641e-06
84,setting_1,6,2.941415384615385e-06
84,setting_1,7,3.7345584045584044e-06
84,setting_1,8,5.269861538461538e-06
84,setting_1,9,4.257122507122507e-06
84,setting_1,10,4.543789173789175e-06
84,setting_2,1,6.977207977207976e-08
84,setting_2,2,6.814814814814814e-08
84,setting_2,3,8.553846153846154e-08
84,setting_2,4,7.717948717948718e-08
84,setting_2,5,7.447293447293447e-08
84,setting_2,6,8.104615384615386e-08
84,setting_2,7,9.333333333333331e-08
84,setting_2,8,9.193846153846156e-08
84,setting_2,9,8.256410256410257e-08
84,setting_2,10,9.464387464387464e-08
84,setting_3,1,0.0
84,setting_3,2,0.0
84,setting_3,3,0.0
84,setting_3,4,0.0
84,setting_3,5,0.0
84,setting_3,6,0.0
84,setting_3,7,0.0
84,setting_3,8,0.0
84,setting_3,9,0.0
84,setting_3,10,0.0
84,sensor_1,1,0.0
84,sensor_1,2,0.0
84,sensor_1,3,0.0
84,sensor_1,4,0.0
84,sensor_1,5,0.0
84,sensor_1,6,0.0
84,sensor_1,7,0.0
84,sensor_1,8,0.0
84,sensor_1,9,0.0
84,sensor_1,10,0.0
84,sensor_2,1,0.1695948717948772
84,sensor_2,2,0.08614387464388494
84,sensor_2,3,0.06588246153846343
84,sensor_2,4,0.07594615384616357
84,sensor_2,5,0.08854615384615395
84,sensor_2,6,0.11046215384615103
84,sensor_2,7,0.06324387464387483
84,sensor_2,8,0.08093600000001024
84,sensor_2,9,0.10592564102563398
84,sensor_2,10,0.11419857549857376
84,sensor_3,1,10.556760113960255
84,sensor_3,2,19.63057692307682
84,sensor_3,3,8.588463538461653
84,sensor_3,4,16.933855840456303
84,sensor_3,5,18.78683703703831
84,sensor_3,6,17.974569384616178
84,sensor_3,7,13.190631054131305
84,sensor_3,8,22.39443384615345
84,sensor_3,9,15.950788319088522
84,sensor_3,10,17.294871794871845
84,sensor_4,1,12.538170370370398
84,sensor_4,2,9.988145584045572
84,sensor_4,3,16.79087584615406
84,sensor_4,4,18.03775669515662
84,sensor_4,5,24.43072336182309
84,sensor_4,6,22.53213538461575
84,sensor_4,7,18.659417948718307
84,sensor_4,8,10.629632615384425
84,sensor_4,9,17.5803806267808
84,sensor_4,10,22.17743703703745
84,sensor_5,1,0.0
84,sensor_5,2,0.0
84,sensor_5,3,0.0
84,sensor_5,4,0.0
84,sensor_5,5,0.0
84,sensor_5,6,0.0
84,sensor_5,7,0.0
84,sensor_5,8,0.0
84,sensor_5,9,0.0
84,sensor_5,10,0.0
84,sensor_6,1,0.0
84,sensor_6,2,0.0
84,sensor_6,3,0.0
84,sensor_6,4,0.0
84,sensor_6,5,0.0
84,sensor_6,6,0.0
84,sensor_6,7,0.0
84,sensor_6,8,0.0
84,sensor_6,9,0.0
84,sensor_6,10,0.0
84,sensor_7,1,0.14610256410256034
84,sensor_7,2,0.13209344729345263
84,sensor_7,3,0.21275153846154157
84,sensor_7,4,0.23471994301993787
84,sensor_7,5,0.18992307692306315
84,sensor_7,6,0.23558661538455805
84,sensor_7,7,0.12109857549856705
84,sensor_7,8,0.15850846153846207
84,sensor_7,9,0.15646267806269223
84,sensor_7,10,0.1189994301994254
84,sensor_8,1,0.0008601139601085177
84,sensor_8,2,0.0011538461538501158
84,sensor_8,3,0.0010086153846199054
84,sensor_8,4,0.0009028490028467652
84,sensor_8,5,0.0009025641025614303
84,sensor_8,6,0.0013279999999959002
84,sensor_8,7,0.0008729344729248898
84,sensor_8,8,0.0006573846153808396
84,sensor_8,9,0.0009871794871875899
84,sensor_8,10,0.0009541310541312755
84,sensor_9,1,9.569017948718153
84,sensor_9,2,24.34206951566675
84,sensor_9,3,10.241363846153913
84,sensor_9,4,22.0117615384604
84,sensor_9,5,17.158841025640275
84,sensor_9,6,21.908474615384243
84,sensor_9,7,17.384717948718897
84,sensor_9,8,19.29359153845686
84,sensor_9,9,15.17359487179216
84,sensor_9,10,13.108153276350636
84,sensor_10,1,0.0
84,sensor_10,2,0.0
84,sensor_10,3,0.0
84,sensor_10,4,0.0
84,sensor_10,5,0.0
84,sensor_10,6,0.0
84,sensor_10,7,0.0
84,sensor_10,8,0.0
84,sensor_10,9,0.0
84,sensor_10,10,0.0
84,sensor_11,1,0.011510541310541486
84,sensor_11,2,0.012965242165242287
84,sensor_11,3,0.011273846153846087
84,sensor_11,4,0.010084615384615386
84,sensor_11,5,0.008717948717948523
84,sensor_11,6,0.012360153846154236
84,sensor_11,7,0.008894871794871867
84,sensor_11,8,0.0112615384615386
84,sensor_11,9,0.004938746438746326
84,sensor_11,10,0.009077207977208476
84,sensor_12,1,0.08144216524216508
84,sensor_12,2,0.13094045584046005
84,sensor_12,3,0.07132938461538599
84,sensor_12,4,0.09326410256409728
84,sensor_12,5,0.10255754985754234
84,sensor_12,6,0.07021246153846059
84,sensor_12,7,0.10389515669514192
84,sensor_12,8,0.08190784615385832
84,sensor_12,9,0.07788717948715664
84,sensor_12,10,0.15009487179492884
84,sensor_13,1,0.0010515669515592959
84,sensor_13,2,0.000817948717948544
84,sensor_13,3,0.00046661538461047826
84,sensor_13,4,0.0007615384615384719
84,sensor_13,5,0.0008737891737855623
84,sensor_13,6,0.0006635384615305344
84,sensor_13,7,0.0009045584045578473
84,sensor_13,8,0.0011878461538357185
84,sensor_13,9,0.0009353276353244058
84,sensor_13,10,0.0012256410256393257
84,sensor_14,1,7.310641025642042
84,sensor_14,2,6.479729344730624
84,sensor_14,3,9.446498461537624
84,sensor_14,4,8.91943789173801
84,sensor_14,5,12.385513960113862
84,sensor_14,6,10.734593846154217
84,sensor_14,7,10.483892307691956
84,sensor_14,8,13.516226461538372
84,sensor_14,9,15.397852421651638
84,sensor_14,10,11.205602564101639
84,sensor_15,1,0.00029564923076924067
84,sensor_15,2,0.00023856396011396106
84,sensor_15,3,0.0004775133538461633
84,sensor_15,4,0.0002560692592592667
84,sensor_15,5,0.00044949139601140276
84,sensor_15,6,0.00030402826153846094
84,sensor_15,7,0.00029994410256410723
84,sensor_15,8,0.00022938104615385623
84,sensor_15,9,0.0003527901994302043
84,sensor_15,10,0.0007267271794871409
84,sensor_16,1,0.0
84,sensor_16,2,0.0
84,sensor_16,3,0.0
84,sensor_16,4,0.0
84,sensor_16,5,0.0
84,sensor_16,6,0.0
84,sensor_16,7,0.0
84,sensor_16,8,0.0
84,sensor_16,9,0.0
84,sensor_16,10,0.0
84,sensor_17,1,0.9601139601139669
84,sensor_17,2,0.6866096866096932
84,sensor_17,3,1.2184615384615567
84,sensor_17,4,0.8660968660968711
84,sensor_17,5,0.6353276353276305
84,sensor_17,6,0.6953846153846183
84,sensor_17,7,0.8831908831908805
84,sensor_17,8,0.6399999999999901
84,sensor_17,9,0.6866096866096894
84,sensor_17,10,0.6153846153846185
84,sensor_18,1,0.0
84,sensor_18,2,0.0
84,sensor_18,3,0.0
84,sensor_18,4,0.0
84,sensor_18,5,0.0
84,sensor_18,6,0.0
84,sensor_18,7,0.0
84,sensor_18,8,0.0
84,sensor_18,9,0.0
84,sensor_18,10,0.0
84,sensor_19,1,0.0
84,sensor_19,2,0.0
84,sensor_19,3,0.0
84,sensor_19,4,0.0
84,sensor_19,5,0.0
84,sensor_19,6,0.0
84,sensor_19,7,0.0
84,sensor_19,8,0.0
84,sensor_19,9,0.0
84,sensor_19,10,0.0
84,sensor_20,1,0.006841025641025682
84,sensor_20,2,0.009672079772079704
84,sensor_20,3,0.00925600000000008
84,sensor_20,4,0.009641025641025721
84,sensor_20,5,0.01286866096866104
84,sensor_20,6,0.00942846153846165
84,sensor_20,7,0.009525641025641088
84,sensor_20,8,0.012538461538461356
84,sensor_20,9,0.0065216524216526565
84,sensor_20,10,0.015608831908832414
84,sensor_21,1,0.0019253580626780757
84,sensor_21,2,0.0036512677207977498
84,sensor_21,3,0.001923124446153783
84,sensor_21,4,0.0031604517948717738
84,sensor_21,5,0.004879671025641056
84,sensor_21,6,0.0017442994461538276
84,sensor_21,7,0.003747150256410268
84,sensor_21,8,0.003943177846153881
84,sensor_21,9,0.005124977179487335
84,sensor_21,10,0.002275931994302041
85,setting_1,1,4.3287134502923975e-06
85,setting_1,2,4.290233918128656e-06
85,setting_1,3,4.93654970760234e-06
85,setting_1,4,5.0934967320261445e-06
85,setting_1,5,4.653333333333333e-06
85,setting_1,6,7.099883040935673e-06
85,setting_1,7,4.339869281045752e-06
85,setting_1,8,4.389122807017544e-06
85,setting_1,9,4.13766081871345e-06
85,setting_1,10,3.6125730994152053e-06
85,setting_2,1,8.479532163742689e-08
85,setting_2,2,8.035087719298245e-08
85,setting_2,3,5.695906432748539e-08
85,setting_2,4,9.751633986928105e-08
85,setting_2,5,8.16374269005848e-08
85,setting_2,6,1.0263157894736841e-07
85,setting_2,7,7.977124183006536e-08
85,setting_2,8,5.3859649122807023e-08
85,setting_2,9,6.263157894736843e-08
85,setting_2,10,8.719298245614034e-08
85,setting_3,1,0.0
85,setting_3,2,0.0
85,setting_3,3,0.0
85,setting_3,4,0.0
85,setting_3,5,0.0
85,setting_3,6,0.0
85,setting_3,7,0.0
85,setting_3,8,0.0
85,setting_3,9,0.0
85,setting_3,10,0.0
85,sensor_1,1,0.0
85,sensor_1,2,0.0
85,sensor_1,3,0.0
85,sensor_1,4,0.0
85,sensor_1,5,0.0
85,sensor_1,6,0.0
85,sensor_1,7,0.0
85,sensor_1,8,0.0
85,sensor_1,9,0.0
85,sensor_1,10,0.0
85,sensor_2,1,0.07594795321636538
85,sensor_2,2,0.06579532163742832
85,sensor_2,3,0.04084269005848867
85,sensor_2,4,0.10040294117648699
85,sensor_2,5,0.07996959064327178
85,sensor_2,6,0.06186081871345168
85,sensor_2,7,0.04390457516339995
85,sensor_2,8,0.040884210526321546
85,sensor_2,9,0.16970526315789622
85,sensor_2,10,0.0937695906432916
85,sensor_3,1,15.247650877193507
85,sensor_3,2,11.454039766081697
85,sensor_3,3,13.866015204678595
85,sensor_3,4,20.236057516339578
85,sensor_3,5,24.374609941520628
85,sensor_3,6,17.48922748538044
85,sensor_3,7,14.015069281045795
85,sensor_3,8,15.355856140350657
85,sensor_3,9,12.002239766081734
85,sensor_3,10,14.905500584795472
85,sensor_4,1,18.52119415204648
85,sensor_4,2,8.095394152046476
85,sensor_4,3,15.414833918128629
85,sensor_4,4,15.12242908496738
85,sensor_4,5,12.482802923976775
85,sensor_4,6,27.440636257309492
85,sensor_4,7,11.166665359476827
85,sensor_4,8,15.99034736842108
85,sensor_4,9,15.962998245613129
85,sensor_4,10,28.023680116958754
85,sensor_5,1,0.0
85,sensor_5,2,0.0
85,sensor_5,3,0.0
85,sensor_5,4,0.0
85,sensor_5,5,0.0
85,sensor_5,6,0.0
85,sensor_5,7,0.0
85,sensor_5,8,0.0
85,sensor_5,9,0.0
85,sensor_5,10,0.0
85,sensor_6,1,5.263157894735552e-06
85,sensor_6,2,0.0
85,sensor_6,3,0.0
85,sensor_6,4,0.0
85,sensor_6,5,0.0
85,sensor_6,6,0.0
85,sensor_6,7,0.0
85,sensor_6,8,0.0
85,sensor_6,9,0.0
85,sensor_6,10,0.0
85,sensor_7,1,0.14624853801167664
85,sensor_7,2,0.19657309941520673
85,sensor_7,3,0.25949532163741984
85,sensor_7,4,0.15839117647058798
85,sensor_7,5,0.22084444444445345
85,sensor_7,6,0.09781169590644548
85,sensor_7,7,0.1838222222222033
85,sensor_7,8,0.11603742690057636
85,sensor_7,9,0.19633216374269902
85,sensor_7,10,0.1590929824561525
85,sensor_8,1,0.0006228070175442264
85,sensor_8,2,0.001054385964908924
85,sensor_8,3,0.0009912280701745418
85,sensor_8,4,0.001214705882350071
85,sensor_8,5,0.0011561403508726373
85,sensor_8,6,0.0015467836257260234
85,sensor_8,7,0.0009898692810405513
85,sensor_8,8,0.0008368421052617074
85,sensor_8,9,0.000694152046791996
85,sensor_8,10,0.0017842105263340025
85,sensor_9,1,25.296437426899903
85,sensor_9,2,23.24230994151855
85,sensor_9,3,13.573004093567627
85,sensor_9,4,13.079035294116553
85,sensor_9,5,11.216133333334199
85,sensor_9,6,10.922369590646015
85,sensor_9,7,26.263132352936548
85,sensor_9,8,17.488606432747698
85,sensor_9,9,31.29076900584725
85,sensor_9,10,18.096383040933624
85,sensor_10,1,0.0
85,sensor_10,2,0.0
85,sensor_10,3,0.0
85,sensor_10,4,0.0
85,sensor_10,5,0.0
85,sensor_10,6,0.0
85,sensor_10,7,0.0
85,sensor_10,8,0.0
85,sensor_10,9,0.0
85,sensor_10,10,0.0
85,sensor_11,1,0.006469005847953205
85,sensor_11,2,0.005036842105262961
85,sensor_11,3,0.005959064327485374
85,sensor_11,4,0.012029084967320514
85,sensor_11,5,0.010858479532164296
85,sensor_11,6,0.0076286549707601055
85,sensor_11,7,0.008734967320261277
85,sensor_11,8,0.017977777777777496
85,sensor_11,9,0.010764912280701892
85,sensor_11,10,0.015967251461988533
85,sensor_12,1,0.11389239766081755
85,sensor_12,2,0.10379883040935241
85,sensor_12,3,0.10676491228071991
85,sensor_12,4,0.09829673202615585
85,sensor_12,5,0.07498947368421532
85,sensor_12,6,0.08597660818714381
85,sensor_12,7,0.06972941176469866
85,sensor_12,8,0.08526198830410589
85,sensor_12,9,0.11148771929823902
85,sensor_12,10,0.13382046783630824
85,sensor_13,1,0.0009538011695934523
85,sensor_13,2,0.0007807017543828326
85,sensor_13,3,0.00043625730994286484
85,sensor_13,4,0.0007790849673166618
85,sensor_13,5,0.0007584795321595775
85,sensor_13,6,0.0010701754385972874
85,sensor_13,7,0.0011794117647023793
85,sensor_13,8,0.0006210526315720846
85,sensor_13,9,0.0008023391812854416
85,sensor_13,10,0.0010982456140450354
85,sensor_14,1,11.706870175437535
85,sensor_14,2,9.1215561403495
85,sensor_14,3,6.579389473683855
85,sensor_14,4,15.479435294117556
85,sensor_14,5,14.104665497076406
85,sensor_14,6,9.1303263157897
85,sensor_14,7,9.516630065360005
85,sensor_14,8,8.723239766081635
85,sensor_14,9,6.826371929824266
85,sensor_14,10,14.073184210524897
85,sensor_15,1,0.00037153953216374666
85,sensor_15,2,0.0002785276608187097
85,sensor_15,3,0.0001587164912280679
85,sensor_15,4,0.0004025665359476994
85,sensor_15,5,0.0005400213450292515
85,sensor_15,6,0.00038313707602339014
85,sensor_15,7,0.0003383235294117839
85,sensor_15,8,0.00021439245614035651
85,sensor_15,9,0.0004613188888888726
85,sensor_15,10,0.0006443145029239661
85,sensor_16,1,0.0
85,sensor_16,2,0.0
85,sensor_16,3,0.0
85,sensor_16,4,0.0
85,sensor_16,5,0.0
85,sensor_16,6,0.0
85,sensor_16,7,0.0
85,sensor_16,8,0.0
85,sensor_16,9,0.0
85,sensor_16,10,0.0
85,sensor_17,1,0.8187134502923921
85,sensor_17,2,0.8128654970760113
85,sensor_17,3,0.9532163742690012
85,sensor_17,4,0.8496732026144046
85,sensor_17,5,0.9239766081871623
85,sensor_17,6,0.5847953216374221
85,sensor_17,7,0.8006535947712303
85,sensor_17,8,1.093567251461967
85,sensor_17,9,1.4678362573099555
85,sensor_17,10,1.2456140350877507
85,sensor_18,1,0.0
85,sensor_18,2,0.0
85,sensor_18,3,0.0
85,sensor_18,4,0.0
85,sensor_18,5,0.0
85,sensor_18,6,0.0
85,sensor_18,7,0.0
85,sensor_18,8,0.0
85,sensor_18,9,0.0
85,sensor_18,10,0.0
85,sensor_19,1,0.0
85,sensor_19,2,0.0
85,sensor_19,3,0.0
85,sensor_19,4,0.0
85,sensor_19,5,0.0
85,sensor_19,6,0.0
85,sensor_19,7,0.0
85,sensor_19,8,0.0
85,sensor_19,9,0.0
85,sensor_19,10,0.0
85,sensor_20,1,0.008448538011695896
85,sensor_20,2,0.011716374269006137
85,sensor_20,3,0.009527485380116895
85,sensor_20,4,0.01065653594771248
85,sensor_20,5,0.007226315789473841
85,sensor_20,6,0.011513450292397517
85,sensor_20,7,0.010505882352941167
85,sensor_20,8,0.0050485380116959844
85,sensor_20,9,0.00855964912280672
85,sensor_20,10,0.010680116959064049
85,sensor_21,1,0.0026551256140350836
85,sensor_21,2,0.0035105458479532826
85,sensor_21,3,0.006377120935672627
85,sensor_21,4,0.002781950751634053
85,sensor_21,5,0.002263916959064331
85,sensor_21,6,0.0045268922807017165
85,sensor_21,7,0.005171075555555586
85,sensor_21,8,0.004425346081871312
85,sensor_21,9,0.0035411567251462297
85,sensor_21,10,0.002805269122807079
86,setting_1,1,3.7499867724867716e-06
86,setting_1,2,3.1897883597883596e-06
86,setting_1,3,3.900039682539682e-06
86,setting_1,4,8.194102564102564e-06
86,setting_1,5,5.80989417989418e-06
86,setting_1,6,5.220992063492064e-06
86,setting_1,7,3.7048717948717954e-06
86,setting_1,8,4.9508994708994705e-06
86,setting_1,9,4.1732275132275125e-06
86,setting_1,10,5.568148148148149e-06
86,setting_2,1,9.148148148148151e-08
86,setting_2,2,8.370370370370367e-08
86,setting_2,3,7.804232804232807e-08
86,setting_2,4,1.0307692307692309e-07
86,setting_2,5,8.698412698412699e-08
86,setting_2,6,1.1000000000000002e-07
86,setting_2,7,7.233618233618231e-08
86,setting_2,8,9.358465608465608e-08
86,setting_2,9,5.4431216931216934e-08
86,setting_2,10,8.765873015873017e-08
86,setting_3,1,0.0
86,setting_3,2,0.0
86,setting_3,3,0.0
86,setting_3,4,0.0
86,setting_3,5,0.0
86,setting_3,6,0.0
86,setting_3,7,0.0
86,setting_3,8,0.0
86,setting_3,9,0.0
86,setting_3,10,0.0
86,sensor_1,1,0.0
86,sensor_1,2,0.0
86,sensor_1,3,0.0
86,sensor_1,4,0.0
86,sensor_1,5,0.0
86,sensor_1,6,0.0
86,sensor_1,7,0.0
86,sensor_1,8,0.0
86,sensor_1,9,0.0
86,sensor_1,10,0.0
86,sensor_2,1,0.07600462962962373
86,sensor_2,2,0.0964226190476099
86,sensor_2,3,0.11012857142856257
86,sensor_2,4,0.07064871794871726
86,sensor_2,5,0.08977817460317403
86,sensor_2,6,0.053765476190483434
86,sensor_2,7,0.11787464387465132
86,sensor_2,8,0.11741732804237189
86,sensor_2,9,0.14740992063493408
86,sensor_2,10,0.0960670634920681
86,sensor_3,1,21.748243386243644
86,sensor_3,2,10.656597222222157
86,sensor_3,3,15.761780291005403
86,sensor_3,4,12.409697720797677
86,sensor_3,5,9.58315132275137
86,sensor_3,6,30.76968399470922
86,sensor_3,7,16.233963532763667
86,sensor_3,8,14.260025925925307
86,sensor_3,9,14.37746706349253
86,sensor_3,10,11.388886772486584
86,sensor_4,1,15.919741137565724
86,sensor_4,2,18.237222619047877
86,sensor_4,3,16.882824735449663
86,sensor_4,4,20.855975498575877
86,sensor_4,5,14.299150661375654
86,sensor_4,6,15.777504100528992
86,sensor_4,7,21.700701994302555
86,sensor_4,8,13.229169841269549
86,sensor_4,9,21.404380291004525
86,sensor_4,10,14.504313624338645
86,sensor_5,1,0.0
86,sensor_5,2,0.0
86,sensor_5,3,0.0
86,sensor_5,4,0.0
86,sensor_5,5,0.0
86,sensor_5,6,0.0
86,sensor_5,7,0.0
86,sensor_5,8,0.0
86,sensor_5,9,0.0
86,sensor_5,10,0.0
86,sensor_6,1,3.5714285714300113e-06
86,sensor_6,2,0.0
86,sensor_6,3,0.0
86,sensor_6,4,0.0
86,sensor_6,5,0.0
86,sensor_6,6,0.0
86,sensor_6,7,0.0
86,sensor_6,8,0.0
86,sensor_6,9,0.0
86,sensor_6,10,0.0
86,sensor_7,1,0.14693280423280863
86,sensor_7,2,0.17171375661376503
86,sensor_7,3,0.130217328042335
86,sensor_7,4,0.15923960113960664
86,sensor_7,5,0.146171957671981
86,sensor_7,6,0.12618134920636823
86,sensor_7,7,0.1931717948718081
86,sensor_7,8,0.18532539682540144
86,sensor_7,9,0.23995171957672048
86,sensor_7,10,0.24481732804236905
86,sensor_8,1,0.0006222222222183596
86,sensor_8,2,0.0009068783068767369
86,sensor_8,3,0.0005719576719569887
86,sensor_8,4,0.0009413105413065083
86,sensor_8,5,0.0010534391534371649
86,sensor_8,6,0.000944312169311763
86,sensor_8,7,0.0007532763532747349
86,sensor_8,8,0.0008470899470866764
86,sensor_8,9,0.0008841269841205472
86,sensor_8,10,0.0010804232804312015
86,sensor_9,1,14.928444444443876
86,sensor_9,2,16.270003571426766
86,sensor_9,3,15.27304603174676
86,sensor_9,4,24.70830256410346
86,sensor_9,5,28.606780423278767
86,sensor_9,6,11.821878703702994
86,sensor_9,7,7.615788319089602
86,sensor_9,8,21.81452751323158
86,sensor_9,9,26.811930555555048
86,sensor_9,10,16.85094232803814
86,sensor_10,1,0.0
86,sensor_10,2,0.0
86,sensor_10,3,0.0
86,sensor_10,4,0.0
86,sensor_10,5,0.0
86,sensor_10,6,0.0
86,sensor_10,7,0.0
86,sensor_10,8,0.0
86,sensor_10,9,0.0
86,sensor_10,10,0.0
86,sensor_11,1,0.017166534391534247
86,sensor_11,2,0.010795767195766894
86,sensor_11,3,0.008330555555555601
86,sensor_11,4,0.010953846153846333
86,sensor_11,5,0.010141137566137494
86,sensor_11,6,0.005833201058200946
86,sensor_11,7,0.008254985754985985
86,sensor_11,8,0.014202513227513404
86,sensor_11,9,0.023202513227514012
86,sensor_11,10,0.014477645502645783
86,sensor_12,1,0.07921269841269162
86,sensor_12,2,0.1278624338624568
86,sensor_12,3,0.06748399470899155
86,sensor_12,4,0.1140960113960229
86,sensor_12,5,0.05852103174604156
86,sensor_12,6,0.06062962962962782
86,sensor_12,7,0.0542225071225093
86,sensor_12,8,0.11466917989418031
86,sensor_12,9,0.08799788359787894
86,sensor_12,10,0.165117989417989
86,sensor_13,1,0.0008957671957663839
86,sensor_13,2,0.0013136243386191603
86,sensor_13,3,0.0012582010582136618
86,sensor_13,4,0.0006267806267786404
86,sensor_13,5,0.0008772486772479363
86,sensor_13,6,0.0009210317460275875
86,sensor_13,7,0.0010487179487128724
86,sensor_13,8,0.001343253968242341
86,sensor_13,9,0.0017506613756532164
86,sensor_13,10,0.0007476190476208506
86,sensor_14,1,7.627354497355106
86,sensor_14,2,6.973262433863214
86,sensor_14,3,7.873233201058358
86,sensor_14,4,8.70704615384841
86,sensor_14,5,18.634262830687288
86,sensor_14,6,10.094335846562535
86,sensor_14,7,8.372767806267891
86,sensor_14,8,9.39858465608309
86,sensor_14,9,11.421711507935537
86,sensor_14,10,15.140170767194403
86,sensor_15,1,0.000561537817460314
86,sensor_15,2,0.00034725396825396014
86,sensor_15,3,0.00034117231481481684
86,sensor_15,4,0.0005784861538461562
86,sensor_15,5,0.00024736793650793253
86,sensor_15,6,0.00023433888888889294
86,sensor_15,7,0.0003612241025640904
86,sensor_15,8,0.00016591148148148538
86,sensor_15,9,0.0004411126322750932
86,sensor_15,10,0.0005731039550264511
86,sensor_16,1,0.0
86,sensor_16,2,0.0
86,sensor_16,3,0.0
86,sensor_16,4,0.0
86,sensor_16,5,0.0
86,sensor_16,6,0.0
86,sensor_16,7,0.0
86,sensor_16,8,0.0
86,sensor_16,9,0.0
86,sensor_16,10,0.0
86,sensor_17,1,0.772486772486773
86,sensor_17,2,0.77645502645502
86,sensor_17,3,1.142857142857143
86,sensor_17,4,0.6951566951566831
86,sensor_17,5,0.5132275132275116
86,sensor_17,6,0.9246031746031652
86,sensor_17,7,0.9943019943019933
86,sensor_17,8,1.111111111111116
86,sensor_17,9,0.8412698412698371
86,sensor_17,10,0.8677248677248756
86,sensor_18,1,0.0
86,sensor_18,2,0.0
86,sensor_18,3,0.0
86,sensor_18,4,0.0
86,sensor_18,5,0.0
86,sensor_18,6,0.0
86,sensor_18,7,0.0
86,sensor_18,8,0.0
86,sensor_18,9,0.0
86,sensor_18,10,0.0
86,sensor_19,1,0.0
86,sensor_19,2,0.0
86,sensor_19,3,0.0
86,sensor_19,4,0.0
86,sensor_19,5,0.0
86,sensor_19,6,0.0
86,sensor_19,7,0.0
86,sensor_19,8,0.0
86,sensor_19,9,0.0
86,sensor_19,10,0.0
86,sensor_20,1,0.015456481481481536
86,sensor_20,2,0.011969841269841274
86,sensor_20,3,0.009859259259259092
86,sensor_20,4,0.008400000000000121
86,sensor_20,5,0.013915740740740775
86,sensor_20,6,0.012429100529100665
86,sensor_20,7,0.01993789173789292
86,sensor_20,8,0.010203571428571588
86,sensor_20,9,0.01043968253968249
86,sensor_20,10,0.010170767195766884
86,sensor_21,1,0.004496541203703774
86,sensor_21,2,0.0021041860846560284
86,sensor_21,3,0.0026504602513227
86,sensor_21,4,0.0024176356410255725
86,sensor_21,5,0.002649803703703682
86,sensor_21,6,0.0034678236507936396
86,sensor_21,7,0.004477457720797667
86,sensor_21,8,0.0050303439550264725
86,sensor_21,9,0.005236511058201137
86,sensor_21,10,0.004041792103174665
87,setting_1,1,3.210457516339869e-06
87,setting_1,2,3.7214379084967322e-06
87,setting_1,3,5.686437908496732e-06
87,setting_1,4,5.962573529411765e-06
87,setting_1,5,6.322614379084968e-06
87,setting_1,6,5.665000000000001e-06
87,setting_1,7,4.084705882352941e-06
87,setting_1,8,5.25294117647059e-06
87,setting_1,9,2.389967320261438e-06
87,setting_1,10,4.548496732026144e-06
87,setting_2,1,1.097058823529412e-07
87,setting_2,2,6.38235294117647e-08
87,setting_2,3,9.663398692810458e-08
87,setting_2,4,8.779411764705883e-08
87,setting_2,5,8.457516339869282e-08
87,setting_2,6,9.153594771241829e-08
87,setting_2,7,8.639705882352943e-08
87,setting_2,8,6.735294117647058e-08
87,setting_2,9,8.705882352941177e-08
87,setting_2,10,7.035947712418301e-08
87,setting_3,1,0.0
87,setting_3,2,0.0
87,setting_3,3,0.0
87,setting_3,4,0.0
87,setting_3,5,0.0
87,setting_3,6,0.0
87,setting_3,7,0.0
87,setting_3,8,0.0
87,setting_3,9,0.0
87,setting_3,10,0.0
87,sensor_1,1,0.0
87,sensor_1,2,0.0
87,sensor_1,3,0.0
87,sensor_1,4,0.0
87,sensor_1,5,0.0
87,sensor_1,6,0.0
87,sensor_1,7,0.0
87,sensor_1,8,0.0
87,sensor_1,9,0.0
87,sensor_1,10,0.0
87,sensor_2,1,0.07344477124182819
87,sensor_2,2,0.07168888888890194
87,sensor_2,3,0.02699477124182909
87,sensor_2,4,0.06104705882351176
87,sensor_2,5,0.03853888888889974
87,sensor_2,6,0.1555088235294003
87,sensor_2,7,0.09439338235293372
87,sensor_2,8,0.06457647058823615
87,sensor_2,9,0.13969967320262094
87,sensor_2,10,0.06359379084967716
87,sensor_3,1,14.083200000000087
87,sensor_3,2,27.309853594771347
87,sensor_3,3,13.195134967320532
87,sensor_3,4,13.060988970587754
87,sensor_3,5,16.829061764706157
87,sensor_3,6,14.209229084967733
87,sensor_3,7,13.65591176470559
87,sensor_3,8,14.112883986927919
87,sensor_3,9,12.638588235293627
87,sensor_3,10,11.923120588235282
87,sensor_4,1,16.08705882352935
87,sensor_4,2,13.90853496732033
87,sensor_4,3,27.79788790849669
87,sensor_4,4,10.018636764706008
87,sensor_4,5,17.67065653594718
87,sensor_4,6,21.841456535947753
87,sensor_4,7,20.83093602941256
87,sensor_4,8,10.135672222222315
87,sensor_4,9,10.398316339869083
87,sensor_4,10,19.36092941176407
87,sensor_5,1,0.0
87,sensor_5,2,0.0
87,sensor_5,3,0.0
87,sensor_5,4,0.0
87,sensor_5,5,0.0
87,sensor_5,6,0.0
87,sensor_5,7,0.0
87,sensor_5,8,0.0
87,sensor_5,9,0.0
87,sensor_5,10,0.0
87,sensor_6,1,0.0
87,sensor_6,2,0.0
87,sensor_6,3,0.0
87,sensor_6,4,0.0
87,sensor_6,5,0.0
87,sensor_6,6,0.0
87,sensor_6,7,0.0
87,sensor_6,8,0.0
87,sensor_6,9,0.0
87,sensor_6,10,0.0
87,sensor_7,1,0.1476771241829947
87,sensor_7,2,0.2357882352941217
87,sensor_7,3,0.2103088235294135
87,sensor_7,4,0.10670073529412144
87,sensor_7,5,0.2692499999999902
87,sensor_7,6,0.156779084967337
87,sensor_7,7,0.163065441176476
87,sensor_7,8,0.10045261437906979
87,sensor_7,9,0.10568496732026354
87,sensor_7,10,0.3472732026143947
87,sensor_8,1,0.0008470588235338525
87,sensor_8,2,0.0007359477124181997
87,sensor_8,3,0.0011751633986862389
87,sensor_8,4,0.0005095588235276799
87,sensor_8,5,0.0004918300653551245
87,sensor_8,6,0.001447058823523852
87,sensor_8,7,0.000830882352941129
87,sensor_8,8,0.001014705882352996
87,sensor_8,9,0.0012029411764780816
87,sensor_8,10,0.001482352941171335
87,sensor_9,1,8.603282352939754
87,sensor_9,2,22.124610457512944
87,sensor_9,3,31.62654379085158
87,sensor_9,4,8.148100735291056
87,sensor_9,5,13.84786830065119
87,sensor_9,6,17.968210457514356
87,sensor_9,7,29.4415007352918
87,sensor_9,8,23.7013869281045
87,sensor_9,9,21.785738888890243
87,sensor_9,10,19.24366535947425
87,sensor_10,1,0.0
87,sensor_10,2,0.0
87,sensor_10,3,0.0
87,sensor_10,4,0.0
87,sensor_10,5,0.0
87,sensor_10,6,0.0
87,sensor_10,7,0.0
87,sensor_10,8,0.0
87,sensor_10,9,0.0
87,sensor_10,10,0.0
87,sensor_11,1,0.006638235294117477
87,sensor_11,2,0.007495751633987124
87,sensor_11,3,0.008453594771241987
87,sensor_11,4,0.01038161764705845
87,sensor_11,5,0.012931045751634127
87,sensor_11,6,0.0069584967320261495
87,sensor_11,7,0.0190882352941173
87,sensor_11,8,0.014779084967320319
87,sensor_11,9,0.013317647058823386
87,sensor_11,10,0.01946437908496838
87,sensor_12,1,0.08770849673202707
87,sensor_12,2,0.05898986928104
87,sensor_12,3,0.09846535947714063
87,sensor_12,4,0.10727573529412684
87,sensor_12,5,0.05730882352941095
87,sensor_12,6,0.049727124183011374
87,sensor_12,7,0.11848602941176148
87,sensor_12,8,0.10650849673201605
87,sensor_12,9,0.15327712418300163
87,sensor_12,10,0.09445359477125176
87,sensor_13,1,0.0005584967320240034
87,sensor_13,2,0.0012173202614290408
87,sensor_13,3,0.0005702614379071476
87,sensor_13,4,0.0007514705882281417
87,sensor_13,5,0.0009281045751641396
87,sensor_13,6,0.0005676470588255563
87,sensor_13,7,0.0006492647058796919
87,sensor_13,8,0.0015584967320250184
87,sensor_13,9,0.0011830065359515506
87,sensor_13,10,0.0006117647058897011
87,sensor_14,1,6.755223529411599
87,sensor_14,2,7.888099673203006
87,sensor_14,3,7.805382026143597
87,sensor_14,4,5.893752941176995
87,sensor_14,5,14.757391176471039
87,sensor_14,6,13.235543790848768
87,sensor_14,7,9.416136029410504
87,sensor_14,8,9.509864379086494
87,sensor_14,9,10.482044771242737
87,sensor_14,10,12.198324183005802
87,sensor_15,1,0.0002864681045751666
87,sensor_15,2,0.0005989864379084774
87,sensor_15,3,0.0006157896732026221
87,sensor_15,4,0.0003418338970588217
87,sensor_15,5,0.00028684918300653656
87,sensor_15,6,0.0006291119281045789
87,sensor_15,7,0.000448011838235272
87,sensor_15,8,0.0003864472222222283
87,sensor_15,9,0.0004295822222221992
87,sensor_15,10,0.0004332328104575276
87,sensor_16,1,0.0
87,sensor_16,2,0.0
87,sensor_16,3,0.0
87,sensor_16,4,0.0
87,sensor_16,5,0.0
87,sensor_16,6,0.0
87,sensor_16,7,0.0
87,sensor_16,8,0.0
87,sensor_16,9,0.0
87,sensor_16,10,0.0
87,sensor_17,1,1.2058823529411744
87,sensor_17,2,0.8235294117647287
87,sensor_17,3,1.0588235294117647
87,sensor_17,4,2.5661764705882684
87,sensor_17,5,0.823529411764704
87,sensor_17,6,0.7712418300653647
87,sensor_17,7,1.11764705882353
87,sensor_17,8,1.232026143790848
87,sensor_17,9,1.2712418300654276
87,sensor_17,10,0.732026143790851
87,sensor_18,1,0.0
87,sensor_18,2,0.0
87,sensor_18,3,0.0
87,sensor_18,4,0.0
87,sensor_18,5,0.0
87,sensor_18,6,0.0
87,sensor_18,7,0.0
87,sensor_18,8,0.0
87,sensor_18,9,0.0
87,sensor_18,10,0.0
87,sensor_19,1,0.0
87,sensor_19,2,0.0
87,sensor_19,3,0.0
87,sensor_19,4,0.0
87,sensor_19,5,0.0
87,sensor_19,6,0.0
87,sensor_19,7,0.0
87,sensor_19,8,0.0
87,sensor_19,9,0.0
87,sensor_19,10,0.0
87,sensor_20,1,0.009341176470588582
87,sensor_20,2,0.00615947712418296
87,sensor_20,3,0.013517647058823513
87,sensor_20,4,0.011209558823529583
87,sensor_20,5,0.014214705882351965
87,sensor_20,6,0.007939869281045881
87,sensor_20,7,0.010875735294117837
87,sensor_20,8,0.00972320261437915
87,sensor_20,9,0.014072222222222517
87,sensor_20,10,0.012919281045751818
87,sensor_21,1,0.0029254433986928147
87,sensor_21,2,0.0041653847058823355
87,sensor_21,3,0.0027993236928104863
87,sensor_21,4,0.0025139455882351703
87,sensor_21,5,0.0019180848692810161
87,sensor_21,6,0.005102294281045791
87,sensor_21,7,0.0031884575735294154
87,sensor_21,8,0.0020769946732026173
87,sensor_21,9,0.0026627116339869553
87,sensor_21,10,0.0034804417320262356
88,setting_1,1,4.856709956709957e-06
88,setting_1,2,4.565142857142858e-06
88,setting_1,3,3.961333333333334e-06
88,setting_1,4,4.834333333333334e-06
88,setting_1,5,5.435e-06
88,setting_1,6,4.970142857142856e-06
88,setting_1,7,5.189476190476189e-06
88,setting_1,8,3.302571428571428e-06
88,setting_1,9,3.992571428571429e-06
88,setting_1,10,4.091883116883117e-06
88,setting_2,1,6.25974025974026e-08
88,setting_2,2,8.814285714285716e-08
88,setting_2,3,6.014285714285714e-08
88,setting_2,4,7.447619047619047e-08
88,setting_2,5,6.658008658008657e-08
88,setting_2,6,6.561904761904761e-08
88,setting_2,7,8.833333333333333e-08
88,setting_2,8,7.947619047619049e-08
88,setting_2,9,7.69047619047619e-08
88,setting_2,10,7.396103896103896e-08
88,setting_3,1,0.0
88,setting_3,2,0.0
88,setting_3,3,0.0
88,setting_3,4,0.0
88,setting_3,5,0.0
88,setting_3,6,0.0
88,setting_3,7,0.0
88,setting_3,8,0.0
88,setting_3,9,0.0
88,setting_3,10,0.0
88,sensor_1,1,0.0
88,sensor_1,2,0.0
88,sensor_1,3,0.0
88,sensor_1,4,0.0
88,sensor_1,5,0.0
88,sensor_1,6,0.0
88,sensor_1,7,0.0
88,sensor_1,8,0.0
88,sensor_1,9,0.0
88,sensor_1,10,0.0
88,sensor_2,1,0.13854653679656237
88,sensor_2,2,0.07163904761904308
88,sensor_2,3,0.13768904761904982
88,sensor_2,4,0.15171904761904922
88,sensor_2,5,0.037625974025970337
88,sensor_2,6,0.1374190476190406
88,sensor_2,7,0.11956619047618544
88,sensor_2,8,0.08953476190473748
88,sensor_2,9,0.0963261904761821
88,sensor_2,10,0.12002770562771202
88,sensor_3,1,26.04888852813873
88,sensor_3,2,23.319203333333665
88,sensor_3,3,12.230276190475973
88,sensor_3,4,17.77249904761871
88,sensor_3,5,14.047310822510967
88,sensor_3,6,17.28080285714278
88,sensor_3,7,17.987634761906044
88,sensor_3,8,11.633459047619043
88,sensor_3,9,16.554169047618814
88,sensor_3,10,24.097003679654073
88,sensor_4,1,19.13711796536806
88,sensor_4,2,25.077935714285882
88,sensor_4,3,13.658189047618928
88,sensor_4,4,15.715393333333665
88,sensor_4,5,14.499747402597553
88,sensor_4,6,18.383089047619205
88,sensor_4,7,14.812144761904714
88,sensor_4,8,15.043583333333249
88,sensor_4,9,11.626394761904846
88,sensor_4,10,23.761939610389383
88,sensor_5,1,0.0
88,sensor_5,2,0.0
88,sensor_5,3,0.0
88,sensor_5,4,0.0
88,sensor_5,5,0.0
88,sensor_5,6,0.0
88,sensor_5,7,0.0
88,sensor_5,8,0.0
88,sensor_5,9,0.0
88,sensor_5,10,0.0
88,sensor_6,1,4.545454545456532e-06
88,sensor_6,2,0.0
88,sensor_6,3,4.761904761903351e-06
88,sensor_6,4,0.0
88,sensor_6,5,0.0
88,sensor_6,6,0.0
88,sensor_6,7,0.0
88,sensor_6,8,0.0
88,sensor_6,9,0.0
88,sensor_6,10,0.0
88,sensor_7,1,0.12935952380953403
88,sensor_7,2,0.1123890476190533
88,sensor_7,3,0.134332857142858
88,sensor_7,4,0.13407904761905423
88,sensor_7,5,0.17020606060605747
88,sensor_7,6,0.16756476190475716
88,sensor_7,7,0.18476333333333683
88,sensor_7,8,0.14934571428570914
88,sensor_7,9,0.1527890476190609
88,sensor_7,10,0.21115757575755342
88,sensor_8,1,0.0009266233766261966
88,sensor_8,2,0.0005761904761904012
88,sensor_8,3,0.000656190476191561
88,sensor_8,4,0.0015690476190494472
88,sensor_8,5,0.0006718614718547149
88,sensor_8,6,0.0010361904761898905
88,sensor_8,7,0.0011090476190434805
88,sensor_8,8,0.001256190476194804
88,sensor_8,9,0.0011661904761893175
88,sensor_8,10,0.0009679653679636512
88,sensor_9,1,11.64755692640662
88,sensor_9,2,19.990703333334107
88,sensor_9,3,9.796496190473478
88,sensor_9,4,11.57043571428627
88,sensor_9,5,15.349101515149322
88,sensor_9,6,23.42907285714578
88,sensor_9,7,20.113649047615716
88,sensor_9,8,33.98106285713902
88,sensor_9,9,60.52693904761359
88,sensor_9,10,113.6750885281492
88,sensor_10,1,0.0
88,sensor_10,2,0.0
88,sensor_10,3,0.0
88,sensor_10,4,0.0
88,sensor_10,5,0.0
88,sensor_10,6,0.0
88,sensor_10,7,0.0
88,sensor_10,8,0.0
88,sensor_10,9,0.0
88,sensor_10,10,0.0
88,sensor_11,1,0.011094372294372292
88,sensor_11,2,0.01158476190476199
88,sensor_11,3,0.006165714285714368
88,sensor_11,4,0.008924761904761767
88,sensor_11,5,0.009850432900432898
88,sensor_11,6,0.012563333333332857
88,sensor_11,7,0.010824761904762168
88,sensor_11,8,0.012782857142857072
88,sensor_11,9,0.008314761904761736
88,sensor_11,10,0.02148744588744635
88,sensor_12,1,0.06400606060605928
88,sensor_12,2,0.06990619047619125
88,sensor_12,3,0.055190000000006526
88,sensor_12,4,0.09934285714285292
88,sensor_12,5,0.04899913419912883
88,sensor_12,6,0.12210904761904037
88,sensor_12,7,0.0862247619047598
88,sensor_12,8,0.06880904761906338
88,sensor_12,9,0.1157390476190838
88,sensor_12,10,0.08430995670997839
88,sensor_13,1,0.0007636363636385015
88,sensor_13,2,0.0004547619047630829
88,sensor_13,3,0.0014990476190486076
88,sensor_13,4,0.0007747619047667373
88,sensor_13,5,0.0003385281385257041
88,sensor_13,6,0.0012614285714360471
88,sensor_13,7,0.0004290476190465063
88,sensor_13,8,0.0009728571428520556
88,sensor_13,9,0.0006333333333344854
88,sensor_13,10,0.00202532467531561
88,sensor_14,1,7.368748917749346
88,sensor_14,2,19.89230000000058
88,sensor_14,3,9.125960000000342
88,sensor_14,4,11.287629047618463
88,sensor_14,5,6.8129489177488605
88,sensor_14,6,17.162994761903985
88,sensor_14,7,15.462599999997613
88,sensor_14,8,19.704509047620864
88,sensor_14,9,20.863242857141536
88,sensor_14,10,73.00967619048103
88,sensor_15,1,0.00032644538961039106
88,sensor_15,2,0.0002573522857142829
88,sensor_15,3,0.00014725990476189914
88,sensor_15,4,0.00026670957142855395
88,sensor_15,5,0.0004445446753246595
88,sensor_15,6,0.0004687854761904941
88,sensor_15,7,0.0005146569047619154
88,sensor_15,8,0.000433106999999998
88,sensor_15,9,0.0005428041428571205
88,sensor_15,10,0.0008668774242424316
88,sensor_16,1,0.0
88,sensor_16,2,0.0
88,sensor_16,3,0.0
88,sensor_16,4,0.0
88,sensor_16,5,0.0
88,sensor_16,6,0.0
88,sensor_16,7,0.0
88,sensor_16,8,0.0
88,sensor_16,9,0.0
88,sensor_16,10,0.0
88,sensor_17,1,0.9264069264068998
88,sensor_17,2,0.947619047619064
88,sensor_17,3,0.6904761904761931
88,sensor_17,4,1.5619047619047466
88,sensor_17,5,0.8246753246753334
88,sensor_17,6,1.0000000000000135
88,sensor_17,7,1.3619047619047495
88,sensor_17,8,0.4904761904761923
88,sensor_17,9,1.2619047619047614
88,sensor_17,10,1.023809523809522
88,sensor_18,1,0.0
88,sensor_18,2,0.0
88,sensor_18,3,0.0
88,sensor_18,4,0.0
88,sensor_18,5,0.0
88,sensor_18,6,0.0
88,sensor_18,7,0.0
88,sensor_18,8,0.0
88,sensor_18,9,0.0
88,sensor_18,10,0.0
88,sensor_19,1,0.0
88,sensor_19,2,0.0
88,sensor_19,3,0.0
88,sensor_19,4,0.0
88,sensor_19,5,0.0
88,sensor_19,6,0.0
88,sensor_19,7,0.0
88,sensor_19,8,0.0
88,sensor_19,9,0.0
88,sensor_19,10,0.0
88,sensor_20,1,0.01335844155844124
88,sensor_20,2,0.011620000000000064
88,sensor_20,3,0.007049047619047702
88,sensor_20,4,0.007013333333332851
88,sensor_20,5,0.01585887445887438
88,sensor_20,6,0.01041904761904766
88,sensor_20,7,0.008431428571428748
88,sensor_20,8,0.009962857142857152
88,sensor_20,9,0.006013333333333193
88,sensor_20,10,0.007349783549783354
88,sensor_21,1,0.0037768375108224693
88,sensor_21,2,0.002729168333333253
88,sensor_21,3,0.003708784333333407
88,sensor_21,4,0.0031071559047618643
88,sensor_21,5,0.005983293008658072
88,sensor_21,6,0.0033074016190476354
88,sensor_21,7,0.002220950142857093
88,sensor_21,8,0.003634268619047652
88,sensor_21,9,0.004183430476190483
88,sensor_21,10,0.0069615650432897505
89,setting_1,1,3.3658874458874457e-06
89,setting_1,2,3.4203679653679656e-06
89,setting_1,3,3.817904761904762e-06
89,setting_1,4,4.884502164502164e-06
89,setting_1,5,5.825714285714286e-06
89,setting_1,6,4.298619047619047e-06
89,setting_1,7,5.313073593073593e-06
89,setting_1,8,3.708904761904761e-06
89,setting_1,9,4.258030303030303e-06
89,setting_1,10,5.814458874458874e-06
89,setting_2,1,8.824675324675326e-08
89,setting_2,2,9.194805194805195e-08
89,setting_2,3,6.961904761904762e-08
89,setting_2,4,5.3333333333333334e-08
89,setting_2,5,1.1136363636363637e-07
89,setting_2,6,9.628571428571426e-08
89,setting_2,7,7.872294372294372e-08
89,setting_2,8,6.061904761904762e-08
89,setting_2,9,6.642857142857143e-08
89,setting_2,10,7.324675324675326e-08
89,setting_3,1,0.0
89,setting_3,2,0.0
89,setting_3,3,0.0
89,setting_3,4,0.0
89,setting_3,5,0.0
89,setting_3,6,0.0
89,setting_3,7,0.0
89,setting_3,8,0.0
89,setting_3,9,0.0
89,setting_3,10,0.0
89,sensor_1,1,0.0
89,sensor_1,2,0.0
89,sensor_1,3,0.0
89,sensor_1,4,0.0
89,sensor_1,5,0.0
89,sensor_1,6,0.0
89,sensor_1,7,0.0
89,sensor_1,8,0.0
89,sensor_1,9,0.0
89,sensor_1,10,0.0
89,sensor_2,1,0.0845569264069349
89,sensor_2,2,0.09454740259740262
89,sensor_2,3,0.1260690476190584
89,sensor_2,4,0.0927870129870024
89,sensor_2,5,0.032380086580085815
89,sensor_2,6,0.1476657142857131
89,sensor_2,7,0.0863872294372339
89,sensor_2,8,0.03242476190476663
89,sensor_2,9,0.07406320346319364
89,sensor_2,10,0.0904538961038998
89,sensor_3,1,12.755624242424357
89,sensor_3,2,17.191618181818313
89,sensor_3,3,16.065579047618865
89,sensor_3,4,18.536399350648885
89,sensor_3,5,14.330955194804634
89,sensor_3,6,16.54894904761921
89,sensor_3,7,10.840161255411724
89,sensor_3,8,16.022544761904758
89,sensor_3,9,21.963206926406855
89,sensor_3,10,15.595323809523972
89,sensor_4,1,25.32826839826825
89,sensor_4,2,10.992882251082229
89,sensor_4,3,20.45256476190496
89,sensor_4,4,7.074504112554066
89,sensor_4,5,20.84391883116905
89,sensor_4,6,22.82320285714287
89,sensor_4,7,17.373913419913247
89,sensor_4,8,12.678881428571348
89,sensor_4,9,16.78938701298683
89,sensor_4,10,18.319218398268024
89,sensor_5,1,0.0
89,sensor_5,2,0.0
89,sensor_5,3,0.0
89,sensor_5,4,0.0
89,sensor_5,5,0.0
89,sensor_5,6,0.0
89,sensor_5,7,0.0
89,sensor_5,8,0.0
89,sensor_5,9,0.0
89,sensor_5,10,0.0
89,sensor_6,1,1.2337662337641744e-05
89,sensor_6,2,0.0
89,sensor_6,3,0.0
89,sensor_6,4,8.658008658005886e-06
89,sensor_6,5,0.0
89,sensor_6,6,0.0
89,sensor_6,7,0.0
89,sensor_6,8,0.0
89,sensor_6,9,0.0
89,sensor_6,10,0.0
89,sensor_7,1,0.0893707792207762
89,sensor_7,2,0.2209898268398128
89,sensor_7,3,0.1349590476190624
89,sensor_7,4,0.22462597402596965
89,sensor_7,5,0.16326406926406495
89,sensor_7,6,0.10623619047620081
89,sensor_7,7,0.15284177489179082
89,sensor_7,8,0.3283847619047847
89,sensor_7,9,0.14799913419914892
89,sensor_7,10,0.36394891774892396
89,sensor_8,1,0.0009307359307399824
89,sensor_8,2,0.0009378787878833906
89,sensor_8,3,0.00040619047618561396
89,sensor_8,4,0.0006346320346338355
89,sensor_8,5,0.00035411255411039604
89,sensor_8,6,0.0014247619047587016
89,sensor_8,7,0.0011742424242423975
89,sensor_8,8,0.0008147619047628321
89,sensor_8,9,0.0006919913419866604
89,sensor_8,10,0.0013266233766169584
89,sensor_9,1,19.250822727272777
89,sensor_9,2,12.073359307357315
89,sensor_9,3,14.245595714286049
89,sensor_9,4,9.294306493508719
89,sensor_9,5,18.36566341991475
89,sensor_9,6,26.922984761909497
89,sensor_9,7,25.883970562772085
89,sensor_9,8,12.640042857141756
89,sensor_9,9,30.322104112552097
89,sensor_9,10,32.196732683982674
89,sensor_10,1,0.0
89,sensor_10,2,0.0
89,sensor_10,3,0.0
89,sensor_10,4,0.0
89,sensor_10,5,0.0
89,sensor_10,6,0.0
89,sensor_10,7,0.0
89,sensor_10,8,0.0
89,sensor_10,9,0.0
89,sensor_10,10,0.0
89,sensor_11,1,0.013177705627705923
89,sensor_11,2,0.008992207792207548
89,sensor_11,3,0.021074761904761617
89,sensor_11,4,0.007864069264069186
89,sensor_11,5,0.009573160173160272
89,sensor_11,6,0.014815714285714649
89,sensor_11,7,0.012756926406926286
89,sensor_11,8,0.01014904761904773
89,sensor_11,9,0.00852294372294372
89,sensor_11,10,0.018909307359306602
89,sensor_12,1,0.07528506493506645
89,sensor_12,2,0.10874220779220474
89,sensor_12,3,0.09704904761903274
89,sensor_12,4,0.13194891774889483
89,sensor_12,5,0.0950346320346308
89,sensor_12,6,0.11630333333335016
89,sensor_12,7,0.09141471861471445
89,sensor_12,8,0.07832999999997822
89,sensor_12,9,0.14353787878786944
89,sensor_12,10,0.09642532467530714
89,sensor_13,1,0.0010218614718617563
89,sensor_13,2,0.0007809523809524838
89,sensor_13,3,0.0009161904761908934
89,sensor_13,4,0.0010331168831171887
89,sensor_13,5,0.00045454545454143183
89,sensor_13,6,0.0010028571428439257
89,sensor_13,7,0.0007854978354953259
89,sensor_13,8,0.001319047619061715
89,sensor_13,9,0.0016824675324646058
89,sensor_13,10,0.001125541125549264
89,sensor_14,1,8.73538722943856
89,sensor_14,2,13.054345670995612
89,sensor_14,3,8.730000000001315
89,sensor_14,4,8.47593073593127
89,sensor_14,5,10.314341991342777
89,sensor_14,6,6.275205714286523
89,sensor_14,7,6.128279004328349
89,sensor_14,8,18.18848476190461
89,sensor_14,9,14.868296969696374
89,sensor_14,10,18.06251948052175
89,sensor_15,1,0.00037219041125543
89,sensor_15,2,0.0002766587878787982
89,sensor_15,3,0.0001752252857142927
89,sensor_15,4,0.00034767385281384423
89,sensor_15,5,0.00031603809523809105
89,sensor_15,6,0.00042233561904761474
89,sensor_15,7,0.00037788348484848127
89,sensor_15,8,0.0004425749047618972
89,sensor_15,9,0.00035324071428571895
89,sensor_15,10,0.0004982868398268229
89,sensor_16,1,0.0
89,sensor_16,2,0.0
89,sensor_16,3,0.0
89,sensor_16,4,0.0
89,sensor_16,5,0.0
89,sensor_16,6,0.0
89,sensor_16,7,0.0
89,sensor_16,8,0.0
89,sensor_16,9,0.0
89,sensor_16,10,0.0
89,sensor_17,1,1.1103896103895974
89,sensor_17,2,1.0476190476190506
89,sensor_17,3,0.5904761904762028
89,sensor_17,4,0.8939393939393903
89,sensor_17,5,0.902597402597415
89,sensor_17,6,0.5142857142857161
89,sensor_17,7,1.404761904761915
89,sensor_17,8,0.7571428571428825
89,sensor_17,9,0.5714285714286104
89,sensor_17,10,0.9090909090908836
89,sensor_18,1,0.0
89,sensor_18,2,0.0
89,sensor_18,3,0.0
89,sensor_18,4,0.0
89,sensor_18,5,0.0
89,sensor_18,6,0.0
89,sensor_18,7,0.0
89,sensor_18,8,0.0
89,sensor_18,9,0.0
89,sensor_18,10,0.0
89,sensor_19,1,0.0
89,sensor_19,2,0.0
89,sensor_19,3,0.0
89,sensor_19,4,0.0
89,sensor_19,5,0.0
89,sensor_19,6,0.0
89,sensor_19,7,0.0
89,sensor_19,8,0.0
89,sensor_19,9,0.0
89,sensor_19,10,0.0
89,sensor_20,1,0.014137878787878448
89,sensor_20,2,0.010292857142857314
89,sensor_20,3,0.008366190476190135
89,sensor_20,4,0.011309956709956834
89,sensor_20,5,0.010258874458874537
89,sensor_20,6,0.011512857142856901
89,sensor_20,7,0.009291774891774938
89,sensor_20,8,0.016055714285713635
89,sensor_20,9,0.010704112554111956
89,sensor_20,10,0.01967532467532424
89,sensor_21,1,0.0039982555194805055
89,sensor_21,2,0.003012217597402515
89,sensor_21,3,0.0025394279047618843
89,sensor_21,4,0.001955596818181619
89,sensor_21,5,0.004565557770562927
89,sensor_21,6,0.003668646333333396
89,sensor_21,7,0.004222695173160161
89,sensor_21,8,0.003027891999999885
89,sensor_21,9,0.0034639977705629306
89,sensor_21,10,0.004311965995671129
90,setting_1,1,7.175291666666666e-06
90,setting_1,2,8.965428571428571e-06
90,setting_1,3,3.8063809523809527e-06
90,setting_1,4,2.4013333333333336e-06
90,setting_1,5,7.779238095238095e-06
90,setting_1,6,5.004095238095237e-06
90,setting_1,7,3.854499999999999e-06
90,setting_1,8,7.592095238095238e-06
90,setting_1,9,2.1071428571428572e-06
90,setting_1,10,3.287833333333333e-06
90,setting_2,1,1.0383333333333333e-07
90,setting_2,2,6.542857142857142e-08
90,setting_2,3,2.7809523809523813e-08
90,setting_2,4,8.7625e-08
90,setting_2,5,8.495238095238096e-08
90,setting_2,6,9.066666666666666e-08
90,setting_2,7,1.1495833333333337e-07
90,setting_2,8,8.409523809523808e-08
90,setting_2,9,5.6952380952380924e-08
90,setting_2,10,8.65e-08
90,setting_3,1,0.0
90,setting_3,2,0.0
90,setting_3,3,0.0
90,setting_3,4,0.0
90,setting_3,5,0.0
90,setting_3,6,0.0
90,setting_3,7,0.0
90,setting_3,8,0.0
90,setting_3,9,0.0
90,setting_3,10,0.0
90,sensor_1,1,0.0
90,sensor_1,2,0.0
90,sensor_1,3,0.0
90,sensor_1,4,0.0
90,sensor_1,5,0.0
90,sensor_1,6,0.0
90,sensor_1,7,0.0
90,sensor_1,8,0.0
90,sensor_1,9,0.0
90,sensor_1,10,0.0
90,sensor_2,1,0.09132666666666561
90,sensor_2,2,0.11139999999998618
90,sensor_2,3,0.10055999999999923
90,sensor_2,4,0.09470500000000821
90,sensor_2,5,0.10182095238095026
90,sensor_2,6,0.13263999999995665
90,sensor_2,7,0.06730666666666131
90,sensor_2,8,0.1090352380952225
90,sensor_2,9,0.08063523809523944
90,sensor_2,10,0.09286291666665306
90,sensor_3,1,8.610465000000165
90,sensor_3,2,12.348226666666374
90,sensor_3,3,24.98123999999973
90,sensor_3,4,11.274611666666512
90,sensor_3,5,14.947998095237924
90,sensor_3,6,13.860066666666546
90,sensor_3,7,18.313091666666715
90,sensor_3,8,21.76185428571363
90,sensor_3,9,11.91084952380954
90,sensor_3,10,19.114549583334046
90,sensor_4,1,22.43993625000022
90,sensor_4,2,6.899302857142672
90,sensor_4,3,12.051197142857342
90,sensor_4,4,25.527371666665864
90,sensor_4,5,12.419749523809442
90,sensor_4,6,12.696478095238282
90,sensor_4,7,22.832411666666086
90,sensor_4,8,15.782082857143038
90,sensor_4,9,14.806985714285663
90,sensor_4,10,25.28697624999943
90,sensor_5,1,0.0
90,sensor_5,2,0.0
90,sensor_5,3,0.0
90,sensor_5,4,0.0
90,sensor_5,5,0.0
90,sensor_5,6,0.0
90,sensor_5,7,0.0
90,sensor_5,8,0.0
90,sensor_5,9,0.0
90,sensor_5,10,0.0
90,sensor_6,1,0.0
90,sensor_6,2,1.2380952380945884e-05
90,sensor_6,3,0.0
90,sensor_6,4,0.0
90,sensor_6,5,0.0
90,sensor_6,6,6.666666666665282e-06
90,sensor_6,7,0.0
90,sensor_6,8,0.0
90,sensor_6,9,0.0
90,sensor_6,10,0.0
90,sensor_7,1,0.17092958333331768
90,sensor_7,2,0.16151238095237064
90,sensor_7,3,0.3631828571427945
90,sensor_7,4,0.09536624999996855
90,sensor_7,5,0.20094000000001433
90,sensor_7,6,0.12176952380952948
90,sensor_7,7,0.20367333333333365
90,sensor_7,8,0.21278380952380221
90,sensor_7,9,0.14521142857140942
90,sensor_7,10,0.40895833333323844
90,sensor_8,1,0.0011595833333356987
90,sensor_8,2,0.0007980952380938075
90,sensor_8,3,0.001012380952375475
90,sensor_8,4,0.0009316666666619765
90,sensor_8,5,0.0014314285714307682
90,sensor_8,6,0.0005599999999967532
90,sensor_8,7,0.0008995833333322828
90,sensor_8,8,0.0007066666666673733
90,sensor_8,9,0.0010352380952482203
90,sensor_8,10,0.0014962500000048617
90,sensor_9,1,36.109759583323175
90,sensor_9,2,17.549997142849836
90,sensor_9,3,17.36954571429041
90,sensor_9,4,12.84125291666411
90,sensor_9,5,25.576028571430502
90,sensor_9,6,32.54171238095177
90,sensor_9,7,19.553142916667237
90,sensor_9,8,20.90463809523937
90,sensor_9,9,10.421049523810238
90,sensor_9,10,14.260036250001038
90,sensor_10,1,0.0
90,sensor_10,2,0.0
90,sensor_10,3,0.0
90,sensor_10,4,0.0
90,sensor_10,5,0.0
90,sensor_10,6,0.0
90,sensor_10,7,0.0
90,sensor_10,8,0.0
90,sensor_10,9,0.0
90,sensor_10,10,0.0
90,sensor_11,1,0.009966249999999824
90,sensor_11,2,0.01627809523809527
90,sensor_11,3,0.012149523809524065
90,sensor_11,4,0.023059583333333418
90,sensor_11,5,0.009325714285714309
90,sensor_11,6,0.011955238095238116
90,sensor_11,7,0.01223833333333354
90,sensor_11,8,0.00712095238095235
90,sensor_11,9,0.008212380952380924
90,sensor_11,10,0.021312916666668014
90,sensor_12,1,0.06606958333333585
90,sensor_12,2,0.08026952380951084
90,sensor_12,3,0.09756857142855821
90,sensor_12,4,0.09187291666667595
90,sensor_12,5,0.08231714285715916
90,sensor_12,6,0.10485428571426907
90,sensor_12,7,0.11491833333331421
90,sensor_12,8,0.11528571428572183
90,sensor_12,9,0.17722095238093713
90,sensor_12,10,0.16345291666661133
90,sensor_13,1,0.0006329166666701977
90,sensor_13,2,0.0010923809523741893
90,sensor_13,3,0.0007980952380946644
90,sensor_13,4,0.0006262499999932235
90,sensor_13,5,0.0007095238095313209
90,sensor_13,6,0.0009171428571443453
90,sensor_13,7,0.0013829166666637
90,sensor_13,8,0.0006809523809508817
90,sensor_13,9,0.0007838095238141104
90,sensor_13,10,0.0023583333333400346
90,sensor_14,1,6.809876250000683
90,sensor_14,2,14.324963809523778
90,sensor_14,3,12.711766666666588
90,sensor_14,4,6.905886666667443
90,sensor_14,5,9.151517142855974
90,sensor_14,6,8.241206666666518
90,sensor_14,7,6.641246250000364
90,sensor_14,8,13.851559999999562
90,sensor_14,9,17.01006952381039
90,sensor_14,10,23.895486666668653
90,sensor_15,1,0.0004072826666666898
90,sensor_15,2,0.000481366952380954
90,sensor_15,3,0.0005621012380952168
90,sensor_15,4,0.0002646242916666803
90,sensor_15,5,0.0005466269523809264
90,sensor_15,6,0.0006150011428571456
90,sensor_15,7,0.00021325066666666911
90,sensor_15,8,0.000253719238095235
90,sensor_15,9,0.0006702297142856962
90,sensor_15,10,0.0007299153333333138
90,sensor_16,1,0.0
90,sensor_16,2,0.0
90,sensor_16,3,0.0
90,sensor_16,4,0.0
90,sensor_16,5,0.0
90,sensor_16,6,0.0
90,sensor_16,7,0.0
90,sensor_16,8,0.0
90,sensor_16,9,0.0
90,sensor_16,10,0.0
90,sensor_17,1,0.6625
90,sensor_17,2,0.8285714285714219
90,sensor_17,3,0.8857142857142816
90,sensor_17,4,0.8958333333333409
90,sensor_17,5,1.1238095238095076
90,sensor_17,6,0.6380952380952314
90,sensor_17,7,1.1291666666666795
90,sensor_17,8,0.8380952380952298
90,sensor_17,9,0.7428571428571653
90,sensor_17,10,0.7833333333333565
90,sensor_18,1,0.0
90,sensor_18,2,0.0
90,sensor_18,3,0.0
90,sensor_18,4,0.0
90,sensor_18,5,0.0
90,sensor_18,6,0.0
90,sensor_18,7,0.0
90,sensor_18,8,0.0
90,sensor_18,9,0.0
90,sensor_18,10,0.0
90,sensor_19,1,0.0
90,sensor_19,2,0.0
90,sensor_19,3,0.0
90,sensor_19,4,0.0
90,sensor_19,5,0.0
90,sensor_19,6,0.0
90,sensor_19,7,0.0
90,sensor_19,8,0.0
90,sensor_19,9,0.0
90,sensor_19,10,0.0
90,sensor_20,1,0.0075862499999997356
90,sensor_20,2,0.008568571428571509
90,sensor_20,3,0.002383809523809681
90,sensor_20,4,0.008446666666666507
90,sensor_20,5,0.005395238095238094
90,sensor_20,6,0.010825714285713984
90,sensor_20,7,0.009766249999999912
90,sensor_20,8,0.0075428571428571775
90,sensor_20,9,0.010809523809524402
90,sensor_20,10,0.018156250000000047
90,sensor_21,1,0.005845453166666588
90,sensor_21,2,0.002309001142857017
90,sensor_21,3,0.004781754571428547
90,sensor_21,4,0.0050445059583332915
90,sensor_21,5,0.00496958638095242
90,sensor_21,6,0.0051572699999999855
90,sensor_21,7,0.003328194500000074
90,sensor_21,8,0.0037586598095238955
90,sensor_21,9,0.00336288885714292
90,sensor_21,10,0.004702710291666622
91,setting_1,1,4.386428571428572e-06
91,setting_1,2,2.167435897435897e-06
91,setting_1,3,6.866813186813188e-06
91,setting_1,4,5.9076923076923075e-06
91,setting_1,5,5.4171978021978e-06
91,setting_1,6,9.305641025641026e-06
91,setting_1,7,5.627564102564102e-06
91,setting_1,8,3.933021978021978e-06
91,setting_1,9,6.9719230769230766e-06
91,setting_1,10,4.802252747252747e-06
91,setting_2,1,5.939560439560439e-08
91,setting_2,2,8.35897435897436e-08
91,setting_2,3,8.725274725274725e-08
91,setting_2,4,1.1076923076923075e-07
91,setting_2,5,6.989010989010989e-08
91,setting_2,6,4.4102564102564104e-08
91,setting_2,7,6.756410256410258e-08
91,setting_2,8,1.1302197802197802e-07
91,setting_2,9,1.1358974358974359e-07
91,setting_2,10,7.186813186813187e-08
91,setting_3,1,0.0
91,setting_3,2,0.0
91,setting_3,3,0.0
91,setting_3,4,0.0
91,setting_3,5,0.0
91,setting_3,6,0.0
91,setting_3,7,0.0
91,setting_3,8,0.0
91,setting_3,9,0.0
91,setting_3,10,0.0
91,sensor_1,1,0.0
91,sensor_1,2,0.0
91,sensor_1,3,0.0
91,sensor_1,4,0.0
91,sensor_1,5,0.0
91,sensor_1,6,0.0
91,sensor_1,7,0.0
91,sensor_1,8,0.0
91,sensor_1,9,0.0
91,sensor_1,10,0.0
91,sensor_2,1,0.05534120879120833
91,sensor_2,2,0.17734743589744897
91,sensor_2,3,0.05936043956043823
91,sensor_2,4,0.07566923076922985
91,sensor_2,5,0.12191868131870136
91,sensor_2,6,0.08515641025640507
91,sensor_2,7,0.15384102564102023
91,sensor_2,8,0.07611923076923818
91,sensor_2,9,0.1440525641025497
91,sensor_2,10,0.09277197802197937
91,sensor_3,1,22.424778571428597
91,sensor_3,2,18.59338076923082
91,sensor_3,3,25.41116318681289
91,sensor_3,4,25.489056410256325
91,sensor_3,5,15.195857692307309
91,sensor_3,6,18.369947435896872
91,sensor_3,7,14.93434102564086
91,sensor_3,8,7.4393912087912675
91,sensor_3,9,23.197952564102568
91,sensor_3,10,10.165002747252707
91,sensor_4,1,7.212895054944956
91,sensor_4,2,22.748308974358768
91,sensor_4,3,8.67947692307675
91,sensor_4,4,10.461697435897255
91,sensor_4,5,10.36322692307709
91,sensor_4,6,8.512264102564155
91,sensor_4,7,8.923673076923272
91,sensor_4,8,20.740453296703127
91,sensor_4,9,34.92838076923056
91,sensor_4,10,13.143545054944932
91,sensor_5,1,0.0
91,sensor_5,2,0.0
91,sensor_5,3,0.0
91,sensor_5,4,0.0
91,sensor_5,5,0.0
91,sensor_5,6,0.0
91,sensor_5,7,0.0
91,sensor_5,8,0.0
91,sensor_5,9,0.0
91,sensor_5,10,0.0
91,sensor_6,1,0.0
91,sensor_6,2,0.0
91,sensor_6,3,0.0
91,sensor_6,4,0.0
91,sensor_6,5,0.0
91,sensor_6,6,0.0
91,sensor_6,7,0.0
91,sensor_6,8,0.0
91,sensor_6,9,0.0
91,sensor_6,10,0.0
91,sensor_7,1,0.24114120879123388
91,sensor_7,2,0.21184999999994872
91,sensor_7,3,0.17886868131868872
91,sensor_7,4,0.18747307692307294
91,sensor_7,5,0.1428153846154241
91,sensor_7,6,0.19734230769229302
91,sensor_7,7,0.2248756410256634
91,sensor_7,8,0.11496098901098287
91,sensor_7,9,0.0467410256410525
91,sensor_7,10,0.3291846153847108
91,sensor_8,1,0.0009478021978058682
91,sensor_8,2,0.0010730769230765708
91,sensor_8,3,0.00096043956043765
91,sensor_8,4,0.00047692307691648514
91,sensor_8,5,0.0006131868131886862
91,sensor_8,6,0.0010089743589750825
91,sensor_8,7,0.0010435897435801154
91,sensor_8,8,0.001380219780220071
91,sensor_8,9,0.000719230769237326
91,sensor_8,10,0.0007604395604357626
91,sensor_9,1,24.69355164834841
91,sensor_9,2,19.952991025638166
91,sensor_9,3,7.935964835163684
91,sensor_9,4,17.611226923079542
91,sensor_9,5,19.508734065934473
91,sensor_9,6,11.317476923073821
91,sensor_9,7,6.164830769231886
91,sensor_9,8,34.970367032964354
91,sensor_9,9,10.298374358974725
91,sensor_9,10,13.211655494507081
91,sensor_10,1,0.0
91,sensor_10,2,0.0
91,sensor_10,3,0.0
91,sensor_10,4,0.0
91,sensor_10,5,0.0
91,sensor_10,6,0.0
91,sensor_10,7,0.0
91,sensor_10,8,0.0
91,sensor_10,9,0.0
91,sensor_10,10,0.0
91,sensor_11,1,0.01044890109890085
91,sensor_11,2,0.008956410256410401
91,sensor_11,3,0.006560439560439223
91,sensor_11,4,0.013493589743589855
91,sensor_11,5,0.005556593406593583
91,sensor_11,6,0.017708974358974342
91,sensor_11,7,0.015266666666667037
91,sensor_11,8,0.011367032967032332
91,sensor_11,9,0.010056410256410374
91,sensor_11,10,0.01122252747252765
91,sensor_12,1,0.11727252747251653
91,sensor_12,2,0.06412692307692391
91,sensor_12,3,0.0642884615384657
91,sensor_12,4,0.08478076923077175
91,sensor_12,5,0.08620934065934702
91,sensor_12,6,0.050789743589742496
91,sensor_12,7,0.06264230769228044
91,sensor_12,8,0.07601098901099602
91,sensor_12,9,0.06895256410257035
91,sensor_12,10,0.09916703296703205
91,sensor_13,1,0.0012840659340624784
91,sensor_13,2,0.0005397435897432908
91,sensor_13,3,0.0015917582417595217
91,sensor_13,4,0.0008269230769167667
91,sensor_13,5,0.0010642857142780413
91,sensor_13,6,0.0008525641025687467
91,sensor_13,7,0.00025897435897231485
91,sensor_13,8,0.0005802197802242397
91,sensor_13,9,0.0004358974359045615
91,sensor_13,10,0.0005340659340611556
91,sensor_14,1,6.910514835165383
91,sensor_14,2,13.348424358973787
91,sensor_14,3,8.127384615384281
91,sensor_14,4,4.43210897435925
91,sensor_14,5,9.855749450548334
91,sensor_14,6,12.264356410254967
91,sensor_14,7,8.232906410256382
91,sensor_14,8,13.483317032965969
91,sensor_14,9,5.583091025641578
91,sensor_14,10,6.117145604396503
91,sensor_15,1,0.0007055864285714381
91,sensor_15,2,0.0007306366666667094
91,sensor_15,3,0.0006250518681318654
91,sensor_15,4,0.00031563256410256516
91,sensor_15,5,0.0001713391208791188
91,sensor_15,6,0.00031963743589745296
91,sensor_15,7,0.00044240307692308255
91,sensor_15,8,0.0002542002747252785
91,sensor_15,9,0.00025790423076923
91,sensor_15,10,0.0003884661538461506
91,sensor_16,1,0.0
91,sensor_16,2,0.0
91,sensor_16,3,0.0
91,sensor_16,4,0.0
91,sensor_16,5,0.0
91,sensor_16,6,0.0
91,sensor_16,7,0.0
91,sensor_16,8,0.0
91,sensor_16,9,0.0
91,sensor_16,10,0.0
91,sensor_17,1,1.4505494505494338
91,sensor_17,2,0.435897435897445
91,sensor_17,3,0.4010989010989068
91,sensor_17,4,0.756410256410264
91,sensor_17,5,0.576923076923086
91,sensor_17,6,0.6410256410256407
91,sensor_17,7,0.6923076923076809
91,sensor_17,8,0.6428571428571523
91,sensor_17,9,0.743589743589728
91,sensor_17,10,0.8626373626373481
91,sensor_18,1,0.0
91,sensor_18,2,0.0
91,sensor_18,3,0.0
91,sensor_18,4,0.0
91,sensor_18,5,0.0
91,sensor_18,6,0.0
91,sensor_18,7,0.0
91,sensor_18,8,0.0
91,sensor_18,9,0.0
91,sensor_18,10,0.0
91,sensor_19,1,0.0
91,sensor_19,2,0.0
91,sensor_19,3,0.0
91,sensor_19,4,0.0
91,sensor_19,5,0.0
91,sensor_19,6,0.0
91,sensor_19,7,0.0
91,sensor_19,8,0.0
91,sensor_19,9,0.0
91,sensor_19,10,0.0
91,sensor_20,1,0.013764835164835336
91,sensor_20,2,0.004424358974358991
91,sensor_20,3,0.024791208791208795
91,sensor_20,4,0.006589743589743353
91,sensor_20,5,0.007883516483516182
91,sensor_20,6,0.010024358974359222
91,sensor_20,7,0.011685897435897673
91,sensor_20,8,0.0077846153846154054
91,sensor_20,9,0.012526923076923031
91,sensor_20,10,0.011079670329669947
91,sensor_21,1,0.003967377197802106
91,sensor_21,2,0.0016181510256410307
91,sensor_21,3,0.002338788351648408
91,sensor_21,4,0.006731956410256412
91,sensor_21,5,0.0032000523076922737
91,sensor_21,6,0.0028516025641025108
91,sensor_21,7,0.0026790758974359376
91,sensor_21,8,0.0026516776373626465
91,sensor_21,9,0.002263533076923167
91,sensor_21,10,0.004599193846153712
92,setting_1,1,4.834823529411765e-06
92,setting_1,2,7.730980392156862e-06
92,setting_1,3,5.390944741532978e-06
92,setting_1,4,5.9268181818181825e-06
92,setting_1,5,4.135980392156862e-06
92,setting_1,6,3.5761942959001774e-06
92,setting_1,7,3.673636363636364e-06
92,setting_1,8,7.159966386554622e-06
92,setting_1,9,4.980008912655972e-06
92,setting_1,10,5.203859180035652e-06
92,setting_2,1,6.104201680672269e-08
92,setting_2,2,9.208556149732619e-08
92,setting_2,3,1.0773618538324416e-07
92,setting_2,4,8.75579322638146e-08
92,setting_2,5,8.976827094474153e-08
92,setting_2,6,9.622994652406417e-08
92,setting_2,7,5.585227272727273e-08
92,setting_2,8,1.0878991596638657e-07
92,setting_2,9,1.0107843137254903e-07
92,setting_2,10,8.139928698752229e-08
92,setting_3,1,0.0
92,setting_3,2,0.0
92,setting_3,3,0.0
92,setting_3,4,0.0
92,setting_3,5,0.0
92,setting_3,6,0.0
92,setting_3,7,0.0
92,setting_3,8,0.0
92,setting_3,9,0.0
92,setting_3,10,0.0
92,sensor_1,1,0.0
92,sensor_1,2,0.0
92,sensor_1,3,0.0
92,sensor_1,4,0.0
92,sensor_1,5,0.0
92,sensor_1,6,0.0
92,sensor_1,7,0.0
92,sensor_1,8,0.0
92,sensor_1,9,0.0
92,sensor_1,10,0.0
92,sensor_2,1,0.05683411764705574
92,sensor_2,2,0.08901354723707745
92,sensor_2,3,0.07329768270944863
92,sensor_2,4,0.09552869875223172
92,sensor_2,5,0.05886247771836614
92,sensor_2,6,0.08802718360069925
92,sensor_2,7,0.09579545454547078
92,sensor_2,8,0.07370470588235316
92,sensor_2,9,0.12911479500890158
92,sensor_2,10,0.1255377005347662
92,sensor_3,1,22.567361680672246
92,sensor_3,2,16.361974420676983
92,sensor_3,3,18.439919875222575
92,sensor_3,4,21.443487700535474
92,sensor_3,5,14.464607932263648
92,sensor_3,6,20.54426060606056
92,sensor_3,7,12.474443939393854
92,sensor_3,8,18.238919663865772
92,sensor_3,9,22.086701336898244
92,sensor_3,10,9.9811786096255
92,sensor_4,1,12.772123193277224
92,sensor_4,2,13.742631729055397
92,sensor_4,3,15.719827183600435
92,sensor_4,4,15.948103119429568
92,sensor_4,5,21.021394741533516
92,sensor_4,6,14.175659269161734
92,sensor_4,7,14.230773484847857
92,sensor_4,8,16.76253159663916
92,sensor_4,9,12.721056417112361
92,sensor_4,10,21.02520151515132
92,sensor_5,1,0.0
92,sensor_5,2,0.0
92,sensor_5,3,0.0
92,sensor_5,4,0.0
92,sensor_5,5,0.0
92,sensor_5,6,0.0
92,sensor_5,7,0.0
92,sensor_5,8,0.0
92,sensor_5,9,0.0
92,sensor_5,10,0.0
92,sensor_6,1,0.0
92,sensor_6,2,0.0
92,sensor_6,3,2.941176470586677e-06
92,sensor_6,4,0.0
92,sensor_6,5,0.0
92,sensor_6,6,0.0
92,sensor_6,7,0.0
92,sensor_6,8,0.0
92,sensor_6,9,0.0
92,sensor_6,10,0.0
92,sensor_7,1,0.17516672268906044
92,sensor_7,2,0.18388627450979642
92,sensor_7,3,0.137021033868104
92,sensor_7,4,0.2426531194296045
92,sensor_7,5,0.17015980392156316
92,sensor_7,6,0.15281354723706567
92,sensor_7,7,0.106149621212097
92,sensor_7,8,0.1911633613445382
92,sensor_7,9,0.12383672014263562
92,sensor_7,10,0.21945748663099165
92,sensor_8,1,0.001169243697472469
92,sensor_8,2,0.001010427807486266
92,sensor_8,3,0.0007062388591756677
92,sensor_8,4,0.0004377896613181596
92,sensor_8,5,0.0009037433155054977
92,sensor_8,6,0.0008844919786030085
92,sensor_8,7,0.0009880681818133662
92,sensor_8,8,0.0006045378151247222
92,sensor_8,9,0.0011361853832333668
92,sensor_8,10,0.0013316399286868923
92,sensor_9,1,14.190067563024346
92,sensor_9,2,13.082315953655959
92,sensor_9,3,17.586301604278102
92,sensor_9,4,21.311124420672193
92,sensor_9,5,11.164113458116114
92,sensor_9,6,15.694780392156964
92,sensor_9,7,12.762685984846842
92,sensor_9,8,37.797485210080424
92,sensor_9,9,52.31154411764813
92,sensor_9,10,99.2860680926763
92,sensor_10,1,0.0
92,sensor_10,2,0.0
92,sensor_10,3,0.0
92,sensor_10,4,0.0
92,sensor_10,5,0.0
92,sensor_10,6,0.0
92,sensor_10,7,0.0
92,sensor_10,8,0.0
92,sensor_10,9,0.0
92,sensor_10,10,0.0
92,sensor_11,1,0.012102016806722538
92,sensor_11,2,0.011815062388591464
92,sensor_11,3,0.013195098039215366
92,sensor_11,4,0.009674153297682613
92,sensor_11,5,0.0055544563279857255
92,sensor_11,6,0.015972905525845887
92,sensor_11,7,0.012025568181820212
92,sensor_11,8,0.013286890756302355
92,sensor_11,9,0.010782174688056615
92,sensor_11,10,0.010177183600712982
92,sensor_12,1,0.09728100840335765
92,sensor_12,2,0.10322896613189016
92,sensor_12,3,0.061917023172911895
92,sensor_12,4,0.08093190730839586
92,sensor_12,5,0.07901221033868286
92,sensor_12,6,0.12606131907307547
92,sensor_12,7,0.08625852272727964
92,sensor_12,8,0.08167277310924248
92,sensor_12,9,0.08180187165775134
92,sensor_12,10,0.1822835115864192
92,sensor_13,1,0.0010537815126043437
92,sensor_13,2,0.0008628342245994293
92,sensor_13,3,0.0011910873440264783
92,sensor_13,4,0.0010092691622087084
92,sensor_13,5,0.0008624777183580081
92,sensor_13,6,0.000928431372552479
92,sensor_13,7,0.0012647727272682159
92,sensor_13,8,0.0009467226890719522
92,sensor_13,9,0.0009523172905527022
92,sensor_13,10,0.0011594474153216385
92,sensor_14,1,7.4108949579835395
92,sensor_14,2,10.559798663100057
92,sensor_14,3,13.792040998217129
92,sensor_14,4,9.996247058824785
92,sensor_14,5,8.60280436720294
92,sensor_14,6,13.106359803923675
92,sensor_14,7,16.012012121216003
92,sensor_14,8,21.170282857141324
92,sensor_14,9,24.69366960784371
92,sensor_14,10,57.28830739749742
92,sensor_15,1,0.00042720727731091997
92,sensor_15,2,0.0002713654634580975
92,sensor_15,3,0.0004844409269162028
92,sensor_15,4,0.00033293743315508136
92,sensor_15,5,0.00036257925133689615
92,sensor_15,6,0.000562033297682702
92,sensor_15,7,0.0005146009280302904
92,sensor_15,8,0.00040369146218489183
92,sensor_15,9,0.0003087853119429559
92,sensor_15,10,0.00043276225490196873
92,sensor_16,1,0.0
92,sensor_16,2,0.0
92,sensor_16,3,0.0
92,sensor_16,4,0.0
92,sensor_16,5,0.0
92,sensor_16,6,0.0
92,sensor_16,7,0.0
92,sensor_16,8,0.0
92,sensor_16,9,0.0
92,sensor_16,10,0.0
92,sensor_17,1,1.2571428571428764
92,sensor_17,2,0.8565062388591707
92,sensor_17,3,0.8565062388591866
92,sensor_17,4,1.4661319073083758
92,sensor_17,5,0.8021390374331506
92,sensor_17,6,1.2201426024955502
92,sensor_17,7,0.8806818181818105
92,sensor_17,8,0.5260504201680707
92,sensor_17,9,0.855614973262048
92,sensor_17,10,0.7201426024955382
92,sensor_18,1,0.0
92,sensor_18,2,0.0
92,sensor_18,3,0.0
92,sensor_18,4,0.0
92,sensor_18,5,0.0
92,sensor_18,6,0.0
92,sensor_18,7,0.0
92,sensor_18,8,0.0
92,sensor_18,9,0.0
92,sensor_18,10,0.0
92,sensor_19,1,0.0
92,sensor_19,2,0.0
92,sensor_19,3,0.0
92,sensor_19,4,0.0
92,sensor_19,5,0.0
92,sensor_19,6,0.0
92,sensor_19,7,0.0
92,sensor_19,8,0.0
92,sensor_19,9,0.0
92,sensor_19,10,0.0
92,sensor_20,1,0.010722184873949499
92,sensor_20,2,0.008016755793226235
92,sensor_20,3,0.007248841354723548
92,sensor_20,4,0.00963707664884141
92,sensor_20,5,0.007121301247771724
92,sensor_20,6,0.010394028520498979
92,sensor_20,7,0.007085416666666591
92,sensor_20,8,0.009947058823529547
92,sensor_20,9,0.01539260249554379
92,sensor_20,10,0.01638930481283414
92,sensor_21,1,0.0035609796302521024
92,sensor_21,2,0.005223847807486522
92,sensor_21,3,0.0021212440730838528
92,sensor_21,4,0.003917455222816458
92,sensor_21,5,0.0033265934491978617
92,sensor_21,6,0.0036013034670232284
92,sensor_21,7,0.003668458200757678
92,sensor_21,8,0.003818646672268766
92,sensor_21,9,0.004847586096256655
92,sensor_21,10,0.005016903823529507
93,setting_1,1,4.1560000000000005e-06
93,setting_1,2,2.8668571428571425e-06
93,setting_1,3,8.523833333333333e-06
93,setting_1,4,4.0574285714285714e-06
93,setting_1,5,5.019333333333333e-06
93,setting_1,6,4.437809523809524e-06
93,setting_1,7,5.121714285714286e-06
93,setting_1,8,3.843625e-06
93,setting_1,9,2.4683809523809525e-06
93,setting_1,10,6.806499999999998e-06
93,setting_2,1,8.399999999999998e-08
93,setting_2,2,1.1209523809523808e-07
93,setting_2,3,7.995833333333332e-08
93,setting_2,4,8.923809523809523e-08
93,setting_2,5,1.0095833333333334e-07
93,setting_2,6,9.742857142857143e-08
93,setting_2,7,1.1095238095238096e-07
93,setting_2,8,3.800000000000001e-08
93,setting_2,9,9.409523809523811e-08
93,setting_2,10,6.916666666666667e-08
93,setting_3,1,0.0
93,setting_3,2,0.0
93,setting_3,3,0.0
93,setting_3,4,0.0
93,setting_3,5,0.0
93,setting_3,6,0.0
93,setting_3,7,0.0
93,setting_3,8,0.0
93,setting_3,9,0.0
93,setting_3,10,0.0
93,sensor_1,1,0.0
93,sensor_1,2,0.0
93,sensor_1,3,0.0
93,sensor_1,4,0.0
93,sensor_1,5,0.0
93,sensor_1,6,0.0
93,sensor_1,7,0.0
93,sensor_1,8,0.0
93,sensor_1,9,0.0
93,sensor_1,10,0.0
93,sensor_2,1,0.07863833333332314
93,sensor_2,2,0.05865523809524197
93,sensor_2,3,0.07346000000000395
93,sensor_2,4,0.140771428571427
93,sensor_2,5,0.10543833333333072
93,sensor_2,6,0.09772095238095675
93,sensor_2,7,0.08299523809525011
93,sensor_2,8,0.08905291666663334
93,sensor_2,9,0.1028114285714342
93,sensor_2,10,0.09893166666666166
93,sensor_3,1,21.384726249999822
93,sensor_3,2,19.5069066666667
93,sensor_3,3,22.193291666666173
93,sensor_3,4,17.306778095237963
93,sensor_3,5,10.52938000000019
93,sensor_3,6,14.381463809523506
93,sensor_3,7,6.949792380952339
93,sensor_3,8,36.553062916666285
93,sensor_3,9,34.76243142857184
93,sensor_3,10,10.82336666666722
93,sensor_4,1,19.44725624999942
93,sensor_4,2,8.287292380952557
93,sensor_4,3,30.51686291666652
93,sensor_4,4,8.801420952380527
93,sensor_4,5,16.731606666666455
93,sensor_4,6,9.687095238095273
93,sensor_4,7,17.856492380951938
93,sensor_4,8,10.302393333333326
93,sensor_4,9,15.734749523810047
93,sensor_4,10,42.18031833333332
93,sensor_5,1,0.0
93,sensor_5,2,0.0
93,sensor_5,3,0.0
93,sensor_5,4,0.0
93,sensor_5,5,0.0
93,sensor_5,6,0.0
93,sensor_5,7,0.0
93,sensor_5,8,0.0
93,sensor_5,9,0.0
93,sensor_5,10,0.0
93,sensor_6,1,0.0
93,sensor_6,2,6.6666666666662135e-06
93,sensor_6,3,0.0
93,sensor_6,4,6.666666666666162e-06
93,sensor_6,5,6.250000000003325e-06
93,sensor_6,6,0.0
93,sensor_6,7,0.0
93,sensor_6,8,0.0
93,sensor_6,9,0.0
93,sensor_6,10,0.0
93,sensor_7,1,0.1005333333333274
93,sensor_7,2,0.07767428571427588
93,sensor_7,3,0.10605958333331676
93,sensor_7,4,0.06025523809523194
93,sensor_7,5,0.08971999999998914
93,sensor_7,6,0.19787809523810704
93,sensor_7,7,0.2652638095238331
93,sensor_7,8,0.11999833333332255
93,sensor_7,9,0.061255238095228995
93,sensor_7,10,0.2832599999999979
93,sensor_8,1,0.0014229166666722447
93,sensor_8,2,0.0005095238095232756
93,sensor_8,3,0.0006962499999991391
93,sensor_8,4,0.0014123809523799344
93,sensor_8,5,0.0007495833333328026
93,sensor_8,6,0.0007238095238084034
93,sensor_8,7,0.0013066666666642218
93,sensor_8,8,0.001984999999996722
93,sensor_8,9,0.0008400000000003291
93,sensor_8,10,0.0015095833333548458
93,sensor_9,1,13.360184999997617
93,sensor_9,2,19.28498380952445
93,sensor_9,3,19.12711624999911
93,sensor_9,4,26.308235238096355
93,sensor_9,5,20.853078333334032
93,sensor_9,6,17.330502857142598
93,sensor_9,7,18.141592380950375
93,sensor_9,8,15.62831833333373
93,sensor_9,9,29.010140952385512
93,sensor_9,10,25.760656249996675
93,sensor_10,1,0.0
93,sensor_10,2,0.0
93,sensor_10,3,0.0
93,sensor_10,4,0.0
93,sensor_10,5,0.0
93,sensor_10,6,0.0
93,sensor_10,7,0.0
93,sensor_10,8,0.0
93,sensor_10,9,0.0
93,sensor_10,10,0.0
93,sensor_11,1,0.01671625000000034
93,sensor_11,2,0.014769523809523247
93,sensor_11,3,0.013996250000000003
93,sensor_11,4,0.013999999999999844
93,sensor_11,5,0.004036250000000008
93,sensor_11,6,0.011669523809523847
93,sensor_11,7,0.008020952380952283
93,sensor_11,8,0.016144999999999597
93,sensor_11,9,0.02062857142857127
93,sensor_11,10,0.014556250000000052
93,sensor_12,1,0.10890958333335125
93,sensor_12,2,0.0861209523809581
93,sensor_12,3,0.22366291666665192
93,sensor_12,4,0.05356857142857148
93,sensor_12,5,0.1306000000000039
93,sensor_12,6,0.05341238095238371
93,sensor_12,7,0.10324952380952122
93,sensor_12,8,0.0983929166666701
93,sensor_12,9,0.08287809523809174
93,sensor_12,10,0.24868958333333743
93,sensor_13,1,0.0007362500000042311
93,sensor_13,2,0.0013352380952358193
93,sensor_13,3,0.0005262500000053023
93,sensor_13,4,0.0006838095238072457
93,sensor_13,5,0.001371666666675792
93,sensor_13,6,0.00036666666666604564
93,sensor_13,7,0.0010123809523908814
93,sensor_13,8,0.0010650000000030488
93,sensor_13,9,0.0017352380952183773
93,sensor_13,10,0.0019050000000104558
93,sensor_14,1,12.86025166666638
93,sensor_14,2,10.323480952381312
93,sensor_14,3,8.486236249999648
93,sensor_14,4,9.894755238095247
93,sensor_14,5,10.835291666666873
93,sensor_14,6,15.43036666666667
93,sensor_14,7,7.590706666668742
93,sensor_14,8,12.361509583333184
93,sensor_14,9,13.400209523808664
93,sensor_14,10,10.620229583332442
93,sensor_15,1,0.0006721171666666581
93,sensor_15,2,0.0002986506666666628
93,sensor_15,3,0.0009106600000000078
93,sensor_15,4,0.0010964040952380597
93,sensor_15,5,0.00047267399999998885
93,sensor_15,6,0.0004387945714285677
93,sensor_15,7,0.0001867602857142756
93,sensor_15,8,0.00041921449999998055
93,sensor_15,9,0.0006168392380952138
93,sensor_15,10,0.00028148666666667814
93,sensor_16,1,0.0
93,sensor_16,2,0.0
93,sensor_16,3,0.0
93,sensor_16,4,0.0
93,sensor_16,5,0.0
93,sensor_16,6,0.0
93,sensor_16,7,0.0
93,sensor_16,8,0.0
93,sensor_16,9,0.0
93,sensor_16,10,0.0
93,sensor_17,1,1.4958333333333118
93,sensor_17,2,0.5428571428571508
93,sensor_17,3,0.6291666666666844
93,sensor_17,4,0.42857142857141833
93,sensor_17,5,0.9333333333333429
93,sensor_17,6,1.1238095238095398
93,sensor_17,7,1.3523809523809438
93,sensor_17,8,1.062500000000002
93,sensor_17,9,1.4952380952380506
93,sensor_17,10,1.7291666666666272
93,sensor_18,1,0.0
93,sensor_18,2,0.0
93,sensor_18,3,0.0
93,sensor_18,4,0.0
93,sensor_18,5,0.0
93,sensor_18,6,0.0
93,sensor_18,7,0.0
93,sensor_18,8,0.0
93,sensor_18,9,0.0
93,sensor_18,10,0.0
93,sensor_19,1,0.0
93,sensor_19,2,0.0
93,sensor_19,3,0.0
93,sensor_19,4,0.0
93,sensor_19,5,0.0
93,sensor_19,6,0.0
93,sensor_19,7,0.0
93,sensor_19,8,0.0
93,sensor_19,9,0.0
93,sensor_19,10,0.0
93,sensor_20,1,0.003799583333333079
93,sensor_20,2,0.008092380952380965
93,sensor_20,3,0.005193333333333841
93,sensor_20,4,0.013963809523809776
93,sensor_20,5,0.011016249999999785
93,sensor_20,6,0.0060809523809523935
93,sensor_20,7,0.009255238095238377
93,sensor_20,8,0.007673333333333257
93,sensor_20,9,0.01248857142857178
93,sensor_20,10,0.00846958333333298
93,sensor_21,1,0.003591201166666713
93,sensor_21,2,0.005783481238095327
93,sensor_21,3,0.002180525291666622
93,sensor_21,4,0.005385032857142917
93,sensor_21,5,0.004444715833333232
93,sensor_21,6,0.002526837428571392
93,sensor_21,7,0.007501285523809606
93,sensor_21,8,0.003536451624999979
93,sensor_21,9,0.0060620798095238635
93,sensor_21,10,0.0023282046666666407
94,setting_1,1,3.3735538461538464e-06
94,setting_1,2,5.4809384615384605e-06
94,setting_1,3,4.320246153846155e-06
94,setting_1,4,3.3462666666666666e-06
94,setting_1,5,3.3018461538461545e-06
94,setting_1,6,3.5714e-06
94,setting_1,7,5.664166666666668e-06
94,setting_1,8,4.223338461538462e-06
94,setting_1,9,5.704938461538462e-06
94,setting_1,10,4.867384615384615e-06
94,setting_2,1,7.275384615384616e-08
94,setting_2,2,8.135384615384617e-08
94,setting_2,3,8.401538461538461e-08
94,setting_2,4,8.79e-08
94,setting_2,5,7.158461538461538e-08
94,setting_2,6,7.004615384615382e-08
94,setting_2,7,7.193333333333332e-08
94,setting_2,8,6.155384615384615e-08
94,setting_2,9,8.11846153846154e-08
94,setting_2,10,7.255384615384616e-08
94,setting_3,1,0.0
94,setting_3,2,0.0
94,setting_3,3,0.0
94,setting_3,4,0.0
94,setting_3,5,0.0
94,setting_3,6,0.0
94,setting_3,7,0.0
94,setting_3,8,0.0
94,setting_3,9,0.0
94,setting_3,10,0.0
94,sensor_1,1,0.0
94,sensor_1,2,0.0
94,sensor_1,3,0.0
94,sensor_1,4,0.0
94,sensor_1,5,0.0
94,sensor_1,6,0.0
94,sensor_1,7,0.0
94,sensor_1,8,0.0
94,sensor_1,9,0.0
94,sensor_1,10,0.0
94,sensor_2,1,0.10878599999999684
94,sensor_2,2,0.0713213846153925
94,sensor_2,3,0.07627338461538011
94,sensor_2,4,0.09819766666666592
94,sensor_2,5,0.09453353846152585
94,sensor_2,6,0.11540815384616243
94,sensor_2,7,0.07274933333333779
94,sensor_2,8,0.07506153846153124
94,sensor_2,9,0.10179015384615855
94,sensor_2,10,0.12928938461538866
94,sensor_3,1,13.690246153846374
94,sensor_3,2,11.997076461538681
94,sensor_3,3,23.79399138461513
94,sensor_3,4,24.981969333333307
94,sensor_3,5,12.54400246153884
94,sensor_3,6,16.06845846153808
94,sensor_3,7,13.578807666666966
94,sensor_3,8,26.05560261538454
94,sensor_3,9,19.594420461538224
94,sensor_3,10,10.720289846153781
94,sensor_4,1,8.219055538461506
94,sensor_4,2,15.02170584615369
94,sensor_4,3,9.7064855384616
94,sensor_4,4,16.155130666666704
94,sensor_4,5,15.872095538461402
94,sensor_4,6,11.070993846153735
94,sensor_4,7,12.14846733333303
94,sensor_4,8,20.533409846154044
94,sensor_4,9,26.492489384615393
94,sensor_4,10,19.952418615383777
94,sensor_5,1,0.0
94,sensor_5,2,0.0
94,sensor_5,3,0.0
94,sensor_5,4,0.0
94,sensor_5,5,0.0
94,sensor_5,6,0.0
94,sensor_5,7,0.0
94,sensor_5,8,0.0
94,sensor_5,9,0.0
94,sensor_5,10,0.0
94,sensor_6,1,0.0
94,sensor_6,2,0.0
94,sensor_6,3,0.0
94,sensor_6,4,0.0
94,sensor_6,5,0.0
94,sensor_6,6,0.0
94,sensor_6,7,0.0
94,sensor_6,8,0.0
94,sensor_6,9,0.0
94,sensor_6,10,0.0
94,sensor_7,1,0.22366538461537833
94,sensor_7,2,0.11105846153843642
94,sensor_7,3,0.21251938461539072
94,sensor_7,4,0.127495666666665
94,sensor_7,5,0.14506600000000938
94,sensor_7,6,0.21638584615383127
94,sensor_7,7,0.11159166666666477
94,sensor_7,8,0.15292815384615518
94,sensor_7,9,0.10691338461539203
94,sensor_7,10,0.29709061538453546
94,sensor_8,1,0.0008026153846194952
94,sensor_8,2,0.0012155384615440531
94,sensor_8,3,0.0007515384615390003
94,sensor_8,4,0.0009110000000027
94,sensor_8,5,0.0007841538461556806
94,sensor_8,6,0.0005681538461474443
94,sensor_8,7,0.0014306666666688969
94,sensor_8,8,0.0011015384615378385
94,sensor_8,9,0.001013538461536061
94,sensor_8,10,0.0009158461538419074
94,sensor_9,1,16.207931846151727
94,sensor_9,2,25.654194461541362
94,sensor_9,3,15.416513999996448
94,sensor_9,4,9.315775000000379
94,sensor_9,5,16.375610461538226
94,sensor_9,6,30.054609846150456
94,sensor_9,7,10.328265666666903
94,sensor_9,8,34.06797984614748
94,sensor_9,9,83.60006215383686
94,sensor_9,10,188.77850338462304
94,sensor_10,1,0.0
94,sensor_10,2,0.0
94,sensor_10,3,0.0
94,sensor_10,4,0.0
94,sensor_10,5,0.0
94,sensor_10,6,0.0
94,sensor_10,7,0.0
94,sensor_10,8,0.0
94,sensor_10,9,0.0
94,sensor_10,10,0.0
94,sensor_11,1,0.005843846153846078
94,sensor_11,2,0.008637538461538665
94,sensor_11,3,0.009768615384614992
94,sensor_11,4,0.009225666666666592
94,sensor_11,5,0.012122461538461743
94,sensor_11,6,0.01013246153846144
94,sensor_11,7,0.006564333333333369
94,sensor_11,8,0.00982784615384624
94,sensor_11,9,0.014299846153845426
94,sensor_11,10,0.013351384615385143
94,sensor_12,1,0.08002153846154611
94,sensor_12,2,0.0935084615384611
94,sensor_12,3,0.10219261538460721
94,sensor_12,4,0.09003266666665875
94,sensor_12,5,0.0704584615384771
94,sensor_12,6,0.10397246153845426
94,sensor_12,7,0.07115833333334383
94,sensor_12,8,0.07117738461537426
94,sensor_12,9,0.07966953846153038
94,sensor_12,10,0.11598584615386041
94,sensor_13,1,0.0009544615384576115
94,sensor_13,2,0.0007439999999968223
94,sensor_13,3,0.0006924615384633274
94,sensor_13,4,0.0011416666666624856
94,sensor_13,5,0.0007724615384560794
94,sensor_13,6,0.001107846153838021
94,sensor_13,7,0.0009673333333304339
94,sensor_13,8,0.0007386153846068507
94,sensor_13,9,0.0010038461538470402
94,sensor_13,10,0.0014141538461475158
94,sensor_14,1,10.529119538461917
94,sensor_14,2,7.241635846154792
94,sensor_14,3,6.867681384615239
94,sensor_14,4,8.350202333333417
94,sensor_14,5,6.780095384615017
94,sensor_14,6,17.705281846157085
94,sensor_14,7,26.305778999998832
94,sensor_14,8,18.68470215384537
94,sensor_14,9,50.59326353846015
94,sensor_14,10,100.02953061537633
94,sensor_15,1,0.00040346535384615365
94,sensor_15,2,0.0006404364461538526
94,sensor_15,3,0.00036426498461537843
94,sensor_15,4,0.0002128987333333304
94,sensor_15,5,0.00043346793846153287
94,sensor_15,6,0.00025650284615384624
94,sensor_15,7,0.0004010877666666755
94,sensor_15,8,0.0006047344615384806
94,sensor_15,9,0.0006129258461538445
94,sensor_15,10,0.00042724621538458717
94,sensor_16,1,0.0
94,sensor_16,2,0.0
94,sensor_16,3,0.0
94,sensor_16,4,0.0
94,sensor_16,5,0.0
94,sensor_16,6,0.0
94,sensor_16,7,0.0
94,sensor_16,8,0.0
94,sensor_16,9,0.0
94,sensor_16,10,0.0
94,sensor_17,1,0.9061538461538443
94,sensor_17,2,0.8061538461538464
94,sensor_17,3,0.9984615384615304
94,sensor_17,4,0.9766666666666614
94,sensor_17,5,0.7384615384615436
94,sensor_17,6,1.2553846153846167
94,sensor_17,7,1.1100000000000023
94,sensor_17,8,1.1399999999999852
94,sensor_17,9,1.0661538461538493
94,sensor_17,10,0.9661538461538232
94,sensor_18,1,0.0
94,sensor_18,2,0.0
94,sensor_18,3,0.0
94,sensor_18,4,0.0
94,sensor_18,5,0.0
94,sensor_18,6,0.0
94,sensor_18,7,0.0
94,sensor_18,8,0.0
94,sensor_18,9,0.0
94,sensor_18,10,0.0
94,sensor_19,1,0.0
94,sensor_19,2,0.0
94,sensor_19,3,0.0
94,sensor_19,4,0.0
94,sensor_19,5,0.0
94,sensor_19,6,0.0
94,sensor_19,7,0.0
94,sensor_19,8,0.0
94,sensor_19,9,0.0
94,sensor_19,10,0.0
94,sensor_20,1,0.009353846153846376
94,sensor_20,2,0.00877738461538501
94,sensor_20,3,0.012617846153845985
94,sensor_20,4,0.008465666666666833
94,sensor_20,5,0.011890461538461482
94,sensor_20,6,0.01289553846153829
94,sensor_20,7,0.014036000000000257
94,sensor_20,8,0.007936000000000016
94,sensor_20,9,0.010269538461538498
94,sensor_20,10,0.019469538461538836
94,sensor_21,1,0.0030926749538460895
94,sensor_21,2,0.0031289745384615476
94,sensor_21,3,0.004216953799999993
94,sensor_21,4,0.0035529999000000526
94,sensor_21,5,0.0032116363846153837
94,sensor_21,6,0.003527911138461506
94,sensor_21,7,0.0025328622333332697
94,sensor_21,8,0.003665203338461679
94,sensor_21,9,0.0034411386615384753
94,sensor_21,10,0.00566587958461554
95,setting_1,1,6.975443349753695e-06
95,setting_1,2,5.474232804232803e-06
95,setting_1,3,5.298134920634921e-06
95,setting_1,4,3.3178174603174604e-06
95,setting_1,5,6.595073891625615e-06
95,setting_1,6,6.064484126984126e-06
95,setting_1,7,5.844060846560846e-06
95,setting_1,8,5.4311507936507935e-06
95,setting_1,9,5.363597883597885e-06
95,setting_1,10,4.489950738916255e-06
95,setting_2,1,6.743842364532019e-08
95,setting_2,2,9.453703703703705e-08
95,setting_2,3,6.312169312169313e-08
95,setting_2,4,8.257936507936507e-08
95,setting_2,5,8.147783251231527e-08
95,setting_2,6,7.220899470899473e-08
95,setting_2,7,6.078042328042329e-08
95,setting_2,8,8.846560846560845e-08
95,setting_2,9,7.793650793650794e-08
95,setting_2,10,9.857142857142856e-08
95,setting_3,1,0.0
95,setting_3,2,0.0
95,setting_3,3,0.0
95,setting_3,4,0.0
95,setting_3,5,0.0
95,setting_3,6,0.0
95,setting_3,7,0.0
95,setting_3,8,0.0
95,setting_3,9,0.0
95,setting_3,10,0.0
95,sensor_1,1,0.0
95,sensor_1,2,0.0
95,sensor_1,3,0.0
95,sensor_1,4,0.0
95,sensor_1,5,0.0
95,sensor_1,6,0.0
95,sensor_1,7,0.0
95,sensor_1,8,0.0
95,sensor_1,9,0.0
95,sensor_1,10,0.0
95,sensor_2,1,0.0819891625615758
95,sensor_2,2,0.08060899470899631
95,sensor_2,3,0.09207447089945928
95,sensor_2,4,0.08658888888888504
95,sensor_2,5,0.10301182266009966
95,sensor_2,6,0.12818148148149391
95,sensor_2,7,0.10836455026454052
95,sensor_2,8,0.09770687830688247
95,sensor_2,9,0.10934021164022856
95,sensor_2,10,0.1309758620689958
95,sensor_3,1,17.541540394088866
95,sensor_3,2,18.320103703703673
95,sensor_3,3,15.970857142857174
95,sensor_3,4,22.72086917989398
95,sensor_3,5,16.037683251231368
95,sensor_3,6,12.041276719576567
95,sensor_3,7,14.97909986772462
95,sensor_3,8,8.634870238094958
95,sensor_3,9,21.990876587301507
95,sensor_3,10,24.653883251231395
95,sensor_4,1,13.062555172414216
95,sensor_4,2,9.938941137566438
95,sensor_4,3,20.357246957671602
95,sensor_4,4,18.109792989417713
95,sensor_4,5,14.214123399014767
95,sensor_4,6,20.98345343915327
95,sensor_4,7,22.249338624338762
95,sensor_4,8,11.167683994708781
95,sensor_4,9,20.08919047619045
95,sensor_4,10,30.69584532019687
95,sensor_5,1,0.0
95,sensor_5,2,0.0
95,sensor_5,3,0.0
95,sensor_5,4,0.0
95,sensor_5,5,0.0
95,sensor_5,6,0.0
95,sensor_5,7,0.0
95,sensor_5,8,0.0
95,sensor_5,9,0.0
95,sensor_5,10,0.0
95,sensor_6,1,1.699507389162412e-05
95,sensor_6,2,1.5211640211634492e-05
95,sensor_6,3,1.2698412698405743e-05
95,sensor_6,4,6.878306878304281e-06
95,sensor_6,5,3.4482758620673446e-06
95,sensor_6,6,0.0
95,sensor_6,7,0.0
95,sensor_6,8,0.0
95,sensor_6,9,0.0
95,sensor_6,10,0.0
95,sensor_7,1,0.08644704433497118
95,sensor_7,2,0.15549140211640786
95,sensor_7,3,0.212307275132255
95,sensor_7,4,0.15367447089947273
95,sensor_7,5,0.13748201970443458
95,sensor_7,6,0.12963743386242296
95,sensor_7,7,0.20570687830689793
95,sensor_7,8,0.1362861111111315
95,sensor_7,9,0.21779510582010586
95,sensor_7,10,0.3187504926108976
95,sensor_8,1,0.0016881773399072709
95,sensor_8,2,0.0007804232804231883
95,sensor_8,3,0.0009337301587232653
95,sensor_8,4,0.0005485449735457063
95,sensor_8,5,0.000754187192124725
95,sensor_8,6,0.0010924603174636684
95,sensor_8,7,0.0007358465608322656
95,sensor_8,8,0.0007735449735442068
95,sensor_8,9,0.0009749999999871645
95,sensor_8,10,0.000898029556645437
95,sensor_9,1,23.234875123151618
95,sensor_9,2,11.176099470898883
95,sensor_9,3,17.735419444446595
95,sensor_9,4,20.628540740741027
95,sensor_9,5,18.25174581280371
95,sensor_9,6,13.75505436507298
95,sensor_9,7,15.477315740741718
95,sensor_9,8,25.807480423278335
95,sensor_9,9,36.13639206349857
95,sensor_9,10,57.56090270934259
95,sensor_10,1,0.0
95,sensor_10,2,0.0
95,sensor_10,3,0.0
95,sensor_10,4,0.0
95,sensor_10,5,0.0
95,sensor_10,6,0.0
95,sensor_10,7,0.0
95,sensor_10,8,0.0
95,sensor_10,9,0.0
95,sensor_10,10,0.0
95,sensor_11,1,0.010452463054186909
95,sensor_11,2,0.01218875661375675
95,sensor_11,3,0.009060846560846656
95,sensor_11,4,0.010003174603174894
95,sensor_11,5,0.009199507389162637
95,sensor_11,6,0.006284656084656104
95,sensor_11,7,0.011225925925925754
95,sensor_11,8,0.009879365079364953
95,sensor_11,9,0.011306349206348518
95,sensor_11,10,0.02541896551724161
95,sensor_12,1,0.09828226600984873
95,sensor_12,2,0.09676613756611968
95,sensor_12,3,0.07221732804234053
95,sensor_12,4,0.06911150793650271
95,sensor_12,5,0.11081157635470344
95,sensor_12,6,0.11889880952381134
95,sensor_12,7,0.12888928571429215
95,sensor_12,8,0.15034074074072698
95,sensor_12,9,0.11038029100525142
95,sensor_12,10,0.16706798029560352
95,sensor_13,1,0.0010600985221674527
95,sensor_13,2,0.0009855820105843817
95,sensor_13,3,0.0006914021164054538
95,sensor_13,4,0.0009665343915292272
95,sensor_13,5,0.0011381773399047259
95,sensor_13,6,0.001322089947087958
95,sensor_13,7,0.0007802910052913739
95,sensor_13,8,0.0011358465608436775
95,sensor_13,9,0.0013814814814891562
95,sensor_13,10,0.0008137931034452423
95,sensor_14,1,7.620920689654219
95,sensor_14,2,10.570421164021154
95,sensor_14,3,9.230244444444875
95,sensor_14,4,9.144126322750358
95,sensor_14,5,10.330257881773194
95,sensor_14,6,11.257424735448978
95,sensor_14,7,12.530546031744477
95,sensor_14,8,10.030000396824494
95,sensor_14,9,20.29171269841277
95,sensor_14,10,41.19834802955569
95,sensor_15,1,0.00047538384236453485
95,sensor_15,2,0.0003902000000000028
95,sensor_15,3,0.00020695358465608636
95,sensor_15,4,0.0005580100925925933
95,sensor_15,5,0.00024837805418719965
95,sensor_15,6,0.0005592973015873037
95,sensor_15,7,0.00041002321428570374
95,sensor_15,8,0.00037752395502645565
95,sensor_15,9,0.0002952543386243324
95,sensor_15,10,0.0006682837684729326
95,sensor_16,1,0.0
95,sensor_16,2,0.0
95,sensor_16,3,0.0
95,sensor_16,4,0.0
95,sensor_16,5,0.0
95,sensor_16,6,0.0
95,sensor_16,7,0.0
95,sensor_16,8,0.0
95,sensor_16,9,0.0
95,sensor_16,10,0.0
95,sensor_17,1,0.9581280788177212
95,sensor_17,2,0.9880952380952442
95,sensor_17,3,0.9140211640211384
95,sensor_17,4,1.041005291005285
95,sensor_17,5,0.8128078817734053
95,sensor_17,6,0.8187830687830676
95,sensor_17,7,0.8042328042327848
95,sensor_17,8,0.818783068783062
95,sensor_17,9,1.730158730158759
95,sensor_17,10,0.7586206896551928
95,sensor_18,1,0.0
95,sensor_18,2,0.0
95,sensor_18,3,0.0
95,sensor_18,4,0.0
95,sensor_18,5,0.0
95,sensor_18,6,0.0
95,sensor_18,7,0.0
95,sensor_18,8,0.0
95,sensor_18,9,0.0
95,sensor_18,10,0.0
95,sensor_19,1,0.0
95,sensor_19,2,0.0
95,sensor_19,3,0.0
95,sensor_19,4,0.0
95,sensor_19,5,0.0
95,sensor_19,6,0.0
95,sensor_19,7,0.0
95,sensor_19,8,0.0
95,sensor_19,9,0.0
95,sensor_19,10,0.0
95,sensor_20,1,0.00921133004926093
95,sensor_20,2,0.006327513227513321
95,sensor_20,3,0.008459656084656025
95,sensor_20,4,0.007404629629629389
95,sensor_20,5,0.00861699507389172
95,sensor_20,6,0.006662962962962971
95,sensor_20,7,0.010403571428571044
95,sensor_20,8,0.010673015873016048
95,sensor_20,9,0.0118312169312172
95,sensor_20,10,0.01143325123152793
95,sensor_21,1,0.003390895763546753
95,sensor_21,2,0.0039832118915343676
95,sensor_21,3,0.004297077394179939
95,sensor_21,4,0.004429279298941815
95,sensor_21,5,0.002957896379310309
95,sensor_21,6,0.0060764480952381125
95,sensor_21,7,0.004419132103174633
95,sensor_21,8,0.004899802539682552
95,sensor_21,9,0.0037402449735447875
95,sensor_21,10,0.0037150218965517575
96,setting_1,1,5.543324420677361e-06
96,setting_1,2,2.9133333333333335e-06
96,setting_1,3,4.186268939393938e-06
96,setting_1,4,3.4018270944741525e-06
96,setting_1,5,3.4347916666666664e-06
96,setting_1,6,5.402540106951872e-06
96,setting_1,7,5.632556818181819e-06
96,setting_1,8,4.80553475935829e-06
96,setting_1,9,3.903200757575757e-06
96,setting_1,10,4.302504456327986e-06
96,setting_2,1,8.685383244206773e-08
96,setting_2,2,8.350267379679145e-08
96,setting_2,3,8.109848484848485e-08
96,setting_2,4,6.83511586452763e-08
96,setting_2,5,6.655303030303029e-08
96,setting_2,6,8.107843137254904e-08
96,setting_2,7,6.62121212121212e-08
96,setting_2,8,7.197860962566844e-08
96,setting_2,9,8.445075757575758e-08
96,setting_2,10,7.604278074866309e-08
96,setting_3,1,0.0
96,setting_3,2,0.0
96,setting_3,3,0.0
96,setting_3,4,0.0
96,setting_3,5,0.0
96,setting_3,6,0.0
96,setting_3,7,0.0
96,setting_3,8,0.0
96,setting_3,9,0.0
96,setting_3,10,0.0
96,sensor_1,1,0.0
96,sensor_1,2,0.0
96,sensor_1,3,0.0
96,sensor_1,4,0.0
96,sensor_1,5,0.0
96,sensor_1,6,0.0
96,sensor_1,7,0.0
96,sensor_1,8,0.0
96,sensor_1,9,0.0
96,sensor_1,10,0.0
96,sensor_2,1,0.05259999999999796
96,sensor_2,2,0.10402112299463663
96,sensor_2,3,0.1451005681818098
96,sensor_2,4,0.09485383244205216
96,sensor_2,5,0.11282348484849324
96,sensor_2,6,0.1084966131907246
96,sensor_2,7,0.09080700757575598
96,sensor_2,8,0.08384919786096881
96,sensor_2,9,0.10963768939393875
96,sensor_2,10,0.09876363636363616
96,sensor_3,1,13.327519875222901
96,sensor_3,2,15.008669518716664
96,sensor_3,3,14.138982954545341
96,sensor_3,4,15.70314581105192
96,sensor_3,5,16.940765530302592
96,sensor_3,6,9.553247771835714
96,sensor_3,7,8.723016666666917
96,sensor_3,8,19.06746960784303
96,sensor_3,9,24.86759053030158
96,sensor_3,10,17.571904188947848
96,sensor_4,1,13.613817468805717
96,sensor_4,2,16.45669171123013
96,sensor_4,3,15.435100568181989
96,sensor_4,4,12.561182531194149
96,sensor_4,5,15.665925189394018
96,sensor_4,6,25.289293761140954
96,sensor_4,7,9.728775757575328
96,sensor_4,8,20.862500178252716
96,sensor_4,9,26.621624621211772
96,sensor_4,10,25.616471390373825
96,sensor_5,1,0.0
96,sensor_5,2,0.0
96,sensor_5,3,0.0
96,sensor_5,4,0.0
96,sensor_5,5,0.0
96,sensor_5,6,0.0
96,sensor_5,7,0.0
96,sensor_5,8,0.0
96,sensor_5,9,0.0
96,sensor_5,10,0.0
96,sensor_6,1,2.9411764705846326e-06
96,sensor_6,2,2.941176470586955e-06
96,sensor_6,3,3.0303030303017265e-06
96,sensor_6,4,0.0
96,sensor_6,5,0.0
96,sensor_6,6,2.94117647058485e-06
96,sensor_6,7,0.0
96,sensor_6,8,0.0
96,sensor_6,9,0.0
96,sensor_6,10,0.0
96,sensor_7,1,0.16495294117646023
96,sensor_7,2,0.15738654188948345
96,sensor_7,3,0.2057797348484756
96,sensor_7,4,0.1589408199643733
96,sensor_7,5,0.12445624999999881
96,sensor_7,6,0.08119402852050159
96,sensor_7,7,0.13450170454546106
96,sensor_7,8,0.18970766488414223
96,sensor_7,9,0.23900795454544868
96,sensor_7,10,0.19658146167558943
96,sensor_8,1,0.0011244206773655843
96,sensor_8,2,0.0007847593582920005
96,sensor_8,3,0.0012064393939382066
96,sensor_8,4,0.0006204099821757985
96,sensor_8,5,0.0012439393939312532
96,sensor_8,6,0.0007244206773593643
96,sensor_8,7,0.0013632575757534936
96,sensor_8,8,0.0006589126559710737
96,sensor_8,9,0.0013965909090792239
96,sensor_8,10,0.0012431372548869707
96,sensor_9,1,20.041383244201192
96,sensor_9,2,17.9359163101635
96,sensor_9,3,16.23571325757463
96,sensor_9,4,17.43613654188907
96,sensor_9,5,13.265319318182518
96,sensor_9,6,13.728867825314369
96,sensor_9,7,16.596625757575957
96,sensor_9,8,14.158292335116206
96,sensor_9,9,15.140531439395504
96,sensor_9,10,22.451461764704895
96,sensor_10,1,0.0
96,sensor_10,2,0.0
96,sensor_10,3,0.0
96,sensor_10,4,0.0
96,sensor_10,5,0.0
96,sensor_10,6,0.0
96,sensor_10,7,0.0
96,sensor_10,8,0.0
96,sensor_10,9,0.0
96,sensor_10,10,0.0
96,sensor_11,1,0.007383244206773625
96,sensor_11,2,0.012375401069519096
96,sensor_11,3,0.007663257575757425
96,sensor_11,4,0.011691265597148143
96,sensor_11,5,0.010241666666666925
96,sensor_11,6,0.010958734402852086
96,sensor_11,7,0.013152840909090814
96,sensor_11,8,0.012874242424242241
96,sensor_11,9,0.008690530303030094
96,sensor_11,10,0.009703832442067456
96,sensor_12,1,0.12737121212120525
96,sensor_12,2,0.10846951871657363
96,sensor_12,3,0.05496420454545721
96,sensor_12,4,0.10364857397505185
96,sensor_12,5,0.06743598484848329
96,sensor_12,6,0.08887495543671722
96,sensor_12,7,0.1543683712121323
96,sensor_12,8,0.10967914438503037
96,sensor_12,9,0.10182803030304179
96,sensor_12,10,0.19612085561498335
96,sensor_13,1,0.0011255793226375805
96,sensor_13,2,0.0007347593582836874
96,sensor_13,3,0.0009672348484878182
96,sensor_13,4,0.001268538324424917
96,sensor_13,5,0.0010153409090870166
96,sensor_13,6,0.0009102495543721119
96,sensor_13,7,0.0010017045454520728
96,sensor_13,8,0.0012106951871627253
96,sensor_13,9,0.0013609848484814801
96,sensor_13,10,0.0011486631015895823
96,sensor_14,1,7.819127361854029
96,sensor_14,2,9.864483422460374
96,sensor_14,3,12.303894507576434
96,sensor_14,4,9.374736185382396
96,sensor_14,5,16.322182007574735
96,sensor_14,6,8.690096969698105
96,sensor_14,7,9.170167234848412
96,sensor_14,8,10.204834670230865
96,sensor_14,9,9.496765530303982
96,sensor_14,10,8.390741622103821
96,sensor_15,1,0.0004414942602495579
96,sensor_15,2,0.0003142072370766542
96,sensor_15,3,0.00022198814393939686
96,sensor_15,4,0.000529846176470594
96,sensor_15,5,0.0005711330113636427
96,sensor_15,6,0.00031776193404636863
96,sensor_15,7,0.0004021715530303069
96,sensor_15,8,0.0005600460695187177
96,sensor_15,9,0.0004076437121212057
96,sensor_15,10,0.0005668495276292213
96,sensor_16,1,0.0
96,sensor_16,2,0.0
96,sensor_16,3,0.0
96,sensor_16,4,0.0
96,sensor_16,5,0.0
96,sensor_16,6,0.0
96,sensor_16,7,0.0
96,sensor_16,8,0.0
96,sensor_16,9,0.0
96,sensor_16,10,0.0
96,sensor_17,1,0.5418894830659498
96,sensor_17,2,0.6960784313725551
96,sensor_17,3,1.547348484848487
96,sensor_17,4,0.8556149732620156
96,sensor_17,5,1.0795454545454264
96,sensor_17,6,0.8101604278074838
96,sensor_17,7,0.8712121212121355
96,sensor_17,8,0.9171122994652398
96,sensor_17,9,1.496212121212093
96,sensor_17,10,1.2843137254901822
96,sensor_18,1,0.0
96,sensor_18,2,0.0
96,sensor_18,3,0.0
96,sensor_18,4,0.0
96,sensor_18,5,0.0
96,sensor_18,6,0.0
96,sensor_18,7,0.0
96,sensor_18,8,0.0
96,sensor_18,9,0.0
96,sensor_18,10,0.0
96,sensor_19,1,0.0
96,sensor_19,2,0.0
96,sensor_19,3,0.0
96,sensor_19,4,0.0
96,sensor_19,5,0.0
96,sensor_19,6,0.0
96,sensor_19,7,0.0
96,sensor_19,8,0.0
96,sensor_19,9,0.0
96,sensor_19,10,0.0
96,sensor_20,1,0.007336274509803938
96,sensor_20,2,0.015578966131907596
96,sensor_20,3,0.008859280303030254
96,sensor_20,4,0.011752317290552301
96,sensor_20,5,0.010343749999999987
96,sensor_20,6,0.0071394830659538356
96,sensor_20,7,0.011155871212121604
96,sensor_20,8,0.009080659536542128
96,sensor_20,9,0.01272727272727253
96,sensor_20,10,0.01127237076648805
96,sensor_21,1,0.0033924352228165114
96,sensor_21,2,0.0031743883155080327
96,sensor_21,3,0.004232321268939375
96,sensor_21,4,0.003045132798573989
96,sensor_21,5,0.004791822973484912
96,sensor_21,6,0.003468654260249572
96,sensor_21,7,0.003328081041666735
96,sensor_21,8,0.004888039964349726
96,sensor_21,9,0.005288160587121047
96,sensor_21,10,0.004755332344028677
97,setting_1,1,5.888619047619047e-06
97,setting_1,2,4.383657894736842e-06
97,setting_1,3,3.9823947368421055e-06
97,setting_1,4,3.356710526315789e-06
97,setting_1,5,3.4501052631578945e-06
97,setting_1,6,3.0072368421052627e-06
97,setting_1,7,7.607473684210526e-06
97,setting_1,8,4.60892105263158e-06
97,setting_1,9,3.097473684210527e-06
97,setting_1,10,5.0194761904761894e-06
97,setting_2,1,1.0628571428571427e-07
97,setting_2,2,9.694736842105264e-08
97,setting_2,3,7.315789473684211e-08
97,setting_2,4,5.7263157894736845e-08
97,setting_2,5,9.484210526315791e-08
97,setting_2,6,7.305263157894739e-08
97,setting_2,7,7.368421052631577e-08
97,setting_2,8,1.1010526315789474e-07
97,setting_2,9,8.555263157894736e-08
97,setting_2,10,5.614285714285716e-08
97,setting_3,1,0.0
97,setting_3,2,0.0
97,setting_3,3,0.0
97,setting_3,4,0.0
97,setting_3,5,0.0
97,setting_3,6,0.0
97,setting_3,7,0.0
97,setting_3,8,0.0
97,setting_3,9,0.0
97,setting_3,10,0.0
97,sensor_1,1,0.0
97,sensor_1,2,0.0
97,sensor_1,3,0.0
97,sensor_1,4,0.0
97,sensor_1,5,0.0
97,sensor_1,6,0.0
97,sensor_1,7,0.0
97,sensor_1,8,0.0
97,sensor_1,9,0.0
97,sensor_1,10,0.0
97,sensor_2,1,0.11067904761904952
97,sensor_2,2,0.08946421052631146
97,sensor_2,3,0.07746736842105303
97,sensor_2,4,0.114515789473679
97,sensor_2,5,0.10433131578947463
97,sensor_2,6,0.07564710526316655
97,sensor_2,7,0.06665131578944873
97,sensor_2,8,0.14448710526316222
97,sensor_2,9,0.15345684210526472
97,sensor_2,10,0.13926619047620448
97,sensor_3,1,21.009636190476225
97,sensor_3,2,9.8474778947367
97,sensor_3,3,13.450426052631594
97,sensor_3,4,15.659922105263487
97,sensor_3,5,15.732290526315952
97,sensor_3,6,19.001468157894635
97,sensor_3,7,15.815156578947189
97,sensor_3,8,30.495234473684263
97,sensor_3,9,13.114676578947138
97,sensor_3,10,33.26348142857109
97,sensor_4,1,9.842283333333466
97,sensor_4,2,17.208135789473992
97,sensor_4,3,18.720276578946272
97,sensor_4,4,18.275697631579092
97,sensor_4,5,11.365697631578806
97,sensor_4,6,12.756020000000039
97,sensor_4,7,23.696809473684148
97,sensor_4,8,10.67644500000025
97,sensor_4,9,23.644468157895
97,sensor_4,10,28.01263476190452
97,sensor_5,1,0.0
97,sensor_5,2,0.0
97,sensor_5,3,0.0
97,sensor_5,4,0.0
97,sensor_5,5,0.0
97,sensor_5,6,0.0
97,sensor_5,7,0.0
97,sensor_5,8,0.0
97,sensor_5,9,0.0
97,sensor_5,10,0.0
97,sensor_6,1,0.0
97,sensor_6,2,0.0
97,sensor_6,3,5.000000000002333e-06
97,sensor_6,4,0.0
97,sensor_6,5,4.999999999999342e-06
97,sensor_6,6,0.0
97,sensor_6,7,0.0
97,sensor_6,8,0.0
97,sensor_6,9,0.0
97,sensor_6,10,0.0
97,sensor_7,1,0.12261904761905858
97,sensor_7,2,0.13815026315788595
97,sensor_7,3,0.13958394736840468
97,sensor_7,4,0.13993131578945622
97,sensor_7,5,0.17052078947368415
97,sensor_7,6,0.11811026315790335
97,sensor_7,7,0.21194184210524894
97,sensor_7,8,0.2553628947368462
97,sensor_7,9,0.17225368421050297
97,sensor_7,10,0.1619061904761921
97,sensor_8,1,0.0014714285714280055
97,sensor_8,2,0.0010210526315795356
97,sensor_8,3,0.0008726315789434686
97,sensor_8,4,0.0014765789473776061
97,sensor_8,5,0.0012092105263156157
97,sensor_8,6,0.000609473684209485
97,sensor_8,7,0.0012407894736915497
97,sensor_8,8,0.0009526315789458299
97,sensor_8,9,0.0011418421052595525
97,sensor_8,10,0.002179047619065306
97,sensor_9,1,11.629764761904946
97,sensor_9,2,21.68032078947449
97,sensor_9,3,17.674252631579204
97,sensor_9,4,13.131698947369566
97,sensor_9,5,24.664655526316707
97,sensor_9,6,36.445672368426614
97,sensor_9,7,28.99796421052412
97,sensor_9,8,47.03343263157799
97,sensor_9,9,165.03688921055937
97,sensor_9,10,489.97569333334405
97,sensor_10,1,0.0
97,sensor_10,2,0.0
97,sensor_10,3,0.0
97,sensor_10,4,0.0
97,sensor_10,5,0.0
97,sensor_10,6,0.0
97,sensor_10,7,0.0
97,sensor_10,8,0.0
97,sensor_10,9,0.0
97,sensor_10,10,0.0
97,sensor_11,1,0.008603333333333471
97,sensor_11,2,0.010001052631578721
97,sensor_11,3,0.015855526315789622
97,sensor_11,4,0.008299999999999787
97,sensor_11,5,0.020015526315789563
97,sensor_11,6,0.011846315789473797
97,sensor_11,7,0.007247105263158031
97,sensor_11,8,0.011125000000000232
97,sensor_11,9,0.014445000000000234
97,sensor_11,10,0.022214761904761474
97,sensor_12,1,0.10591904761906061
97,sensor_12,2,0.08691026315790354
97,sensor_12,3,0.05347868421052229
97,sensor_12,4,0.07395789473683263
97,sensor_12,5,0.11705552631577787
97,sensor_12,6,0.11475236842105092
97,sensor_12,7,0.09349578947370216
97,sensor_12,8,0.13628526315789147
97,sensor_12,9,0.08560921052632266
97,sensor_12,10,0.17739619047621263
97,sensor_13,1,0.001603333333347716
97,sensor_13,2,0.0011923684210518575
97,sensor_13,3,0.0008957894736861773
97,sensor_13,4,0.0003081578947382051
97,sensor_13,5,0.00085789473684158
97,sensor_13,6,0.0016976315789441663
97,sensor_13,7,0.000748421052632243
97,sensor_13,8,0.0008589473684243299
97,sensor_13,9,0.0011210526315798424
97,sensor_13,10,0.0013833333333398059
97,sensor_14,1,12.860030000001107
97,sensor_14,2,12.724910263155504
97,sensor_14,3,15.337108157894539
97,sensor_14,4,7.255118684209815
97,sensor_14,5,5.662615789473004
97,sensor_14,6,10.987594473685744
97,sensor_14,7,17.498909473686304
97,sensor_14,8,56.014627368424605
97,sensor_14,9,111.23442394737786
97,sensor_14,10,339.5685528571087
97,sensor_15,1,0.00027101800000000123
97,sensor_15,2,0.00028827944736842796
97,sensor_15,3,0.00040539671052632656
97,sensor_15,4,0.0003680530526315906
97,sensor_15,5,0.0003023746052631554
97,sensor_15,6,0.0003747637894736789
97,sensor_15,7,0.0003496615526315787
97,sensor_15,8,0.000595058815789483
97,sensor_15,9,0.00020832326315789554
97,sensor_15,10,0.0010003855714285814
97,sensor_16,1,0.0
97,sensor_16,2,0.0
97,sensor_16,3,0.0
97,sensor_16,4,0.0
97,sensor_16,5,0.0
97,sensor_16,6,0.0
97,sensor_16,7,0.0
97,sensor_16,8,0.0
97,sensor_16,9,0.0
97,sensor_16,10,0.0
97,sensor_17,1,0.661904761904753
97,sensor_17,2,0.6210526315789463
97,sensor_17,3,0.8289473684210665
97,sensor_17,4,0.9368421052631609
97,sensor_17,5,0.723684210526312
97,sensor_17,6,0.765789473684212
97,sensor_17,7,0.8710526315789706
97,sensor_17,8,0.3657894736841915
97,sensor_17,9,1.1868421052631901
97,sensor_17,10,1.99047619047615
97,sensor_18,1,0.0
97,sensor_18,2,0.0
97,sensor_18,3,0.0
97,sensor_18,4,0.0
97,sensor_18,5,0.0
97,sensor_18,6,0.0
97,sensor_18,7,0.0
97,sensor_18,8,0.0
97,sensor_18,9,0.0
97,sensor_18,10,0.0
97,sensor_19,1,0.0
97,sensor_19,2,0.0
97,sensor_19,3,0.0
97,sensor_19,4,0.0
97,sensor_19,5,0.0
97,sensor_19,6,0.0
97,sensor_19,7,0.0
97,sensor_19,8,0.0
97,sensor_19,9,0.0
97,sensor_19,10,0.0
97,sensor_20,1,0.012819047619047568
97,sensor_20,2,0.011422105263157728
97,sensor_20,3,0.007030263157894842
97,sensor_20,4,0.013068421052631415
97,sensor_20,5,0.007693421052631583
97,sensor_20,6,0.00972921052631585
97,sensor_20,7,0.014993684210525996
97,sensor_20,8,0.014798947368421578
97,sensor_20,9,0.013855526315789422
97,sensor_20,10,0.01883619047618936
97,sensor_21,1,0.0025539565714285993
97,sensor_21,2,0.004471222394736805
97,sensor_21,3,0.00272273063157892
97,sensor_21,4,0.003318532499999941
97,sensor_21,5,0.0031522402894736627
97,sensor_21,6,0.00234318449999998
97,sensor_21,7,0.0017833435789473605
97,sensor_21,8,0.0031581266052631753
97,sensor_21,9,0.003907657368421152
97,sensor_21,10,0.006763257904761769
98,setting_1,1,4.512958333333332e-06
98,setting_1,2,4.069625e-06
98,setting_1,3,4.506952380952381e-06
98,setting_1,4,5.200625e-06
98,setting_1,5,3.54495238095238e-06
98,setting_1,6,1.9029583333333333e-06
98,setting_1,7,7.326952380952381e-06
98,setting_1,8,5.0916250000000006e-06
98,setting_1,9,2.199523809523809e-06
98,setting_1,10,8.673166666666665e-06
98,setting_2,1,6.999999999999999e-08
98,setting_2,2,6.066666666666665e-08
98,setting_2,3,7.028571428571429e-08
98,setting_2,4,3.983333333333333e-08
98,setting_2,5,8.095238095238093e-08
98,setting_2,6,8.329166666666665e-08
98,setting_2,7,7.571428571428572e-08
98,setting_2,8,1.225e-07
98,setting_2,9,5.8095238095238096e-08
98,setting_2,10,8.295833333333335e-08
98,setting_3,1,0.0
98,setting_3,2,0.0
98,setting_3,3,0.0
98,setting_3,4,0.0
98,setting_3,5,0.0
98,setting_3,6,0.0
98,setting_3,7,0.0
98,setting_3,8,0.0
98,setting_3,9,0.0
98,setting_3,10,0.0
98,sensor_1,1,0.0
98,sensor_1,2,0.0
98,sensor_1,3,0.0
98,sensor_1,4,0.0
98,sensor_1,5,0.0
98,sensor_1,6,0.0
98,sensor_1,7,0.0
98,sensor_1,8,0.0
98,sensor_1,9,0.0
98,sensor_1,10,0.0
98,sensor_2,1,0.09103625000001216
98,sensor_2,2,0.06655333333333387
98,sensor_2,3,0.04746952380952688
98,sensor_2,4,0.03846958333333432
98,sensor_2,5,0.09045523809524499
98,sensor_2,6,0.10796624999998596
98,sensor_2,7,0.13317809523810292
98,sensor_2,8,0.25075291666667876
98,sensor_2,9,0.09528380952380631
98,sensor_2,10,0.16478499999998472
98,sensor_3,1,13.702819583333206
98,sensor_3,2,21.177078333333306
98,sensor_3,3,21.35503523809548
98,sensor_3,4,16.920819999999917
98,sensor_3,5,18.7652828571428
98,sensor_3,6,18.391922916666676
98,sensor_3,7,24.153706666666896
98,sensor_3,8,5.931779999999944
98,sensor_3,9,6.050197142856978
98,sensor_3,10,22.843092916665924
98,sensor_4,1,13.901619583333282
98,sensor_4,2,21.71725624999988
98,sensor_4,3,23.5193742857144
98,sensor_4,4,24.973332916666703
98,sensor_4,5,10.695025714285723
98,sensor_4,6,25.18341333333351
98,sensor_4,7,13.572397142857087
98,sensor_4,8,13.31698499999966
98,sensor_4,9,15.895692380952552
98,sensor_4,10,19.057082916666598
98,sensor_5,1,0.0
98,sensor_5,2,0.0
98,sensor_5,3,0.0
98,sensor_5,4,0.0
98,sensor_5,5,0.0
98,sensor_5,6,0.0
98,sensor_5,7,0.0
98,sensor_5,8,0.0
98,sensor_5,9,0.0
98,sensor_5,10,0.0
98,sensor_6,1,0.0
98,sensor_6,2,0.0
98,sensor_6,3,1.238095238094566e-05
98,sensor_6,4,0.0
98,sensor_6,5,6.666666666664502e-06
98,sensor_6,6,0.0
98,sensor_6,7,0.0
98,sensor_6,8,0.0
98,sensor_6,9,0.0
98,sensor_6,10,0.0
98,sensor_7,1,0.5107183333333444
98,sensor_7,2,0.1626266666666694
98,sensor_7,3,0.18194952380952625
98,sensor_7,4,0.1736829166666655
98,sensor_7,5,0.14813523809524604
98,sensor_7,6,0.15789333333333563
98,sensor_7,7,0.1653380952380757
98,sensor_7,8,0.22926624999999642
98,sensor_7,9,0.11130666666668824
98,sensor_7,10,0.1337183333333351
98,sensor_8,1,0.0013429166666716738
98,sensor_8,2,0.0007229166666666197
98,sensor_8,3,0.0013352380952362764
98,sensor_8,4,0.0009429166666667092
98,sensor_8,5,0.0005171428571523219
98,sensor_8,6,0.0010362500000003208
98,sensor_8,7,0.0008999999999946171
98,sensor_8,8,0.0008129166666713995
98,sensor_8,9,0.0010114285714309702
98,sensor_8,10,0.0010395833333333147
98,sensor_9,1,11.498019583333862
98,sensor_9,2,25.01877166666437
98,sensor_9,3,18.295795238095344
98,sensor_9,4,21.248716250003813
98,sensor_9,5,44.76304285714315
98,sensor_9,6,18.43899833333354
98,sensor_9,7,18.55200666665986
98,sensor_9,8,18.318022916665917
98,sensor_9,9,18.20396952381063
98,sensor_9,10,24.23287833333305
98,sensor_10,1,0.0
98,sensor_10,2,0.0
98,sensor_10,3,0.0
98,sensor_10,4,0.0
98,sensor_10,5,0.0
98,sensor_10,6,0.0
98,sensor_10,7,0.0
98,sensor_10,8,0.0
98,sensor_10,9,0.0
98,sensor_10,10,0.0
98,sensor_11,1,0.013846250000000025
98,sensor_11,2,0.00939291666666679
98,sensor_11,3,0.020855238095238194
98,sensor_11,4,0.009225000000000066
98,sensor_11,5,0.012892380952381686
98,sensor_11,6,0.010291666666666558
98,sensor_11,7,0.017449523809523748
98,sensor_11,8,0.007146666666666545
98,sensor_11,9,0.01504952380952443
98,sensor_11,10,0.018926666666666828
98,sensor_12,1,0.0906250000000132
98,sensor_12,2,0.07163333333333413
98,sensor_12,3,0.12912857142857811
98,sensor_12,4,0.09665958333332965
98,sensor_12,5,0.09590285714284882
98,sensor_12,6,0.10313333333334597
98,sensor_12,7,0.1273409523809511
98,sensor_12,8,0.09550666666666613
98,sensor_12,9,0.08892666666669391
98,sensor_12,10,0.12886958333334209
98,sensor_13,1,0.0017450000000101028
98,sensor_13,2,0.0005629166666633396
98,sensor_13,3,0.0009495238095260138
98,sensor_13,4,0.0010462499999981324
98,sensor_13,5,0.0004380952380981079
98,sensor_13,6,0.0004116666666624194
98,sensor_13,7,0.001397142857136813
98,sensor_13,8,0.0009050000000028767
98,sensor_13,9,0.0016838095238092198
98,sensor_13,10,0.0016362499999997488
98,sensor_14,1,6.457225000000247
98,sensor_14,2,9.087766250000433
98,sensor_14,3,10.76945714285763
98,sensor_14,4,12.378956250001732
98,sensor_14,5,8.227526666666277
98,sensor_14,6,7.679464999999977
98,sensor_14,7,4.819874285712946
98,sensor_14,8,9.301499999999654
98,sensor_14,9,16.09946952381072
98,sensor_14,10,22.581825000001633
98,sensor_15,1,0.0005051905000000005
98,sensor_15,2,0.0003780249583333358
98,sensor_15,3,0.00026813885714284874
98,sensor_15,4,0.0002578180000000048
98,sensor_15,5,0.0003797720952381003
98,sensor_15,6,0.0003596033333333526
98,sensor_15,7,0.00022660123809523062
98,sensor_15,8,0.0005204446666666304
98,sensor_15,9,0.0006123663809523846
98,sensor_15,10,0.00025006762499999027
98,sensor_16,1,0.0
98,sensor_16,2,0.0
98,sensor_16,3,0.0
98,sensor_16,4,0.0
98,sensor_16,5,0.0
98,sensor_16,6,0.0
98,sensor_16,7,0.0
98,sensor_16,8,0.0
98,sensor_16,9,0.0
98,sensor_16,10,0.0
98,sensor_17,1,0.5166666666666683
98,sensor_17,2,1.029166666666661
98,sensor_17,3,0.28571428571428054
98,sensor_17,4,1.0958333333333157
98,sensor_17,5,0.7428571428571298
98,sensor_17,6,0.7333333333333389
98,sensor_17,7,0.9809523809523648
98,sensor_17,8,0.5291666666666713
98,sensor_17,9,0.5999999999999988
98,sensor_17,10,0.9958333333333126
98,sensor_18,1,0.0
98,sensor_18,2,0.0
98,sensor_18,3,0.0
98,sensor_18,4,0.0
98,sensor_18,5,0.0
98,sensor_18,6,0.0
98,sensor_18,7,0.0
98,sensor_18,8,0.0
98,sensor_18,9,0.0
98,sensor_18,10,0.0
98,sensor_19,1,0.0
98,sensor_19,2,0.0
98,sensor_19,3,0.0
98,sensor_19,4,0.0
98,sensor_19,5,0.0
98,sensor_19,6,0.0
98,sensor_19,7,0.0
98,sensor_19,8,0.0
98,sensor_19,9,0.0
98,sensor_19,10,0.0
98,sensor_20,1,0.010509583333333206
98,sensor_20,2,0.008922916666666537
98,sensor_20,3,0.009554285714285838
98,sensor_20,4,0.010824999999999946
98,sensor_20,5,0.011326666666666537
98,sensor_20,6,0.011211666666666543
98,sensor_20,7,0.013920952380952275
98,sensor_20,8,0.011086666666666982
98,sensor_20,9,0.006278095238095298
98,sensor_20,10,0.013149583333333513
98,sensor_21,1,0.003992417166666717
98,sensor_21,2,0.00276488829166659
98,sensor_21,3,0.002209528857142874
98,sensor_21,4,0.007824969333333343
98,sensor_21,5,0.002142109809523758
98,sensor_21,6,0.005048477333333327
98,sensor_21,7,0.0029909702857143046
98,sensor_21,8,0.0030912986666665775
98,sensor_21,9,0.0036822968571428353
98,sensor_21,10,0.003904516291666479
99,setting_1,1,3.511754385964912e-06
99,setting_1,2,1.6240849673202615e-06
99,setting_1,3,4.418421052631579e-06
99,setting_1,4,2.24735294117647e-06
99,setting_1,5,6.5895321637426896e-06
99,setting_1,6,5.839084967320263e-06
99,setting_1,7,3.4720261437908497e-06
99,setting_1,8,6.989532163742691e-06
99,setting_1,9,6.13702614379085e-06
99,setting_1,10,3.883567251461988e-06
99,setting_2,1,1.2000000000000002e-07
99,setting_2,2,1.0261437908496734e-07
99,setting_2,3,8.719298245614035e-08
99,setting_2,4,5.1241830065359486e-08
99,setting_2,5,6.912280701754387e-08
99,setting_2,6,4.604575163398693e-08
99,setting_2,7,6.496732026143792e-08
99,setting_2,8,5.3684210526315794e-08
99,setting_2,9,6.104575163398693e-08
99,setting_2,10,9.31578947368421e-08
99,setting_3,1,0.0
99,setting_3,2,0.0
99,setting_3,3,0.0
99,setting_3,4,0.0
99,setting_3,5,0.0
99,setting_3,6,0.0
99,setting_3,7,0.0
99,setting_3,8,0.0
99,setting_3,9,0.0
99,setting_3,10,0.0
99,sensor_1,1,0.0
99,sensor_1,2,0.0
99,sensor_1,3,0.0
99,sensor_1,4,0.0
99,sensor_1,5,0.0
99,sensor_1,6,0.0
99,sensor_1,7,0.0
99,sensor_1,8,0.0
99,sensor_1,9,0.0
99,sensor_1,10,0.0
99,sensor_2,1,0.16328771929825805
99,sensor_2,2,0.06514771241830275
99,sensor_2,3,0.08539824561403914
99,sensor_2,4,0.07732026143790936
99,sensor_2,5,0.08567309941520712
99,sensor_2,6,0.07762908496732021
99,sensor_2,7,0.1027441176470617
99,sensor_2,8,0.07087017543859703
99,sensor_2,9,0.09735947712417803
99,sensor_2,10,0.09325847953216236
99,sensor_3,1,7.801438596491768
99,sensor_3,2,16.48375065359451
99,sensor_3,3,9.704059649122664
99,sensor_3,4,25.24421830065381
99,sensor_3,5,14.44335847953205
99,sensor_3,6,15.036958496732126
99,sensor_3,7,9.738273529411844
99,sensor_3,8,8.415331578947402
99,sensor_3,9,14.713735947712355
99,sensor_3,10,32.34319122807004
99,sensor_4,1,26.148647368421894
99,sensor_4,2,11.822917647058679
99,sensor_4,3,14.274171929824583
99,sensor_4,4,19.316738888888985
99,sensor_4,5,15.798081871344822
99,sensor_4,6,17.151120588235553
99,sensor_4,7,17.316626143791446
99,sensor_4,8,17.828949707602305
99,sensor_4,9,29.358779084967924
99,sensor_4,10,34.894457894738906
99,sensor_5,1,0.0
99,sensor_5,2,0.0
99,sensor_5,3,0.0
99,sensor_5,4,0.0
99,sensor_5,5,0.0
99,sensor_5,6,0.0
99,sensor_5,7,0.0
99,sensor_5,8,0.0
99,sensor_5,9,0.0
99,sensor_5,10,0.0
99,sensor_6,1,5.263157894736277e-06
99,sensor_6,2,0.0
99,sensor_6,3,5.2631578947357445e-06
99,sensor_6,4,0.0
99,sensor_6,5,0.0
99,sensor_6,6,0.0
99,sensor_6,7,0.0
99,sensor_6,8,0.0
99,sensor_6,9,0.0
99,sensor_6,10,0.0
99,sensor_7,1,0.11170994152046251
99,sensor_7,2,0.2665908496731909
99,sensor_7,3,0.18831520467838783
99,sensor_7,4,0.24129411764704412
99,sensor_7,5,0.15221345029236477
99,sensor_7,6,0.10564705882351444
99,sensor_7,7,0.07740261437909585
99,sensor_7,8,0.2573432748538085
99,sensor_7,9,0.17280555555552493
99,sensor_7,10,0.2442730994152127
99,sensor_8,1,0.0008561403508751347
99,sensor_8,2,0.0011529411764719096
99,sensor_8,3,0.0013707602339117755
99,sensor_8,4,0.0011794117647015673
99,sensor_8,5,0.0017274853801157045
99,sensor_8,6,0.0014575163398608615
99,sensor_8,7,0.0009320261437910583
99,sensor_8,8,0.001545029239768957
99,sensor_8,9,0.0008653594771269044
99,sensor_8,10,0.0012368421052693984
99,sensor_9,1,14.577194152048403
99,sensor_9,2,10.495011764705843
99,sensor_9,3,13.609858479535438
99,sensor_9,4,12.202096732025801
99,sensor_9,5,20.41743742690028
99,sensor_9,6,12.645883986930054
99,sensor_9,7,19.651048692808615
99,sensor_9,8,13.63278947368256
99,sensor_9,9,21.06071928104817
99,sensor_9,10,20.366702339176086
99,sensor_10,1,0.0
99,sensor_10,2,0.0
99,sensor_10,3,0.0
99,sensor_10,4,0.0
99,sensor_10,5,0.0
99,sensor_10,6,0.0
99,sensor_10,7,0.0
99,sensor_10,8,0.0
99,sensor_10,9,0.0
99,sensor_10,10,0.0
99,sensor_11,1,0.009758479532163725
99,sensor_11,2,0.015332026143791373
99,sensor_11,3,0.010549707602339538
99,sensor_11,4,0.011743790849673287
99,sensor_11,5,0.005076608187134713
99,sensor_11,6,0.0102588235294117
99,sensor_11,7,0.016684967320261777
99,sensor_11,8,0.012604093567251463
99,sensor_11,9,0.007747712418300756
99,sensor_11,10,0.023359649122805574
99,sensor_12,1,0.12216900584794375
99,sensor_12,2,0.07788104575163507
99,sensor_12,3,0.1518561403508934
99,sensor_12,4,0.054311437908485645
99,sensor_12,5,0.05412631578947521
99,sensor_12,6,0.12132026143792943
99,sensor_12,7,0.06016470588236141
99,sensor_12,8,0.07214970760234861
99,sensor_12,9,0.11890065359477159
99,sensor_12,10,0.15986959064329062
99,sensor_13,1,0.0006888888888919588
99,sensor_13,2,0.0011088235294108785
99,sensor_13,3,0.0006450292397686722
99,sensor_13,4,0.0004705882352928476
99,sensor_13,5,0.0005923976608161564
99,sensor_13,6,0.0011908496732112432
99,sensor_13,7,0.00040653594771558035
99,sensor_13,8,0.0013368421052635847
99,sensor_13,9,0.0012408496732007246
99,sensor_13,10,0.001532163742680842
99,sensor_14,1,13.30746666666714
99,sensor_14,2,7.197105882352823
99,sensor_14,3,5.095202339180622
99,sensor_14,4,18.409764705882953
99,sensor_14,5,11.80514678362578
99,sensor_14,6,11.646179411764999
99,sensor_14,7,15.419915359479475
99,sensor_14,8,7.692595321636558
99,sensor_14,9,10.284967320261105
99,sensor_14,10,13.411631578947079
99,sensor_15,1,0.00046935245614036195
99,sensor_15,2,0.0004328970261437917
99,sensor_15,3,0.0002845681871345066
99,sensor_15,4,0.0003681864379085067
99,sensor_15,5,0.00025992005847951904
99,sensor_15,6,0.0005401202941176411
99,sensor_15,7,0.0005280741176470506
99,sensor_15,8,0.0004897102923976405
99,sensor_15,9,0.0006413566339869607
99,sensor_15,10,0.0006171577777777808
99,sensor_16,1,0.0
99,sensor_16,2,0.0
99,sensor_16,3,0.0
99,sensor_16,4,0.0
99,sensor_16,5,0.0
99,sensor_16,6,0.0
99,sensor_16,7,0.0
99,sensor_16,8,0.0
99,sensor_16,9,0.0
99,sensor_16,10,0.0
99,sensor_17,1,0.8888888888888784
99,sensor_17,2,0.6928104575163667
99,sensor_17,3,0.5847953216374289
99,sensor_17,4,0.9411764705882507
99,sensor_17,5,0.5789473684210661
99,sensor_17,6,1.5294117647058707
99,sensor_17,7,1.2712418300653332
99,sensor_17,8,0.7309941520467942
99,sensor_17,9,0.9673202614379105
99,sensor_17,10,1.5964912280701604
99,sensor_18,1,0.0
99,sensor_18,2,0.0
99,sensor_18,3,0.0
99,sensor_18,4,0.0
99,sensor_18,5,0.0
99,sensor_18,6,0.0
99,sensor_18,7,0.0
99,sensor_18,8,0.0
99,sensor_18,9,0.0
99,sensor_18,10,0.0
99,sensor_19,1,0.0
99,sensor_19,2,0.0
99,sensor_19,3,0.0
99,sensor_19,4,0.0
99,sensor_19,5,0.0
99,sensor_19,6,0.0
99,sensor_19,7,0.0
99,sensor_19,8,0.0
99,sensor_19,9,0.0
99,sensor_19,10,0.0
99,sensor_20,1,0.007076023391812754
99,sensor_20,2,0.01009281045751624
99,sensor_20,3,0.00841461988304077
99,sensor_20,4,0.011691830065359402
99,sensor_20,5,0.015665497076023414
99,sensor_20,6,0.008374183006535484
99,sensor_20,7,0.009379084967320412
99,sensor_20,8,0.00979824561403479
99,sensor_20,9,0.01572320261437899
99,sensor_20,10,0.008692982456140329
99,sensor_21,1,0.0020990770760234002
99,sensor_21,2,0.002925780947712519
99,sensor_21,3,0.004842912046783636
99,sensor_21,4,0.0025117235294117688
99,sensor_21,5,0.004329232631578947
99,sensor_21,6,0.004160515457516349
99,sensor_21,7,0.0020693272222222204
99,sensor_21,8,0.005866734269005824
99,sensor_21,9,0.0038086681045752346
99,sensor_21,10,0.007761975964912415
100,setting_1,1,6.1498947368421055e-06
100,setting_1,2,2.989973684210526e-06
100,setting_1,3,6.834842105263157e-06
100,setting_1,4,3.1062105263157894e-06
100,setting_1,5,6.656842105263159e-06
100,setting_1,6,4.89842105263158e-06
100,setting_1,7,5.190947368421051e-06
100,setting_1,8,4.411026315789474e-06
100,setting_1,9,4.798394736842104e-06
100,setting_1,10,2.381342105263158e-06
100,setting_2,1,1.0789473684210528e-07
100,setting_2,2,9.776315789473685e-08
100,setting_2,3,1.0765789473684211e-07
100,setting_2,4,1.0239473684210527e-07
100,setting_2,5,8.260526315789474e-08
100,setting_2,6,6.684210526315788e-08
100,setting_2,7,8.828947368421056e-08
100,setting_2,8,7.105263157894738e-08
100,setting_2,9,1.0407894736842106e-07
100,setting_2,10,9.063157894736841e-08
100,setting_3,1,0.0
100,setting_3,2,0.0
100,setting_3,3,0.0
100,setting_3,4,0.0
100,setting_3,5,0.0
100,setting_3,6,0.0
100,setting_3,7,0.0
100,setting_3,8,0.0
100,setting_3,9,0.0
100,setting_3,10,0.0
100,sensor_1,1,0.0
100,sensor_1,2,0.0
100,sensor_1,3,0.0
100,sensor_1,4,0.0
100,sensor_1,5,0.0
100,sensor_1,6,0.0
100,sensor_1,7,0.0
100,sensor_1,8,0.0
100,sensor_1,9,0.0
100,sensor_1,10,0.0
100,sensor_2,1,0.14230947368420557
100,sensor_2,2,0.0901094736842215
100,sensor_2,3,0.11166815789470089
100,sensor_2,4,0.100630263157895
100,sensor_2,5,0.0870115789473735
100,sensor_2,6,0.13972921052632145
100,sensor_2,7,0.15084500000000614
100,sensor_2,8,0.07002526315788496
100,sensor_2,9,0.06626184210527536
100,sensor_2,10,0.07243052631579286
100,sensor_3,1,8.456234473684097
100,sensor_3,2,9.582592368420823
100,sensor_3,3,15.92881552631585
100,sensor_3,4,11.222457631579188
100,sensor_3,5,14.622501052631856
100,sensor_3,6,9.84357131578941
100,sensor_3,7,21.719564210526396
100,sensor_3,8,16.917078684210395
100,sensor_3,9,11.614074736841875
100,sensor_3,10,17.16708710526306
100,sensor_4,1,11.689377631578928
100,sensor_4,2,17.292162105263355
100,sensor_4,3,19.171456842105922
100,sensor_4,4,15.241810526315778
100,sensor_4,5,13.286172631578557
100,sensor_4,6,14.254753684210854
100,sensor_4,7,8.019956842104996
100,sensor_4,8,25.57271999999935
100,sensor_4,9,22.0765460526311
100,sensor_4,10,25.008400000000126
100,sensor_5,1,0.0
100,sensor_5,2,0.0
100,sensor_5,3,0.0
100,sensor_5,4,0.0
100,sensor_5,5,0.0
100,sensor_5,6,0.0
100,sensor_5,7,0.0
100,sensor_5,8,0.0
100,sensor_5,9,0.0
100,sensor_5,10,0.0
100,sensor_6,1,5.000000000002333e-06
100,sensor_6,2,0.0
100,sensor_6,3,4.9999999999985715e-06
100,sensor_6,4,0.0
100,sensor_6,5,0.0
100,sensor_6,6,0.0
100,sensor_6,7,0.0
100,sensor_6,8,0.0
100,sensor_6,9,0.0
100,sensor_6,10,0.0
100,sensor_7,1,0.12311026315789099
100,sensor_7,2,0.23654184210525572
100,sensor_7,3,0.2511460526315706
100,sensor_7,4,0.25951473684207377
100,sensor_7,5,0.12392499999998119
100,sensor_7,6,0.15345552631580714
100,sensor_7,7,0.14253131578948344
100,sensor_7,8,0.12220526315787018
100,sensor_7,9,0.15793131578947678
100,sensor_7,10,0.2562263157894719
100,sensor_8,1,0.0006831578947363023
100,sensor_8,2,0.0010871052631593109
100,sensor_8,3,0.000758947368421566
100,sensor_8,4,0.0005947368421065842
100,sensor_8,5,0.0009221052631599116
100,sensor_8,6,0.0006576315789487131
100,sensor_8,7,0.0011944736842157738
100,sensor_8,8,0.0013734210526224332
100,sensor_8,9,0.0012555263157818502
100,sensor_8,10,0.0011292105263132485
100,sensor_9,1,19.597893684216334
100,sensor_9,2,23.91719052631685
100,sensor_9,3,20.75142605263251
100,sensor_9,4,16.22627657894576
100,sensor_9,5,17.651801052634116
100,sensor_9,6,11.54066184210446
100,sensor_9,7,12.293746315791513
100,sensor_9,8,21.579341842104395
100,sensor_9,9,26.918350263156785
100,sensor_9,10,9.58013973684322
100,sensor_10,1,0.0
100,sensor_10,2,0.0
100,sensor_10,3,0.0
100,sensor_10,4,0.0
100,sensor_10,5,0.0
100,sensor_10,6,0.0
100,sensor_10,7,0.0
100,sensor_10,8,0.0
100,sensor_10,9,0.0
100,sensor_10,10,0.0
100,sensor_11,1,0.0071115789473683855
100,sensor_11,2,0.006253684210526256
100,sensor_11,3,0.009826052631578722
100,sensor_11,4,0.007801052631579061
100,sensor_11,5,0.011592368421052499
100,sensor_11,6,0.01584210526315819
100,sensor_11,7,0.0088905263157899
100,sensor_11,8,0.013514736842105895
100,sensor_11,9,0.014708157894736939
100,sensor_11,10,0.024131315789473397
100,sensor_12,1,0.047877894736834646
100,sensor_12,2,0.051777631578942745
100,sensor_12,3,0.07858526315787837
100,sensor_12,4,0.0752852631578937
100,sensor_12,5,0.12615684210524908
100,sensor_12,6,0.1163252631578908
100,sensor_12,7,0.04310815789472845
100,sensor_12,8,0.10345552631578926
100,sensor_12,9,0.16002526315788576
100,sensor_12,10,0.19336289473684265
100,sensor_13,1,0.0012273684210507567
100,sensor_13,2,0.000781842105260982
100,sensor_13,3,0.0010642105263194196
100,sensor_13,4,0.0005115789473711213
100,sensor_13,5,0.0007039473684200112
100,sensor_13,6,0.0006305263157877905
100,sensor_13,7,0.00127868421051802
100,sensor_13,8,0.0006660526315757489
100,sensor_13,9,0.000714736842106811
100,sensor_13,10,0.0007378947368469677
100,sensor_14,1,9.93674605263098
100,sensor_14,2,7.778990526317404
100,sensor_14,3,8.507295789473545
100,sensor_14,4,9.707552368422208
100,sensor_14,5,9.349656842104071
100,sensor_14,6,15.45435789473801
100,sensor_14,7,12.867320789474388
100,sensor_14,8,14.890778947369073
100,sensor_14,9,9.009816842104412
100,sensor_14,10,4.966287105263841
100,sensor_15,1,0.0004225611578947424
100,sensor_15,2,0.00034574555263157814
100,sensor_15,3,0.0004880888421052496
100,sensor_15,4,0.0004936146315789445
100,sensor_15,5,0.0003598223947368441
100,sensor_15,6,0.00020582484210526355
100,sensor_15,7,0.0004491637894736866
100,sensor_15,8,0.0003499848421052602
100,sensor_15,9,0.0005748693421052363
100,sensor_15,10,0.0007154951578947058
100,sensor_16,1,0.0
100,sensor_16,2,0.0
100,sensor_16,3,0.0
100,sensor_16,4,0.0
100,sensor_16,5,0.0
100,sensor_16,6,0.0
100,sensor_16,7,0.0
100,sensor_16,8,0.0
100,sensor_16,9,0.0
100,sensor_16,10,0.0
100,sensor_17,1,0.6842105263157818
100,sensor_17,2,1.3131578947368423
100,sensor_17,3,0.5763157894736907
100,sensor_17,4,1.4631578947368191
100,sensor_17,5,0.936842105263145
100,sensor_17,6,0.7868421052631593
100,sensor_17,7,0.7868421052631461
100,sensor_17,8,0.8315789473684218
100,sensor_17,9,0.8710526315789417
100,sensor_17,10,1.5368421052631684
100,sensor_18,1,0.0
100,sensor_18,2,0.0
100,sensor_18,3,0.0
100,sensor_18,4,0.0
100,sensor_18,5,0.0
100,sensor_18,6,0.0
100,sensor_18,7,0.0
100,sensor_18,8,0.0
100,sensor_18,9,0.0
100,sensor_18,10,0.0
100,sensor_19,1,0.0
100,sensor_19,2,0.0
100,sensor_19,3,0.0
100,sensor_19,4,0.0
100,sensor_19,5,0.0
100,sensor_19,6,0.0
100,sensor_19,7,0.0
100,sensor_19,8,0.0
100,sensor_19,9,0.0
100,sensor_19,10,0.0
100,sensor_20,1,0.01249368421052618
100,sensor_20,2,0.00710394736842096
100,sensor_20,3,0.007381842105262953
100,sensor_20,4,0.008720789473683967
100,sensor_20,5,0.01824078947368422
100,sensor_20,6,0.015420000000000135
100,sensor_20,7,0.008202894736842423
100,sensor_20,8,0.013430526315789509
100,sensor_20,9,0.016844999999999912
100,sensor_20,10,0.016026315789473878
100,sensor_21,1,0.00860597799999992
100,sensor_21,2,0.002462465763157925
100,sensor_21,3,0.0030482282894735186
100,sensor_21,4,0.005123034631578957
100,sensor_21,5,0.0032236668157894313
100,sensor_21,6,0.00363477776315777
100,sensor_21,7,0.0023252277894737477
100,sensor_21,8,0.004809525552631594
100,sensor_21,9,0.004539976210526382
100,sensor_21,10,0.005836926947368394
